UtilityName,StateName,CountyName,CityName,AvgCustomersTracked,MaxCustomersOut,CustomerHoursOutTotal,CustomerHoursTrackedTotal,RecordYear,RecordMonth
Central Maine Power,Maine,Somerset,Norridgewock,1783,1996,17453.16,973502.69,2023,9
Central Maine Power,Maine,Androscoggin,Bowdoin,14,16,0.0,10612.27,2023,8
Central Maine Power,Maine,Sagadahoc,Phippsburg,2101,2146,2791.15,1513002.26,2023,4
Central Maine Power,Maine,Penobscot,Newburgh,62,121,689.82,46128.0,2019,10
Versant Power,Maine,Aroostook,Td R2 Wels,13,22,216.78,9672.0,2020,12
Central Maine Power,Maine,Piscataquis,Dover-foxcroft,2661,4158,3378.87,1980462.13,2020,5
Versant Power,Maine,Unknown,"T9, R3, 4,5,7",17,50,157.83,12366.33,2017,10
Versant Power,Maine,Aroostook,Frenchville,621,1085,26040.0,462024.0,2017,12
Versant Power,Maine,Penobscot,Lincoln,3390,11480,86576.58,2522508.92,2022,12
Central Maine Power,Maine,Somerset,Caratunk Plantation,182,183,628.63,135456.12,2023,5
Versant Power,Maine,Penobscot,Bangor,10632,12960,114843.6,7655039.11,2019,11
Central Maine Power,Maine,Kennebec,Belgrade,2527,5949,82313.74,1880094.93,2017,10
Central Maine Power,Maine,Penobscot,Dexter,2275,2841,30750.16,1693326.48,2017,10
Versant Power,Maine,Aroostook,New Canada,137,250,164.31,101928.0,2018,7
Versant Power,Maine,Unknown,Cedar Lake Twp,67,201,2851.43,48240.0,2019,11
Versant Power,Maine,Penobscot,Clifton,543,995,2120.37,404331.98,2020,7
Central Maine Power,Maine,York,Dayton,942,974,11357.46,701201.15,2019,10
Versant Power,Maine,Washington,Bucks Harbor,82,160,426.69,61008.0,2019,7
Central Maine Power,Maine,Somerset,Tomhegan,184,906,14861.24,137287.98,2020,12
Central Maine Power,Maine,Franklin,Livermore,3,6,7.5,654.46,2020,12
Central Maine Power,Maine,Somerset,Solon,691,1390,24193.5,514482.66,2017,10
Versant Power,Maine,Unknown,Ornville Twp,148,150,1383.21,110111.48,2018,10
Central Maine Power,Maine,Waldo,Freedom,414,787,4346.46,308363.64,2022,12
Central Maine Power,Maine,Oxford,Lincoln Plantation,89,438,6472.71,64080.0,2019,11
Central Maine Power,Maine,Franklin,Stetsontown,71,144,120.98,53066.65,2022,7
Versant Power,Maine,Penobscot,East Millinocket,922,1089,16436.9,664293.34,2020,4
Central Maine Power,Maine,Franklin,Weld,631,1058,5820.04,469817.32,2022,12
Central Maine Power,Maine,York,Lyman,2251,3364,10422.55,1675270.66,2018,5
Versant Power,Maine,Hancock,Osborn,40,41,17.18,29760.0,2021,8
Versant Power,Maine,Washington,Eastport,25,78,167.32,18972.0,2017,10
Central Maine Power,Maine,Piscataquis,Kingsbury Plantation,39,79,63.5,29016.0,2023,3
Versant Power,Maine,Washington,Pembroke,537,567,674.52,400216.94,2022,1
Central Maine Power,Maine,York,Lebanon,3232,12725,91433.91,2405024.35,2020,8
Eastern Maine Power Cooperative,Maine,Aroostook,Amity,48,49,24.17,34560.0,2022,4
Versant Power,Maine,Penobscot,Mattawamkeag,157,435,298.5,115595.67,2017,10
Versant Power,Maine,Penobscot,Howland,677,781,2272.45,503716.28,2018,10
Central Maine Power,Maine,Oxford,Albany,361,532,3083.35,268737.98,2020,8
Central Maine Power,Maine,Cumberland,Frye Island,568,685,1083.89,409249.28,2021,9
Central Maine Power,Maine,Oxford,Magalloway Plantation,74,239,1590.02,55056.0,2022,12
Central Maine Power,Maine,Franklin,Phillips,685,1116,11130.61,493594.49,2018,11
Versant Power,Maine,Hancock,Castine,1,4,47.83,501.49,2020,4
Central Maine Power,Maine,Somerset,Johnson Mountain,7,15,48.31,5280.65,2021,3
Central Maine Power,Maine,Kennebec,Sidney,2457,3452,17123.98,1828182.44,2022,12
Versant Power,Maine,Penobscot,Lowell,239,412,850.12,177816.0,2018,3
Central Maine Power,Maine,Cumberland,Pownal,798,1335,10313.13,593924.96,2020,8
Central Maine Power,Maine,Hancock,Castine,771,790,1072.35,555318.48,2020,9
Versant Power,Maine,Unknown,Township 8,61,1708,40992.0,40992.0,2018,2
Versant Power,Maine,Piscataquis,Orneville Twp,266,305,624.65,197904.0,2019,8
Versant Power,Maine,Washington,Addison,873,2345,25065.93,649667.9,2022,12
Versant Power,Maine,Washington,Whitneyville,6,14,77.16,3933.0,2017,10
Versant Power,Maine,Washington,Lubec,1280,1286,3859.5,921901.66,2017,11
Versant Power,Maine,Hancock,Trenton,1090,1426,4552.0,729868.68,2019,2
Central Maine Power,Maine,Franklin,Starks,1,6,54.99,744.0,2022,12
Versant Power,Maine,Hancock,Cranberry Isles,420,599,8181.44,312480.0,2023,3
Central Maine Power,Maine,Oxford,West Paris,942,2172,9581.6,701232.33,2018,1
Central Maine Power,Maine,Lincoln,South Bristol,1179,1534,17527.54,877712.45,2023,3
Central Maine Power,Maine,Cumberland,Sebago,1673,3059,25889.85,1204607.81,2018,4
Eastern Maine Power Cooperative,Maine,Aroostook,Merrill,68,214,693.53,38239.8,2023,9
Versant Power,Maine,Penobscot,Herseytown,14,434,10416.0,10416.0,2017,12
Central Maine Power,Maine,Hancock,Ellsworth,5,10,47.65,3600.0,2020,9
Central Maine Power,Maine,Piscataquis,Frenchtown,111,113,205.57,83020.99,2020,7
Central Maine Power,Maine,Somerset,Misery Gore,10,214,4887.66,7200.0,2017,11
Central Maine Power,Maine,Waldo,Unity,1111,2867,32647.16,826613.65,2017,10
Versant Power,Maine,Aroostook,Cross Lake Twp,311,383,659.22,230201.85,2023,5
Eastern Maine Power Cooperative,Maine,Washington,Topsfield,21,25,0.0,15181.62,2020,2
Versant Power,Maine,Unknown,"Squa Pan T11, R4,7,8",89,306,1118.0,64654.33,2017,10
Central Maine Power,Maine,Lincoln,Bristol,3035,3635,58384.35,2258222.16,2022,12
Versant Power,Maine,Hancock,Ellsworth,4756,7391,99764.94,3428787.92,2020,4
Central Maine Power,Maine,Franklin,Wilton,2300,2518,9142.0,1711509.85,2023,1
Versant Power,Maine,Hancock,West Tremont,222,535,7764.07,165168.0,2019,10
Central Maine Power,Maine,Waldo,Belmont,522,2330,37603.77,375839.98,2020,4
Central Maine Power,Maine,Penobscot,Glenburn,196,1032,20793.35,141120.0,2020,4
Central Maine Power,Maine,Knox,Owls Head,1274,1556,2629.19,948055.88,2020,8
Versant Power,Maine,Aroostook,Stockholm,168,679,8905.63,125659.07,2022,12
Versant Power,Maine,Aroostook,Westmanland,118,359,604.98,88300.83,2020,10
Central Maine Power,Maine,Franklin,New Vineyard,519,1261,20656.19,373820.67,2020,4
Versant Power,Maine,Aroostook,Stockholm,164,495,2566.45,118470.82,2018,11
Versant Power,Maine,Aroostook,T9 R5 Wels,2,6,29.34,1488.0,2022,12
Central Maine Power,Maine,Piscataquis,Shirley,214,712,2130.09,154307.84,2018,11
Versant Power,Maine,Aroostook,Nashville Plt,34,40,24.23,24480.0,2022,11
Versant Power,Maine,Hancock,Sunset,17,52,904.17,12240.0,2017,11
Central Maine Power,Maine,Somerset,Tomhegan,230,958,4123.75,171202.63,2021,3
Versant Power,Maine,Hancock,Brooklin,639,2593,4892.57,454342.5,2017,9
Versant Power,Maine,Aroostook,Woodland,647,854,1716.43,482012.51,2020,5
Central Maine Power,Maine,Franklin,Strong,752,932,2805.79,430132.32,2023,9
Central Maine Power,Maine,Oxford,Minot,3,7,65.81,2226.0,2022,12
Central Maine Power,Maine,Franklin,Perkins,17,18,29.99,12669.5,2019,7
Central Maine Power,Maine,Sagadahoc,West Bath,1342,3150,16543.24,934284.98,2020,2
Central Maine Power,Maine,Cumberland,Old Orchard Beach,1,2,5.19,140.15,2021,2
Central Maine Power,Maine,Androscoggin,Greene,2209,6344,89055.6,1644032.78,2020,12
Central Maine Power,Maine,Oxford,Andover,684,848,934.12,492932.94,2022,9
Central Maine Power,Maine,Kennebec,Benton,1392,3166,27163.94,1036114.5,2022,12
Central Maine Power,Maine,Oxford,Waterford,1546,2069,5049.66,1113722.66,2022,9
Versant Power,Maine,Penobscot,Garland,491,3226,51628.08,353763.6,2020,4
Versant Power,Maine,Hancock,Mariaville,444,1020,7604.62,254321.2,2023,9
Central Maine Power,Maine,Androscoggin,Livermore,1338,4175,36300.68,995821.37,2022,12
Central Maine Power,Maine,Somerset,Skowhegan,5173,9342,137733.76,3724579.76,2020,4
Central Maine Power,Maine,Oxford,Norway,3288,5056,40800.33,2446787.53,2020,8
Central Maine Power,Maine,Franklin,Kingfield,824,1594,12400.92,613056.0,2018,10
Central Maine Power,Maine,York,North Berwick,2556,2694,6258.68,1891929.45,2023,5
Versant Power,Maine,Hancock,Sullivan,944,1173,10217.92,525677.15,2023,9
Central Maine Power,Maine,Somerset,Rockwood Strip T1r1,11,22,42.12,8184.0,2019,8
Central Maine Power,Maine,Oxford,Adamstown,68,206,500.98,51138.67,2018,1
Versant Power,Maine,Washington,Beddington,239,482,285.65,178457.96,2020,7
Versant Power,Maine,Aroostook,Silver Ridge Twp,43,84,105.07,31992.0,2022,3
Versant Power,Maine,Washington,Cutler,450,521,3428.84,240183.95,2023,9
Versant Power,Maine,Penobscot,Soldiertown Twp T2 R7 Wels,10,39,168.76,5014.9,2020,4
Versant Power,Maine,Unknown,"T2, R4, 6,7,8",57,71,55.77,42408.0,2018,8
Central Maine Power,Maine,Waldo,Prospect,384,767,12456.39,276480.0,2020,4
Central Maine Power,Maine,Waldo,Lincolnville,1785,3397,22243.86,1285772.73,2019,11
Central Maine Power,Maine,Somerset,Caratunk Plantation,172,331,1089.03,127968.0,2018,7
Versant Power,Maine,Penobscot,Charleston,614,1259,20408.17,456815.99,2017,10
Central Maine Power,Maine,Cumberland,Naples,3522,7279,114633.21,2618977.23,2017,10
Versant Power,Maine,Piscataquis,T4 R9 Nwp,3,6,81.52,2232.0,2022,12
Central Maine Power,Maine,York,South Berwick,3402,4446,15892.74,2368415.08,2020,2
Central Maine Power,Maine,Oxford,Magalloway Plantation,73,438,3933.34,52560.0,2018,11
Central Maine Power,Maine,Franklin,Rangeley Plantation,562,1138,1771.2,418272.47,2020,5
Central Maine Power,Maine,Kennebec,Mercer,2,4,3.73,1344.0,2023,2
Eastern Maine Power Cooperative,Maine,Penobscot,Mattawamkeag,296,344,0.0,219203.84,2023,8
Versant Power,Maine,Penobscot,Eddington,1219,2039,7401.47,906935.98,2018,3
Versant Power,Maine,Penobscot,Ta R7 Wels,9,12,45.18,6696.0,2020,12
Versant Power,Maine,Aroostook,Caswell,186,384,6413.85,138929.53,2022,12
Versant Power,Maine,Aroostook,Wallagrass,367,520,504.88,273265.16,2021,3
Eastern Maine Power Cooperative,Maine,Penobscot,Patten,3,8,11.34,2471.8,2020,1
Versant Power,Maine,Aroostook,Limestone,851,855,2415.6,633538.33,2019,12
Versant Power,Maine,Penobscot,Seboeis Plt,55,226,1783.11,39600.0,2018,11
Versant Power,Maine,Penobscot,Bradford,650,1262,3687.03,468000.0,2018,11
Central Maine Power,Maine,Cumberland,Harpswell,4692,5372,17044.86,3378570.07,2022,4
Versant Power,Maine,Penobscot,Indian Island,301,373,3649.47,217175.33,2019,11
Eastern Maine Power Cooperative,Maine,Penobscot,Webster,1049,4682,9320.59,780455.99,2022,12
Central Maine Power,Maine,Oxford,Paris,3001,3193,5354.52,2161137.24,2019,6
Central Maine Power,Maine,Cumberland,Brunswick,11003,23243,230476.56,7921904.3,2017,11
Central Maine Power,Maine,Somerset,Athens,625,752,6696.5,465667.26,2022,12
Central Maine Power,Maine,Somerset,Sapling,24,39,164.87,17856.0,2022,3
Central Maine Power,Maine,Franklin,Jim Pond,3,6,8.0,2232.0,2020,10
Central Maine Power,Maine,Knox,Hope,1022,2986,33922.92,761078.29,2019,10
Central Maine Power,Maine,Piscataquis,Willimantic,285,462,826.92,205200.0,2023,4
Central Maine Power,Maine,Sagadahoc,Georgetown,1229,1547,4993.12,914954.6,2021,10
Versant Power,Maine,Hancock,Sedgwick,850,1928,16280.35,612527.54,2020,4
Central Maine Power,Maine,Oxford,Gilead,175,378,587.29,126581.66,2019,6
Eastern Maine Power Cooperative,Maine,Aroostook,Haynesville,163,502,445.07,109897.44,2022,2
Central Maine Power,Maine,Piscataquis,Beaver Cove Plantation,260,940,3209.1,187200.0,2017,11
Central Maine Power,Maine,Franklin,Industry,571,940,4317.84,411120.0,2017,11
Central Maine Power,Maine,Waldo,Monroe,560,694,4424.1,416992.31,2019,10
Central Maine Power,Maine,Oxford,Hartford,726,928,1324.23,540355.82,2018,7
Eastern Maine Power Cooperative,Maine,Aroostook,Moro Plantation,11,34,11.31,8231.69,2021,12
Central Maine Power,Maine,Somerset,Starks,303,1148,1707.1,218714.49,2019,6
Versant Power,Maine,Aroostook,New Canada,171,291,0.87,126574.06,2023,5
Versant Power,Maine,Washington,Woodland,207,1030,3563.84,151770.0,2017,10
Versant Power,Maine,Aroostook,Oakfield,317,452,199.5,228484.01,2020,4
Versant Power,Maine,Hancock,Hancock,1568,3381,1213.07,1130818.06,2019,6
Versant Power,Maine,Piscataquis,Levant,25,28,28.48,18600.0,2021,12
Central Maine Power,Maine,Oxford,Sweden,380,425,50.95,283459.71,2021,7
Central Maine Power,Maine,Oxford,Buckfield,1057,2365,36476.54,787144.99,2017,10
Versant Power,Maine,Penobscot,Hudson,816,1634,10598.0,1214207.98,2018,12
Versant Power,Maine,Penobscot,Glenburn,2090,2100,3610.96,1555010.93,2022,1
Central Maine Power,Maine,Piscataquis,Greenville,1975,2247,2260.1,1428908.15,2023,7
Versant Power,Maine,Piscataquis,Medford,171,185,1.15,125832.43,2023,5
Versant Power,Maine,Unknown,Seboeis Plt,424,639,1543.81,82906.55,2016,11
Central Maine Power,Maine,Waldo,Thorndike,408,809,13561.49,304291.33,2017,10
Versant Power,Maine,Washington,Marion Twp,47,85,861.69,33983.14,2020,4
Central Maine Power,Maine,Penobscot,Carmel,1430,1518,530.79,1029879.73,2020,6
Central Maine Power,Maine,Somerset,Concord,127,160,289.82,85344.0,2023,2
Central Maine Power,Maine,Waldo,Thorndike,417,502,4097.44,310887.53,2020,10
Versant Power,Maine,Washington,Steuben,1001,1226,0.88,701773.96,2023,7
Central Maine Power,Maine,Somerset,Misery Gore,10,32,71.32,7440.0,2018,10
Central Maine Power,Maine,Lincoln,Dresden,1000,2158,11399.03,535660.8,2023,9
Versant Power,Maine,Unknown,T4 Indian Purchase Twp,240,342,2021.72,172800.0,2018,11
Central Maine Power,Maine,Piscataquis,Willimantic,278,586,3160.14,200706.67,2017,11
Central Maine Power,Maine,Penobscot,Etna,619,791,2309.45,445952.82,2018,6
Central Maine Power,Maine,Penobscot,Stetson,718,875,1832.54,482496.0,2022,2
Central Maine Power,Maine,Piscataquis,Blanchard Plantation,113,133,663.89,81360.0,2020,9
Central Maine Power,Maine,Piscataquis,Harfords Point,145,292,506.42,108241.29,2022,8
Versant Power,Maine,Unknown,Eastbrook,4373,13781,32927.01,1651306.13,2016,12
Versant Power,Maine,Penobscot,T4 Indian Purchase Twp,256,362,3807.71,190946.16,2022,12
Central Maine Power,Maine,Oxford,Albany,354,682,1512.84,254967.34,2018,9
Central Maine Power,Maine,Franklin,Davis,34,168,2557.68,25296.0,2017,12
Versant Power,Maine,Washington,Northfield,221,492,3912.06,124116.67,2023,9
Versant Power,Maine,Aroostook,Portage,534,1053,792.13,397296.0,2019,1
Versant Power,Maine,Aroostook,Limestone,438,568,404.46,309414.17,2017,8
Versant Power,Maine,Hancock,Stonington,1228,2267,2751.4,913632.0,2020,3
Central Maine Power,Maine,Piscataquis,Bowerbank,30,124,76.72,22587.49,2020,5
Versant Power,Maine,Penobscot,Clifton,547,589,1790.36,407088.04,2022,5
Versant Power,Maine,Penobscot,Bradford,640,1116,18891.73,476159.99,2022,12
Versant Power,Maine,Washington,Northfield,215,431,690.58,160190.86,2021,7
Central Maine Power,Maine,Piscataquis,Dover-foxcroft,2618,2783,13367.39,1948382.95,2017,10
Central Maine Power,Maine,Somerset,TAUNTON   RAYNHAM ACADEMY GRANT,606,662,1189.39,436767.26,2022,6
Versant Power,Maine,Piscataquis,Lake View Plt,482,750,1494.89,358824.83,2022,5
Versant Power,Maine,Piscataquis,Bowerbank,347,694,4.27,256611.22,2023,5
Central Maine Power,Maine,Cumberland,Saco,1,3,5.17,744.0,2022,12
Central Maine Power,Maine,Penobscot,Plymouth,712,994,564.53,513337.04,2021,6
Versant Power,Maine,Aroostook,New Canada,170,332,249.64,126480.0,2022,5
Versant Power,Maine,Piscataquis,Bowerbank,348,398,0.34,257443.35,2023,8
Versant Power,Maine,Hancock,Blue Hill,2226,2642,8576.05,1656807.95,2021,10
Versant Power,Maine,Penobscot,Winn,92,96,393.0,32462.33,2017,8
Central Maine Power,Maine,Franklin,Coplin Plantation,207,656,745.32,154008.0,2021,12
Central Maine Power,Maine,Cumberland,Harmony,1,2,4.17,120.3,2021,5
Versant Power,Maine,Hancock,Blue Hill,2476,8981,49071.06,1781603.76,2017,11
Central Maine Power,Maine,Penobscot,Exeter,28,154,3474.5,20197.17,2017,11
Versant Power,Maine,Unknown,Grand Falls Twp,17,51,164.23,12648.0,2019,10
Central Maine Power,Maine,Oxford,Hartford,740,750,290.68,532825.67,2020,6
Versant Power,Maine,Washington,Trescott Twp,220,443,669.49,163680.0,2023,3
Central Maine Power,Maine,Franklin,Rangeley Plantation,571,1280,2390.68,424824.0,2021,12
Central Maine Power,Maine,York,Limerick,1968,6109,95964.62,1464167.77,2022,12
Versant Power,Maine,Hancock,Seal Cove,334,562,4327.26,240480.0,2019,11
Central Maine Power,Maine,Hancock,Verona,344,352,130.73,255936.0,2023,3
Versant Power,Maine,Aroostook,Ludlow,16,30,105.33,11520.0,2018,11
Versant Power,Maine,Piscataquis,Ebeemee Twp,181,197,520.6,134664.0,2022,10
Eastern Maine Power Cooperative,Maine,Washington,Alexander,242,655,749.08,180048.0,2022,12
Central Maine Power,Maine,Piscataquis,Greenville,1939,3757,11789.74,1443175.01,2022,7
Central Maine Power,Maine,Oxford,Lincoln Plantation,89,269,698.76,66216.0,2020,10
Central Maine Power,Maine,Waldo,Thorndike,415,434,5465.17,299094.83,2019,11
Versant Power,Maine,Aroostook,Blaine,429,451,1242.49,319435.89,2022,7
Versant Power,Maine,Piscataquis,Williamsburg Twp,51,60,84.83,37944.0,2019,1
Versant Power,Maine,Hancock,Sunset,17,81,277.04,12648.0,2018,10
Central Maine Power,Maine,York,Limington,1998,3869,50675.19,1486895.97,2020,12
Central Maine Power,Maine,Franklin,Jim Pond,3,6,45.49,2160.0,2020,4
Central Maine Power,Maine,Piscataquis,Sangerville,918,3037,49965.71,661129.11,2020,4
Versant Power,Maine,Hancock,Frenchboro,72,2070,49680.0,51840.0,2017,11
Versant Power,Maine,Penobscot,Dixmont,109,161,98.03,78480.0,2020,6
Central Maine Power,Maine,Cumberland,Durham,2,3,9.42,1488.0,2023,3
Central Maine Power,Maine,Oxford,Brownfield,1046,3290,18967.85,778742.32,2018,1
Central Maine Power,Maine,Piscataquis,Little Squaw,161,172,133.44,120001.5,2019,3
Central Maine Power,Maine,Franklin,Madrid,201,261,255.29,149544.0,2018,8
Versant Power,Maine,Aroostook,Westmanland,117,205,214.54,87048.0,2018,5
Versant Power,Maine,Hancock,Great Pond,65,130,195.89,46800.0,2021,4
Versant Power,Maine,Penobscot,Seboeis Plt,57,102,877.41,42408.0,2022,12
Central Maine Power,Maine,Franklin,Perkins,21,42,128.01,15120.0,2021,11
Versant Power,Maine,Hancock,Aurora,111,191,1186.54,79920.0,2018,11
Versant Power,Maine,Aroostook,Woodland,341,420,205.9,253704.0,2018,8
Versant Power,Maine,Piscataquis,Grand Falls Twp,16,80,387.77,11904.0,2022,12
Central Maine Power,Maine,Franklin,Industry,578,2030,1145.44,430713.31,2021,12
Central Maine Power,Maine,York,South Berwick,3347,4769,8124.2,2490342.74,2018,8
Central Maine Power,Maine,Oxford,Magalloway Plantation,73,146,806.84,50808.0,2020,2
Versant Power,Maine,Penobscot,Argyle Twp,144,280,1306.05,96768.0,2019,2
Versant Power,Maine,Aroostook,Mapleton,1007,2038,10564.07,749461.99,2020,12
Versant Power,Maine,Penobscot,Veazie,974,1133,16316.29,725072.16,2022,12
Central Maine Power,Maine,Kennebec,Wayne,941,2978,38058.17,693129.49,2017,10
Central Maine Power,Maine,Oxford,Auburn,1,3,1.95,719.33,2021,6
Central Maine Power,Maine,Sagadahoc,Phippsburg,2080,2227,7124.02,1547640.55,2022,1
Central Maine Power,Maine,Franklin,Freeman,235,363,2924.86,175197.34,2019,10
Central Maine Power,Maine,Somerset,Rockwood Strip T2r1,3,9,88.45,2232.0,2022,12
Versant Power,Maine,Washington,Centerville,18,36,11.9,12960.0,2018,6
Versant Power,Maine,Washington,Harrington,578,581,530.2,430518.44,2019,3
Central Maine Power,Maine,Lincoln,Damariscotta,1778,2484,12950.98,1323340.08,2019,10
Central Maine Power,Maine,Cumberland,Harpswell,4676,4748,17633.14,3479591.63,2021,5
Versant Power,Maine,Penobscot,Garland,492,890,2266.42,366284.74,2020,10
Versant Power,Maine,Penobscot,Garland,407,1457,15076.93,303514.33,2017,10
Versant Power,Maine,Penobscot,Corinth,1390,3131,59321.2,1000799.96,2017,11
Central Maine Power,Maine,Kennebec,Monmouth,2321,5267,87813.94,1671119.89,2017,11
Versant Power,Maine,Aroostook,T1 R8 Wels,29,55,603.66,21576.0,2021,3
Versant Power,Maine,Aroostook,T1 R8 Wels,28,29,19.41,19441.98,2021,2
Versant Power,Maine,Penobscot,Newburgh,96,2035,28422.03,65729.16,2017,10
Central Maine Power,Maine,Oxford,Magalloway Plantation,76,77,1.14,43893.75,2023,9
Versant Power,Maine,Aroostook,Westfield,263,272,940.38,190046.36,2021,9
Central Maine Power,Maine,York,Eliot,3733,4254,4604.94,2688430.93,2017,9
Versant Power,Maine,Unknown,Cedar Lake Twp,67,134,369.87,49848.0,2018,5
Central Maine Power,Maine,Oxford,Lovell,1399,1509,1055.98,999345.82,2023,6
Versant Power,Maine,Hancock,Brooksville,3,21,41.32,2300.51,2017,8
Versant Power,Maine,Penobscot,Glenburn,2031,2909,22022.83,1462927.17,2019,11
Central Maine Power,Maine,Franklin,Carrabassett Valley,2507,5441,5703.88,1865207.96,2020,10
Central Maine Power,Maine,Oxford,Adamstown,67,135,162.41,49848.0,2019,12
Central Maine Power,Maine,Waldo,Thorndike,417,418,3507.67,300715.14,2020,9
Central Maine Power,Maine,Androscoggin,Turner,2900,4133,69358.33,2157834.77,2017,10
Central Maine Power,Maine,Somerset,Plymouth,2,3,2.34,1488.0,2022,12
Central Maine Power,Maine,Piscataquis,Wellington,183,184,673.4,136379.55,2020,3
Central Maine Power,Maine,York,Berwick,3763,4492,28144.1,2799639.51,2020,12
Versant Power,Maine,Unknown,T1 R9 Wels,334,412,2658.29,248496.0,2018,3
Versant Power,Maine,Aroostook,Madawaska Lake Twp,251,668,1062.55,186744.0,2020,10
Versant Power,Maine,Penobscot,Dexter,42,141,1552.19,31248.0,2020,12
Central Maine Power,Maine,Franklin,Anson,1,3,12.16,704.15,2021,3
Versant Power,Maine,Penobscot,Bradford,650,714,4475.81,483600.0,2019,10
Central Maine Power,Maine,Franklin,Phillips,700,1475,9337.34,470652.71,2022,2
Versant Power,Maine,Penobscot,Cedar Lake Twp,70,140,6.51,51651.81,2023,5
Versant Power,Maine,Washington,Lubec,1250,1284,2580.33,555453.83,2017,8
Central Maine Power,Maine,Cumberland,Sebago,1752,2443,4066.89,1303827.13,2022,3
Versant Power,Maine,Hancock,Harborside,190,198,351.66,141360.0,2017,12
Versant Power,Maine,Washington,Lubec,1273,1274,16302.47,947701.31,2020,8
Versant Power,Maine,Unknown,Tremont,5745,39722,204452.5,4012203.56,2016,12
Versant Power,Maine,Aroostook,New Canada,167,211,146.53,124248.0,2020,7
Versant Power,Maine,Washington,Jonesboro,2,6,26.27,1065.51,2017,8
Versant Power,Maine,Penobscot,Hudson,845,1090,1782.96,1258480.36,2021,10
Versant Power,Maine,Aroostook,Oakfield,325,333,2171.06,217782.41,2023,2
Central Maine Power,Maine,Oxford,Stoneham,380,1148,8320.16,282720.0,2018,1
Central Maine Power,Maine,Franklin,Kingfield,832,894,4808.47,619648.48,2018,5
Versant Power,Maine,Penobscot,Soldiertown Twp T2 R7 Wels,11,31,100.98,8184.0,2021,3
Central Maine Power,Maine,Somerset,Moose River,188,189,0.39,139786.13,2023,8
Central Maine Power,Maine,Oxford,Albany,357,1022,9680.81,257397.99,2019,11
Central Maine Power,Maine,Franklin,Rangeley Plantation,560,884,1514.69,403200.0,2018,4
Versant Power,Maine,Unknown,T22 Md,28,868,20832.0,20832.0,2017,12
Versant Power,Maine,Penobscot,Patten,383,423,1605.07,275760.0,2018,11
Central Maine Power,Maine,Kennebec,Palermo,3,9,41.65,2228.0,2022,12
Central Maine Power,Maine,Kennebec,Albion,1120,3600,27415.78,833346.62,2020,12
Central Maine Power,Maine,Oxford,Waterford,1546,1603,975.66,1095142.57,2023,6
Central Maine Power,Maine,Franklin,Perkins,18,36,98.99,13392.0,2018,7
Central Maine Power,Maine,Oxford,Roxbury,457,611,6219.07,329040.0,2017,11
Eastern Maine Power Cooperative,Maine,Washington,Charlotte,100,119,0.5,73816.79,2021,10
Central Maine Power,Maine,Kennebec,Readfield,1570,3764,50784.8,1130919.25,2020,4
Versant Power,Maine,Hancock,Great Pond,66,133,1901.29,49104.0,2020,12
Versant Power,Maine,Penobscot,Greenfield Twp,157,567,8875.39,113645.33,2020,4
Versant Power,Maine,Penobscot,T3 Indian Purchase Twp,154,196,1665.32,114576.0,2022,12
Versant Power,Maine,Hancock,Prospect Harbor,243,917,4957.51,175608.32,2018,11
Versant Power,Maine,Piscataquis,Sebec,35,39,18.83,24400.83,2017,8
Versant Power,Maine,Piscataquis,T1 R9 Wels,348,1343,15767.18,258912.0,2020,12
Versant Power,Maine,Washington,Trescott Twp,217,432,366.78,156240.0,2020,6
Versant Power,Maine,Aroostook,Littleton,414,856,619.65,244984.04,2023,5
Central Maine Power,Maine,Franklin,Kingfield,834,1093,19260.71,600480.0,2017,11
Versant Power,Maine,Hancock,Tremont,240,643,8970.27,178964.41,2019,10
Central Maine Power,Maine,Lincoln,Bremen,668,1688,26130.03,481063.65,2020,4
Central Maine Power,Maine,Somerset,Solon,695,1555,22970.35,500399.98,2019,11
Central Maine Power,Maine,Franklin,Chesterville,859,2540,24882.46,639095.96,2022,12
Versant Power,Maine,Aroostook,Allagash,275,543,410.99,204600.0,2020,10
Versant Power,Maine,Hancock,Aurora,102,257,1074.3,75888.0,2021,3
Central Maine Power,Maine,Franklin,Chesterville,811,1409,13890.24,583920.0,2017,11
Central Maine Power,Maine,Kennebec,Vienna,467,593,684.82,314122.94,2023,2
Versant Power,Maine,Washington,Columbia,58,217,86.09,39590.55,2018,6
Versant Power,Maine,Aroostook,Sherman,453,457,152.08,337545.47,2019,8
Central Maine Power,Maine,Penobscot,Glenburn,211,396,728.95,151445.91,2023,8
Central Maine Power,Maine,Cumberland,Cape Elizabeth,4301,10165,84322.54,3096719.84,2017,11
Central Maine Power,Maine,Somerset,Athens,612,1410,6036.82,455353.93,2021,3
Central Maine Power,Maine,Lincoln,Westport,628,648,2950.3,467788.14,2020,10
Versant Power,Maine,Penobscot,Lee,593,2372,5169.05,398496.0,2019,2
Versant Power,Maine,Washington,Northfield,208,418,1950.78,155375.98,2018,3
Central Maine Power,Maine,Cumberland,Gorham,7162,10259,93852.85,5156639.69,2017,11
Versant Power,Maine,Unknown,"T2, R4, 6,7,8",57,75,202.5,41040.0,2018,11
Central Maine Power,Maine,Piscataquis,China,1,2,8.0,700.15,2021,3
Central Maine Power,Maine,Kennebec,Mt Vernon,1381,2337,7899.79,1027971.02,2022,7
Central Maine Power,Maine,Franklin,Temple,332,1338,19731.13,247255.48,2020,12
Versant Power,Maine,Hancock,Blue Hill,2484,3232,23032.95,1848095.93,2019,10
Versant Power,Maine,Penobscot,Carmel,40,41,20.64,29816.82,2020,12
Versant Power,Maine,Aroostook,E Twp,60,61,0.2,40813.47,2023,2
Central Maine Power,Maine,Piscataquis,Sebec,18,76,509.14,12960.0,2019,11
Central Maine Power,Maine,Somerset,Moscow,375,633,9544.04,279260.0,2017,10
Versant Power,Maine,Hancock,Eastbrook,500,951,1234.5,360000.0,2019,4
Central Maine Power,Maine,Somerset,Long Pond,95,381,602.44,68400.0,2019,9
Central Maine Power,Maine,Franklin,Weld,615,1302,7922.28,457676.29,2021,3
Central Maine Power,Maine,Lincoln,Westport,619,656,9223.48,445980.99,2019,11
Central Maine Power,Maine,Penobscot,Exeter,24,25,88.86,18182.16,2020,8
Central Maine Power,Maine,Waldo,Morrill,469,472,2470.09,337680.0,2020,9
Central Maine Power,Maine,Lincoln,South Bristol,1145,3391,39956.67,851880.0,2017,10
Versant Power,Maine,Aroostook,Woodland,27,95,47.08,11421.02,2018,5
Versant Power,Maine,Unknown,Ashville,6259,13275,97836.97,4643190.9,2017,3
Versant Power,Maine,Hancock,Fletchers Landing Twp,23,29,145.08,17112.0,2019,10
Eastern Maine Power Cooperative,Maine,Washington,Meddybemps,105,276,593.79,79223.34,2022,12
Versant Power,Maine,Hancock,Great Pond,56,112,266.75,40468.65,2018,6
Versant Power,Maine,Hancock,Stonington,1228,1912,730.67,854688.0,2020,2
Central Maine Power,Maine,Lincoln,Westport,624,1967,27775.78,449765.81,2020,4
Versant Power,Maine,Washington,Lubec,1288,1321,7020.53,958271.98,2018,10
Central Maine Power,Maine,Somerset,Caratunk Plantation,176,178,416.5,131071.98,2020,7
Central Maine Power,Maine,Somerset,Long Pond,86,258,659.77,61920.0,2021,4
Versant Power,Maine,Hancock,Ellsworth,2420,2730,2153.2,1800479.92,2019,7
Central Maine Power,Maine,Somerset,Norridgewock,1745,3118,43240.57,1298783.16,2020,12
Central Maine Power,Maine,Somerset,Starks,313,351,1383.68,233475.68,2023,3
Versant Power,Maine,Penobscot,Exeter,510,533,639.21,379440.0,2020,3
Central Maine Power,Maine,Cumberland,Pownal,838,1305,1164.88,624122.65,2022,8
Versant Power,Maine,Hancock,Waltham,234,458,395.43,174506.63,2022,8
Central Maine Power,Maine,Oxford,Riley,1,4,52.5,744.0,2021,3
Central Maine Power,Maine,Oxford,Turner,3,5,7.63,2232.0,2022,8
Versant Power,Maine,Hancock,Deer Isle,1823,7895,27606.19,1356538.58,2018,10
Versant Power,Maine,Piscataquis,T4 R9 Nwp,3,6,50.49,2232.0,2021,3
Versant Power,Maine,Hancock,Deer Isle,1830,1992,3082.6,1229759.98,2019,2
Versant Power,Maine,Unknown,E Plantation,56,212,602.83,41664.0,2017,10
Versant Power,Maine,Unknown,Long A Twp,5080,7766,18916.9,3704794.73,2016,12
Central Maine Power,Maine,Androscoggin,Livermore,1346,1449,1951.1,994099.73,2023,5
Central Maine Power,Maine,Waldo,Liberty,852,1299,12936.27,633946.03,2022,12
Central Maine Power,Maine,Androscoggin,Durham,1863,2975,22771.05,1386502.9,2020,12
Central Maine Power,Maine,Somerset,West Forks Plantation,129,134,0.77,95536.32,2023,8
Versant Power,Maine,Aroostook,Garfield Plt,63,189,311.36,45360.0,2022,4
Versant Power,Maine,Washington,Eastport,1246,2018,3724.25,897283.97,2019,11
Versant Power,Maine,Hancock,Sorrento,335,672,336.54,241793.66,2019,6
Versant Power,Maine,Aroostook,T11 R4 Wels,128,129,809.53,92160.0,2020,9
Versant Power,Maine,Hancock,Mount Desert,9,68,70.0,5596.33,2017,8
Versant Power,Maine,Penobscot,Seboeis Plt,53,114,311.49,39563.14,2018,8
Versant Power,Maine,Hancock,Sorrento,352,404,5422.26,261373.0,2023,5
Central Maine Power,Maine,Somerset,Tomhegan,238,476,770.46,177072.0,2022,1
Versant Power,Maine,Penobscot,Enfield,910,1609,8268.25,655530.13,2020,4
Central Maine Power,Maine,Waldo,Liberty,790,2540,32144.34,568799.99,2017,11
Versant Power,Maine,Unknown,Masardis,5087,5578,10939.34,3784727.88,2017,1
Versant Power,Maine,Unknown,Ta R7 Wels,15,434,10416.0,11160.0,2017,12
Versant Power,Maine,Hancock,Fletchers Landing Twp,73,194,1345.09,52625.71,2020,4
Versant Power,Maine,Unknown,Garfield,3538,6820,7573.36,2587506.32,2016,12
Central Maine Power,Maine,Oxford,Peru,1031,1062,2706.9,742565.49,2020,6
Central Maine Power,Maine,Franklin,Jim Pond,3,6,123.5,2232.0,2017,10
Versant Power,Maine,Washington,Cutler,440,877,629.34,316936.63,2020,6
Versant Power,Maine,Penobscot,Grindstone Twp,51,100,20.31,36539.93,2023,6
Eastern Maine Power Cooperative,Maine,Washington,Charlotte,852,1334,11894.15,612644.98,2022,4
Versant Power,Maine,Aroostook,Eagle Lake,766,1251,2091.77,569904.0,2018,10
Versant Power,Maine,Hancock,East Blue Hill,67,279,2539.66,48438.0,2017,11
Central Maine Power,Maine,Penobscot,Plymouth,693,1509,23952.66,515592.0,2017,10
Central Maine Power,Maine,Knox,Friendship,977,2373,23802.46,727221.36,2023,3
Versant Power,Maine,Penobscot,Lee,303,587,2477.83,201241.34,2017,8
Versant Power,Maine,Aroostook,T28 Md Bpp,22,44,183.2,16228.98,2022,9
Eastern Maine Power Cooperative,Maine,Washington,Topsfield,40,156,2664.61,29760.0,2022,12
Central Maine Power,Maine,Hancock,Verona,323,681,8915.56,240314.33,2017,10
Eastern Maine Power Cooperative,Maine,Aroostook,Unknown,2788,7867,26193.58,2008935.37,2018,11
Central Maine Power,Maine,Oxford,Adamstown,69,207,115.0,51336.0,2018,7
Versant Power,Maine,Aroostook,Wallagrass,371,739,2951.37,276609.29,2022,12
Versant Power,Maine,Aroostook,Perham,208,578,6634.81,150677.67,2019,11
Versant Power,Maine,Washington,Woodland,53,339,116.16,37347.68,2018,5
Central Maine Power,Maine,Kennebec,Fairfield,3,6,102.48,2232.0,2022,12
Versant Power,Maine,Aroostook,Allagash,277,546,818.94,186144.0,2019,2
Central Maine Power,Maine,Cumberland,Ripley,1,2,3.81,720.0,2021,11
Central Maine Power,Maine,Franklin,Phillips,709,2616,20522.38,528024.15,2021,3
Versant Power,Maine,Hancock,Amherst,164,321,557.42,122163.99,2020,8
Central Maine Power,Maine,Somerset,Pleasant Ridge Plantation,65,70,58.37,46800.0,2021,6
Versant Power,Maine,Penobscot,Holden,1835,3981,66865.45,1321611.74,2019,11
Central Maine Power,Maine,Sagadahoc,Bowdoinham,1858,2092,2674.47,1382422.3,2019,5
Versant Power,Maine,Piscataquis,T4 R9 Nwp,3,6,0.0,2222.15,2023,5
Versant Power,Maine,Unknown,Beals Island,10,433,482.62,3116.85,2018,11
Central Maine Power,Maine,Somerset,Dennistown Plantation,22,60,720.38,15840.0,2019,11
Central Maine Power,Maine,Sagadahoc,Richmond,1666,3291,58903.98,1239508.65,2017,10
Central Maine Power,Maine,York,Acton,2455,4301,8284.48,1767666.16,2021,4
Versant Power,Maine,Hancock,Sorrento,332,779,2331.06,247008.0,2018,10
Versant Power,Maine,Hancock,West Tremont,222,434,429.17,159840.0,2017,11
Versant Power,Maine,Washington,Columbia,212,213,71.4,158042.73,2019,3
Versant Power,Maine,Penobscot,Orono,13,31,32.83,6441.0,2017,8
Versant Power,Maine,Hancock,Winter Harbor,607,622,1101.12,451608.0,2021,8
Versant Power,Maine,Hancock,Castine,1,3,2.9,737.39,2023,8
Versant Power,Maine,Unknown,Williamsburg Twp,3,81,105.33,2223.67,2017,9
Versant Power,Maine,Unknown,Berry Twp,16926,17113,20882.75,2974265.27,2016,12
Versant Power,Maine,Hancock,Bernard,175,196,590.67,111455.0,2017,8
Versant Power,Maine,Penobscot,Greenfield Twp,161,799,1141.6,120434.52,2022,3
Central Maine Power,Maine,Knox,Washington,976,1058,11604.13,726589.65,2023,3
Versant Power,Maine,Aroostook,T17 R3 Wels,138,148,339.8,102672.0,2020,8
Central Maine Power,Maine,Piscataquis,Garland,1,2,5.5,720.0,2021,6
Versant Power,Maine,Hancock,Great Pond,66,67,6.63,49008.7,2023,8
Central Maine Power,Maine,Piscataquis,Blanchard Plantation,115,182,236.73,83089.61,2021,9
Versant Power,Maine,Hancock,Fletchers Landing Twp,20,560,13440.0,13440.0,2018,2
Versant Power,Maine,Aroostook,Mapleton,9,19,29.0,6404.34,2017,8
Versant Power,Maine,Penobscot,Alton,421,543,1029.43,313709.6,2021,5
Central Maine Power,Maine,Oxford,Buckfield,1083,4212,50309.17,780220.99,2020,4
Versant Power,Maine,Aroostook,T16 R6 Wels,1,3,4.02,744.0,2020,10
Central Maine Power,Maine,Knox,Friendship,966,2681,32513.63,718703.99,2019,10
Versant Power,Maine,Piscataquis,Barnard Twp,36,59,75.65,26862.0,2018,1
Versant Power,Maine,Hancock,Gouldsboro,23,58,125.53,8329.0,2017,8
Versant Power,Maine,Penobscot,Glenburn,2022,3664,50812.14,1455839.9,2017,11
Central Maine Power,Maine,Androscoggin,Minot,1278,3688,51557.02,950831.94,2022,12
Versant Power,Maine,Penobscot,Dexter,42,168,1509.34,30240.0,2019,11
Central Maine Power,Maine,Franklin,Wilton,2310,3747,10286.41,1719303.26,2020,10
Central Maine Power,Maine,Piscataquis,Frenchtown,119,120,44.72,88567.64,2023,5
Central Maine Power,Maine,Lincoln,South Bristol,1182,1435,3623.42,851275.03,2022,11
Central Maine Power,Maine,Oxford,Stow,223,424,2484.75,165912.0,2018,1
Versant Power,Maine,Hancock,Deer Isle,1813,4527,52194.36,1305359.88,2017,11
Eastern Maine Power Cooperative,Maine,Washington,Robbinston,129,999,997.47,94556.04,2022,8
Central Maine Power,Maine,Penobscot,Hampden,22,32,35.81,15840.0,2021,6
Versant Power,Maine,Aroostook,Fort Fairfield,1755,2726,18302.4,1263823.47,2018,11
Central Maine Power,Maine,Somerset,Tomhegan,178,688,1308.3,132432.0,2018,10
Central Maine Power,Maine,Oxford,Stow,261,286,44.95,193818.71,2023,7
Central Maine Power,Maine,Somerset,Misery Gore,10,24,81.02,7200.0,2018,9
Central Maine Power,Maine,Sagadahoc,Phippsburg,2020,6824,37740.85,1454556.83,2018,9
Versant Power,Maine,Unknown,T1 R9 Wels,337,552,1927.99,251156.65,2020,3
Central Maine Power,Maine,Waldo,Prospect,384,391,518.9,286198.42,2021,8
Versant Power,Maine,Unknown,"T17, R3, 12",765,4154,99696.0,569160.0,2017,12
Central Maine Power,Maine,Franklin,Washington Twp,19,40,85.89,14871.08,2023,1
Central Maine Power,Maine,Waldo,Morrill,470,648,7174.28,338581.98,2019,11
Central Maine Power,Maine,Sagadahoc,Georgetown,1219,1221,3062.37,906979.47,2021,5
Central Maine Power,Maine,Waldo,Thorndike,416,662,842.61,299937.66,2018,6
Central Maine Power,Maine,Sagadahoc,Georgetown,1188,4207,63829.83,855360.0,2017,11
Central Maine Power,Maine,Waldo,Searsmont,853,890,1969.16,573521.68,2018,2
Versant Power,Maine,Aroostook,Castle Hill,240,492,463.56,178560.0,2018,5
Central Maine Power,Maine,Franklin,Chesterville,826,891,8668.67,614543.99,2019,10
Central Maine Power,Maine,Piscataquis,Parkman,484,572,1280.13,360304.67,2018,5
Central Maine Power,Maine,Waldo,Monroe,550,780,7141.83,396245.33,2018,11
Central Maine Power,Maine,Waldo,Searsport,1876,1887,652.54,1396063.75,2022,3
Central Maine Power,Maine,Oxford,Sweden,390,1181,21455.29,290819.18,2020,12
Central Maine Power,Maine,Cumberland,Windham,9798,11469,12632.48,7054712.04,2022,9
Central Maine Power,Maine,Cumberland,Casco,3073,3327,3088.35,2212935.73,2021,4
Central Maine Power,Maine,Oxford,Roxbury,458,671,6819.22,341251.65,2019,10
Versant Power,Maine,Penobscot,Newburgh,777,866,2269.08,578211.99,2023,3
Versant Power,Maine,Unknown,Hancock Point,33,66,11.0,23760.0,2019,6
Central Maine Power,Maine,Lincoln,Edgecomb,965,1233,1136.88,694993.16,2021,6
Versant Power,Maine,Unknown,Somesville,368,1090,7058.63,264960.0,2019,11
Central Maine Power,Maine,Oxford,Sweden,382,871,13292.34,284208.0,2017,10
Central Maine Power,Maine,Androscoggin,Hartford,1,2,3.01,720.0,2021,11
Central Maine Power,Maine,Sagadahoc,Georgetown,1244,5485,69943.98,926200.58,2022,12
Versant Power,Maine,Aroostook,Littleton,391,878,2214.48,281520.0,2018,11
Central Maine Power,Maine,Oxford,Hebron,551,1550,17505.11,396720.0,2020,4
Central Maine Power,Maine,Somerset,Embden,956,1745,4259.74,711457.51,2018,8
Versant Power,Maine,Unknown,Oxbow Plantation,71,210,496.18,52824.0,2018,5
Central Maine Power,Maine,Oxford,Porter,936,960,290.3,674256.91,2022,6
Central Maine Power,Maine,Sagadahoc,Georgetown,1203,2973,47112.29,895105.81,2019,10
Central Maine Power,Maine,York,Newfield,1271,1500,3016.4,915119.97,2019,11
Central Maine Power,Maine,Oxford,Lower Cupsuptic,13,65,149.73,9672.0,2021,12
Central Maine Power,Maine,Somerset,Bigelow,1,2,0.67,720.0,2022,11
Central Maine Power,Maine,York,Parsonsfield,1345,1723,1416.27,1000914.36,2022,5
Central Maine Power,Maine,Franklin,Canton,1,2,1.51,744.0,2021,1
Versant Power,Maine,Hancock,Northeast Harbor,3,6,9.66,2243.6,2017,8
Versant Power,Maine,Aroostook,Eagle Lake,783,1567,6279.81,583101.53,2022,12
Versant Power,Maine,Penobscot,Passadumkeag,18,147,1837.33,13792.33,2017,10
Versant Power,Maine,Penobscot,Alton,417,514,872.33,310684.13,2020,7
Versant Power,Maine,Aroostook,Portage Lake,546,1098,2720.11,393666.85,2022,4
Eastern Maine Power Cooperative,Maine,Aroostook,Oakfield,124,240,89.72,91185.47,2021,12
Central Maine Power,Maine,Waldo,Montville,596,669,6733.66,443776.34,2022,12
Central Maine Power,Maine,Piscataquis,Frenchtown,103,414,1223.76,74160.0,2018,11
Central Maine Power,Maine,Oxford,Lower Cupsuptic,8,176,3902.67,5760.0,2017,11
Versant Power,Maine,Unknown,"T2, R4, 6,7,8",57,240,5760.0,41040.0,2017,11
Central Maine Power,Maine,Hancock,Orland,1545,2084,11322.08,1149850.95,2019,1
Central Maine Power,Maine,Waldo,Montville,583,2277,33190.09,419760.0,2017,11
Versant Power,Maine,Hancock,Great Pond,66,198,431.32,44352.0,2022,2
Central Maine Power,Maine,Franklin,Weld,607,2136,26535.27,437040.0,2018,11
Central Maine Power,Maine,Somerset,Starks,298,310,1804.74,221712.0,2021,3
Central Maine Power,Maine,Oxford,Denmark,1248,2759,28742.25,898559.96,2018,11
Versant Power,Maine,Penobscot,T4 Indian Purchase Twp,257,834,7643.49,191208.0,2020,10
Versant Power,Maine,Penobscot,T3 Indian Purchase Twp,148,269,1523.3,110776.96,2021,3
Central Maine Power,Maine,York,Buxton,3903,8079,147193.49,2903389.58,2017,10
Central Maine Power,Maine,Kennebec,Pittston,1456,1536,8484.16,1048637.04,2020,9
Central Maine Power,Maine,Somerset,Caratunk Plantation,180,451,1679.86,133920.0,2022,5
Versant Power,Maine,Hancock,T10 Sd Bpp,65,66,308.02,48707.16,2020,8
Central Maine Power,Maine,Oxford,Andover North Surplus,2,3,8.5,1563.66,2018,7
Central Maine Power,Maine,Franklin,Fayette,1,2,2.34,672.0,2022,2
Central Maine Power,Maine,Franklin,Eustis,906,1076,913.42,674041.94,2022,7
Versant Power,Maine,Unknown,T10 Sd,17,63,0.0,12362.99,2019,8
Versant Power,Maine,Penobscot,Veazie,980,1975,13856.54,548048.49,2023,9
Versant Power,Maine,Aroostook,Crystal,108,220,63.99,80352.0,2018,10
Central Maine Power,Maine,Franklin,Weld,609,1655,32246.15,438480.0,2020,4
Versant Power,Maine,Unknown,Williamsburg Twp,6238,39131,239464.73,4481905.8,2016,12
Versant Power,Maine,Penobscot,Seboeis Plt,56,163,2206.99,32026.92,2023,9
Central Maine Power,Maine,Franklin,Rangeley Plantation,568,671,149.07,409089.16,2020,11
Central Maine Power,Maine,Somerset,Solon,699,2603,45162.6,503279.99,2020,4
Versant Power,Maine,Penobscot,Clifton,549,637,0.57,395058.2,2023,7
Versant Power,Maine,Aroostook,T1 R8 Wels,32,51,131.63,17650.03,2023,9
Versant Power,Maine,Unknown,T17 R5,301,302,909.16,223944.0,2017,10
Central Maine Power,Maine,Somerset,Smithfield,787,1584,26006.17,585553.67,2017,10
Versant Power,Maine,Hancock,Prospect Harbor,245,355,2702.9,182280.0,2019,10
Versant Power,Maine,Penobscot,Corinth,1391,1392,3478.72,1034904.0,2019,1
Versant Power,Maine,Piscataquis,Medford,164,270,393.38,122016.0,2020,7
Central Maine Power,Maine,Somerset,Athens,593,2078,32163.63,427010.82,2020,4
Versant Power,Maine,Penobscot,Mattamiscontis Twp,38,88,73.98,25536.0,2021,2
Central Maine Power,Maine,Penobscot,Dexter,2268,6664,113926.93,1633123.58,2020,4
Versant Power,Maine,Washington,Cherryfield,807,2337,19412.34,600636.54,2022,12
Central Maine Power,Maine,Sagadahoc,Gardiner,5,6,12.97,4012.97,2022,6
Central Maine Power,Maine,Franklin,Rangeley Plantation,595,921,1718.45,428420.32,2023,4
Versant Power,Maine,Aroostook,Oxbow North Twp,73,149,257.62,54312.0,2022,7
Central Maine Power,Maine,York,Limerick,1773,2681,40454.33,1319427.64,2017,10
Central Maine Power,Maine,Somerset,Attean,1,2,1.67,720.0,2020,11
Eastern Maine Power Cooperative,Maine,Aroostook,Weston,924,2835,10465.13,688166.72,2022,12
Central Maine Power,Maine,York,Parsonsfield,1348,5844,22885.13,1003324.4,2022,7
Central Maine Power,Maine,Penobscot,Exeter,24,68,761.91,17937.51,2019,11
Central Maine Power,Maine,Sagadahoc,Bowdoinham,1801,3627,67219.82,1339953.32,2017,10
Versant Power,Maine,Hancock,Seal Cove,334,701,3882.68,248496.0,2018,3
Central Maine Power,Maine,Oxford,Brownfield,1145,3805,67399.91,852590.21,2022,12
Central Maine Power,Maine,Androscoggin,Minot,1249,1988,3714.05,929481.48,2020,7
Central Maine Power,Maine,Franklin,Salem,184,571,1870.33,137529.5,2018,1
Central Maine Power,Maine,Franklin,New Sharon,864,905,1033.71,581256.18,2023,2
Eastern Maine Power Cooperative,Maine,Washington,Codyville Plantation,98,217,0.0,72341.76,2023,8
Central Maine Power,Maine,Somerset,Moscow,392,441,4497.6,282240.0,2019,11
Versant Power,Maine,Unknown,Cyr Plantation,57,62,123.82,42778.33,2018,10
Central Maine Power,Maine,Cumberland,New Gloucester,2945,4912,6650.34,2120638.49,2021,6
Versant Power,Maine,Piscataquis,Williamsburg Twp,52,83,235.42,38688.0,2020,3
Central Maine Power,Maine,Waldo,Frankfort,735,743,399.61,547141.51,2020,7
Central Maine Power,Maine,Oxford,Sumner,579,672,1941.8,430969.99,2019,7
Versant Power,Maine,Piscataquis,Ebeemee Twp,183,338,512.86,134806.79,2023,7
Versant Power,Maine,Washington,Milbridge,1113,1428,4305.05,828587.33,2020,12
Central Maine Power,Maine,Franklin,New Sharon,862,1556,6863.34,641896.8,2022,12
Central Maine Power,Maine,Oxford,Denmark,1261,2817,21895.06,938405.28,2020,8
Central Maine Power,Maine,Somerset,Palmyra,1107,1378,17627.25,823611.32,2020,12
Central Maine Power,Maine,Franklin,Weld,628,637,1063.08,467287.64,2022,8
Versant Power,Maine,Unknown,T3 Indian Purchase,308,365,1056.7,221845.01,2019,11
Versant Power,Maine,Piscataquis,Williamsburg Twp,59,74,45.53,43541.48,2023,7
Versant Power,Maine,Unknown,T7 Sd,6681,10881,96610.03,4972778.13,2017,3
Central Maine Power,Maine,Piscataquis,Frenchtown,117,585,8650.21,87009.1,2022,12
Central Maine Power,Maine,Piscataquis,Lily Bay,114,459,1926.92,84816.0,2021,3
Versant Power,Maine,Penobscot,Lowell,239,486,1294.43,172080.0,2017,11
Central Maine Power,Maine,Cumberland,Durham,2,6,71.7,1488.0,2022,12
Versant Power,Maine,Penobscot,Corinna,17,34,45.47,12240.0,2019,9
Central Maine Power,Maine,Penobscot,Jackson,3,5,6.84,2092.55,2022,12
Versant Power,Maine,Hancock,Stonington,1228,1826,13701.89,884159.99,2019,11
Central Maine Power,Maine,York,Newfield,1334,1399,19968.55,992495.97,2023,3
Central Maine Power,Maine,Somerset,Taunton & Raynham Academy Grant,584,1191,3080.13,420480.0,2018,9
Central Maine Power,Maine,Somerset,Long Pond,89,271,1452.3,66857.31,2022,12
Versant Power,Maine,Piscataquis,Derby,93,100,88.05,69343.33,2018,8
Versant Power,Maine,Penobscot,Glenburn,2022,2126,8189.14,1504367.96,2017,12
Central Maine Power,Maine,Somerset,Brassua,1,4,60.07,744.0,2020,12
Central Maine Power,Maine,Androscoggin,Fryeburg,1,2,3.66,744.0,2021,8
Central Maine Power,Maine,Lincoln,Dresden,995,1093,759.09,695000.75,2023,7
Versant Power,Maine,Unknown,T1 R9 Wels,5186,7170,6086.97,3855244.88,2017,3
Central Maine Power,Maine,York,Shapleigh,2392,4793,62145.71,1779647.49,2020,12
Central Maine Power,Maine,Knox,Owls Head,1278,1912,18822.78,951572.61,2020,12
Central Maine Power,Maine,Sagadahoc,Arrowsic,304,329,1095.99,226293.84,2020,8
Versant Power,Maine,Unknown,Newburgh,3390,35204,305207.67,1658161.12,2016,12
Central Maine Power,Maine,Kennebec,Mt Vernon,1355,2077,3064.03,975954.91,2021,4
Central Maine Power,Maine,Oxford,Magalloway Plantation,76,228,228.5,56544.0,2022,7
Eastern Maine Power Cooperative,Maine,Washington,Grand Lake Stream,382,461,51.42,289035.04,2021,9
Central Maine Power,Maine,Oxford,West Paris,958,1777,32505.63,690263.95,2020,4
Central Maine Power,Maine,Penobscot,Plymouth,704,1362,2880.13,524036.9,2020,5
Versant Power,Maine,Penobscot,Greenbush,547,1789,6691.6,393840.0,2018,11
Versant Power,Maine,Penobscot,Bradford,627,3983,52393.86,451887.45,2020,4
Versant Power,Maine,Penobscot,Greenfield Twp,143,146,142.43,107029.3,2019,7
Central Maine Power,Maine,Lincoln,Alna,427,556,5244.73,227840.05,2023,9
Central Maine Power,Maine,Kennebec,Winthrop,3842,4303,10061.33,2858685.83,2021,10
Versant Power,Maine,Unknown,Grand Falls Twp,3,17,0.0,2300.78,2020,4
Versant Power,Maine,Aroostook,Hamlin,106,109,141.47,78864.0,2018,5
Central Maine Power,Maine,Waldo,Morrill,482,779,952.25,357123.4,2023,5
Versant Power,Maine,Hancock,Franklin,991,1406,5047.09,738846.41,2018,10
Versant Power,Maine,Unknown,Sutton Island,26,780,18289.67,18720.0,2017,11
Central Maine Power,Maine,Lincoln,Dresden,975,1547,3720.07,725657.55,2022,3
Central Maine Power,Maine,Lincoln,Edgecomb,952,1255,1714.78,685918.7,2019,4
Central Maine Power,Maine,Oxford,Lincoln Plantation,88,176,176.26,65472.0,2020,3
Central Maine Power,Maine,Oxford,Stoneham,381,957,4148.5,274320.0,2018,9
Versant Power,Maine,Unknown,Township 8,61,1891,45384.0,45384.0,2018,1
Versant Power,Maine,Hancock,Harborside,190,356,6093.49,136800.0,2017,11
Eastern Maine Power Cooperative,Maine,Washington,Perry,23,77,25.71,17343.87,2021,10
Central Maine Power,Maine,Piscataquis,Parkman,485,1474,17528.7,349464.62,2019,11
Central Maine Power,Maine,Piscataquis,Blanchard Plantation,109,218,4596.08,81557.33,2018,1
Versant Power,Maine,Piscataquis,Dover-foxcroft,17,34,101.87,12648.0,2022,8
Central Maine Power,Maine,Piscataquis,Big Squaw,71,76,120.14,52824.0,2022,1
Versant Power,Maine,Penobscot,Eddington,1283,3009,48104.78,923808.9,2020,4
Versant Power,Maine,Washington,Trescott Twp,218,387,485.17,162192.0,2022,1
Versant Power,Maine,Unknown,T30 Md Bpp,377,379,767.33,92558.19,2016,11
Central Maine Power,Maine,Waldo,Knox,418,618,612.45,311237.51,2020,7
Central Maine Power,Maine,Waldo,Islesboro,1015,1448,6555.9,748588.65,2023,5
Versant Power,Maine,Aroostook,Littleton,414,419,1307.75,308108.11,2020,12
Versant Power,Maine,Washington,Devereaux Twp,29,150,2621.91,21577.52,2022,12
Central Maine Power,Maine,Piscataquis,Lily Bay,113,461,8251.5,84072.0,2022,12
Versant Power,Maine,Unknown,Dover-foxcroft,11,29,186.59,7920.0,2019,11
Central Maine Power,Maine,Franklin,Stetsontown,72,146,623.1,53616.16,2020,5
Versant Power,Maine,Hancock,Fletchers Landing Twp,8,64,737.01,3596.0,2017,10
Versant Power,Maine,Washington,Marion Twp,26,40,274.32,19344.0,2018,3
Central Maine Power,Maine,Piscataquis,Dover-foxcroft,2659,5117,17019.22,1914983.55,2019,11
Central Maine Power,Maine,Somerset,Mercer,450,1118,9164.71,335376.49,2018,1
Central Maine Power,Maine,Piscataquis,Frenchtown,112,228,2330.11,84071.3,2020,12
Versant Power,Maine,Penobscot,Cedar Lake Twp,70,140,210.17,50400.0,2022,11
Versant Power,Maine,Aroostook,Limestone,560,695,6450.13,404243.56,2018,11
Versant Power,Maine,Washington,T30 Md Bpp,1,5,86.5,744.0,2022,12
Versant Power,Maine,Unknown,T4 Indian Purchase Twp,6299,31760,152952.71,4448288.22,2016,12
Versant Power,Maine,Aroostook,T9 R5 Wels,2,4,7.0,1488.0,2022,7
Versant Power,Maine,Hancock,Sorrento,332,1932,42119.66,239040.0,2017,11
Central Maine Power,Maine,Piscataquis,Greenville,1820,5954,26520.21,1310994.91,2019,11
Central Maine Power,Maine,Oxford,Lincoln Plantation,85,180,327.85,57120.0,2022,2
Central Maine Power,Maine,Franklin,Avon,307,936,6256.32,221182.16,2019,11
Central Maine Power,Maine,Lincoln,Jefferson,1863,1935,8880.07,1386066.49,2021,3
Central Maine Power,Maine,Piscataquis,Kineo,35,105,139.93,25200.0,2020,11
Central Maine Power,Maine,Franklin,Carthage,343,941,766.05,255022.24,2023,7
Versant Power,Maine,Hancock,Deer Isle,1933,4207,64554.56,1438203.82,2022,12
Versant Power,Maine,Washington,Whiting,278,299,655.6,122610.67,2017,8
Central Maine Power,Maine,Penobscot,Newburgh,61,73,1188.02,45384.0,2020,12
Central Maine Power,Maine,York,Alfred,1637,2553,36549.25,1218525.14,2019,10
Central Maine Power,Maine,Somerset,Mercer,474,490,2384.12,353010.47,2021,10
Central Maine Power,Maine,Waldo,Stockton Springs,1148,1150,4233.99,854464.98,2019,10
Versant Power,Maine,Unknown,Grand Falls Plt,16,115,2655.67,11520.0,2017,11
Central Maine Power,Maine,Franklin,Alder Stream,10,270,6230.03,7440.0,2017,12
Versant Power,Maine,Penobscot,Hudson,822,1102,1358.62,1144224.0,2020,2
Central Maine Power,Maine,Piscataquis,Lily Bay,113,339,442.87,81360.0,2022,4
Central Maine Power,Maine,Kennebec,Mercer,2,6,4.38,1440.0,2021,6
Central Maine Power,Maine,Oxford,Mason,49,84,63.05,37081.16,2017,12
Central Maine Power,Maine,Lincoln,Westport,629,1286,4715.37,468371.99,2021,1
Central Maine Power,Maine,York,Lyman,2230,3630,55747.25,1605599.95,2017,11
Versant Power,Maine,Hancock,Deer Isle,1934,4101,15052.45,1439243.63,2020,12
Central Maine Power,Maine,Penobscot,Stetson,688,1388,23607.0,511876.67,2017,10
Versant Power,Maine,Aroostook,Ashville,23,27,60.02,16560.0,2019,4
Central Maine Power,Maine,Franklin,Rangeley,1933,2968,3258.61,1438573.3,2020,5
Versant Power,Maine,Aroostook,Chapman,248,280,2213.3,178560.0,2018,11
Central Maine Power,Maine,Somerset,Brighton Plantation,50,151,1588.79,37200.0,2021,3
Central Maine Power,Maine,Cumberland,Falmouth,6354,9306,71789.71,4727495.97,2022,12
Versant Power,Maine,Piscataquis,Bowerbank,344,347,808.45,256119.35,2021,5
Central Maine Power,Maine,Somerset,Mercer,476,507,644.56,341153.13,2023,6
Versant Power,Maine,Penobscot,Stacyville,141,143,34.05,101729.72,2020,4
Central Maine Power,Maine,York,Alfred,1592,2790,24815.15,1146239.98,2017,11
Central Maine Power,Maine,Piscataquis,Willimantic,273,389,714.52,197260.83,2018,11
Central Maine Power,Maine,Somerset,Sapling,13,50,405.13,9712.97,2017,10
Versant Power,Maine,Aroostook,Allagash,274,820,805.18,203856.0,2018,7
Central Maine Power,Maine,Piscataquis,Beaver Cove Plantation,264,419,782.09,196416.0,2022,5
Versant Power,Maine,Hancock,Eastbrook,511,842,1634.69,367920.0,2022,11
Central Maine Power,Maine,Oxford,Porter,935,1886,3607.2,696035.95,2021,3
Central Maine Power,Maine,Penobscot,Etna,616,1782,23326.34,443520.0,2017,11
Central Maine Power,Maine,Somerset,Pleasant Ridge Plantation,65,130,173.4,48360.0,2020,10
Versant Power,Maine,Piscataquis,Barnard Twp,41,42,97.27,30504.0,2021,5
Versant Power,Maine,Penobscot,T4 Indian Purchase Twp,256,531,566.28,190464.0,2022,7
Versant Power,Maine,Unknown,Lucerne,417,690,3653.85,300240.0,2019,11
Versant Power,Maine,Hancock,Seal Cove,242,742,7341.83,180904.83,2017,10
Central Maine Power,Maine,Sagadahoc,West Bath,1336,1840,18837.11,962656.3,2019,11
Eastern Maine Power Cooperative,Maine,Penobscot,Unknown,952,1326,362.19,708287.99,2018,8
Versant Power,Maine,Washington,Edmunds Twp,84,127,106.17,43221.33,2017,10
Versant Power,Maine,Aroostook,Allagash,274,277,234.77,197990.71,2021,9
Versant Power,Maine,Washington,Lubec,1313,1348,3525.26,945827.32,2022,9
Versant Power,Maine,Penobscot,Orono,3558,4312,7634.19,2647455.18,2020,12
Versant Power,Maine,Hancock,Bucksport,157,386,914.68,79099.87,2023,9
Central Maine Power,Maine,Kennebec,Windsor,1287,2671,48017.5,958275.32,2017,10
Central Maine Power,Maine,York,Shapleigh,2401,2746,12197.83,1786498.53,2021,3
Central Maine Power,Maine,Oxford,West Paris,959,1139,3825.48,713747.48,2020,10
Central Maine Power,Maine,Hancock,Castine,760,769,4338.24,547603.97,2020,6
Central Maine Power,Maine,Somerset,Dennistown Plantation,23,24,36.44,16569.13,2020,9
Central Maine Power,Maine,York,Limington,1994,3290,29047.48,1483735.69,2020,8
Central Maine Power,Maine,Waldo,Freedom,388,444,2388.03,289198.03,2019,10
Central Maine Power,Maine,Somerset,Embden,1032,1316,16683.46,768164.11,2022,12
Central Maine Power,Maine,Somerset,East Moxie,6,12,15.01,4464.0,2020,5
Eastern Maine Power Cooperative,Maine,Penobscot,Springfield,706,1165,0.0,518489.64,2023,7
Versant Power,Maine,Hancock,Otis,800,1593,1547.69,595279.47,2021,7
Versant Power,Maine,Aroostook,Saint Francis,312,362,1657.89,232430.47,2022,12
Versant Power,Maine,Aroostook,Van Buren,3,93,2232.0,2232.0,2018,3
Versant Power,Maine,Aroostook,Silver Ridge Twp,43,55,0.2,24612.92,2023,9
Versant Power,Maine,Hancock,T10 Sd Bpp,66,330,3304.01,49104.0,2022,12
Versant Power,Maine,Unknown,Cedar Lake Twp,5809,12922,71141.78,4173668.11,2017,6
Central Maine Power,Maine,Somerset,Bigelow,1,2,22.33,720.0,2020,4
Versant Power,Maine,Hancock,Harborside,6,17,47.0,2062.0,2017,8
Central Maine Power,Maine,Waldo,Islesboro,1007,1583,4117.03,725269.44,2022,6
Central Maine Power,Maine,Piscataquis,Beaver Cove Plantation,262,524,1158.0,194928.0,2018,5
Central Maine Power,Maine,Franklin,Carthage,349,375,742.98,260101.93,2023,1
Versant Power,Maine,Penobscot,Indian Island,304,608,391.46,226417.81,2022,7
Versant Power,Maine,Penobscot,Chester,15,170,1950.63,4075.17,2017,10
Central Maine Power,Maine,Somerset,Brighton Plantation,49,98,40.13,35251.55,2023,4
Central Maine Power,Maine,Penobscot,Exeter,29,39,222.26,21576.0,2022,12
Central Maine Power,Maine,Somerset,Long Pond,95,237,3007.74,68400.0,2019,11
Central Maine Power,Maine,Knox,Washington,974,1348,15897.18,724655.99,2022,12
Versant Power,Maine,Washington,Marion Twp,18,19,83.17,2454.33,2017,10
Central Maine Power,Maine,Somerset,Moxie Gore,27,54,72.03,20782.68,2018,8
Central Maine Power,Maine,Kennebec,Randolph,977,979,3134.75,703740.48,2020,9
Central Maine Power,Maine,Franklin,Washington Twp,19,38,47.26,14136.0,2020,10
Central Maine Power,Maine,Somerset,Rockwood Strip T2r1,43,261,1877.14,30960.0,2017,11
Versant Power,Maine,Aroostook,Littleton,413,417,341.31,307548.4,2022,12
Eastern Maine Power Cooperative,Maine,Washington,Brookton,24,44,0.0,17789.92,2022,12
Versant Power,Maine,Hancock,Eastbrook,502,523,1312.99,373488.0,2020,3
Central Maine Power,Maine,Somerset,Solon,695,988,7727.2,517463.33,2018,10
Versant Power,Maine,Unknown,Saint John,162,318,530.97,116640.0,2018,6
Central Maine Power,Maine,Franklin,Perkins,19,589,14136.0,14136.0,2018,1
Central Maine Power,Maine,Lincoln,Boothbay,2960,4819,33465.56,2202785.61,2022,12
Versant Power,Maine,Piscataquis,Atkinson,182,273,184.38,135408.0,2019,8
Versant Power,Maine,Unknown,Saint John,162,4960,119040.0,120528.0,2017,12
Central Maine Power,Maine,Somerset,Rockwood Strip T1r1,11,22,16.5,8184.0,2018,7
Central Maine Power,Maine,Oxford,Hiram,1077,1416,7247.5,801274.93,2022,7
Versant Power,Maine,Aroostook,Blaine,428,443,2280.5,318984.53,2022,12
Central Maine Power,Maine,Franklin,Carrabassett Valley,2444,2521,5472.08,1818336.0,2018,1
Versant Power,Maine,Piscataquis,Barnard Twp,40,168,2683.43,29082.98,2020,4
Central Maine Power,Maine,Oxford,Sweden,394,403,405.27,290098.99,2023,7
Versant Power,Maine,Hancock,Blue Hill,2235,5062,44491.86,1662963.52,2022,12
Versant Power,Maine,Aroostook,Nashville,34,1054,25296.0,25296.0,2017,12
Central Maine Power,Maine,Lincoln,Edgecomb,991,1004,392.57,713756.17,2022,11
Versant Power,Maine,Unknown,Glenburn,185,1055,3395.33,131962.83,2017,9
Versant Power,Maine,Penobscot,Lee,598,2767,15052.23,444968.99,2020,12
Central Maine Power,Maine,Somerset,Misery Gore,10,20,11.66,7440.0,2019,1
Versant Power,Maine,Hancock,Sorrento,51,333,2508.5,32194.83,2017,8
Versant Power,Maine,Penobscot,Kenduskeag,8,12,18.5,6256.0,2017,9
Central Maine Power,Maine,Penobscot,Hampden,23,34,17.07,15456.0,2023,2
Versant Power,Maine,Aroostook,Allagash,274,549,1412.4,203856.0,2017,10
Versant Power,Maine,Unknown,Cyr Plantation,59,170,2392.39,42480.0,2019,11
Central Maine Power,Maine,Oxford,Dixfield,1299,2505,3756.3,935439.64,2023,4
Central Maine Power,Maine,Oxford,Sumner,587,1548,23483.47,437238.29,2020,12
Central Maine Power,Maine,Somerset,Moxie Gore,26,54,275.88,19805.97,2022,5
Central Maine Power,Maine,Knox,South Thomaston,1141,2390,27314.08,848909.42,2023,3
Central Maine Power,Maine,Somerset,Attean,1,2,0.0,718.12,2023,8
Eastern Maine Power Cooperative,Maine,Washington,Unknown,2803,3657,4452.17,2084081.38,2018,5
Versant Power,Maine,Unknown,Dedham,64,148,246.32,46670.17,2017,9
Central Maine Power,Maine,Kennebec,Leeds,1,2,31.0,744.0,2022,12
Central Maine Power,Maine,Franklin,Avon,293,824,5674.65,218348.96,2022,12
Central Maine Power,Maine,Somerset,Moscow,398,450,1793.9,296112.0,2021,3
Central Maine Power,Maine,Somerset,Tomhegan,178,356,1204.31,128773.67,2018,9
Central Maine Power,Maine,Piscataquis,Sebec,13,26,17.9,9672.0,2022,3
Versant Power,Maine,Aroostook,Perham,219,314,857.29,163447.5,2020,10
Central Maine Power,Maine,Cumberland,Denmark,2,4,4.67,1488.0,2022,7
Central Maine Power,Maine,Franklin,Salem,187,214,603.4,139523.0,2019,10
Versant Power,Maine,Unknown,"T2, R4, 6,7,8",57,107,177.97,42408.0,2018,12
Versant Power,Maine,Unknown,Trescott Twp,4690,36183,105828.34,3385953.22,2016,12
Central Maine Power,Maine,Franklin,Stetsontown,74,370,2540.66,55056.0,2017,10
Central Maine Power,Maine,Piscataquis,Beaver Cove Plantation,265,266,399.15,191446.15,2019,4
Versant Power,Maine,Aroostook,Garfield Plt,65,130,1577.38,48420.16,2022,12
Versant Power,Maine,Aroostook,Saint Francis,309,352,2176.95,222813.63,2020,11
Central Maine Power,Maine,Cumberland,Windham,8978,18524,138686.21,6464159.37,2017,11
Central Maine Power,Maine,Somerset,Bigelow,1,2,0.0,1178.51,2023,8
Versant Power,Maine,Hancock,Great Pond,57,171,1967.65,41040.0,2019,11
Central Maine Power,Maine,Cumberland,Chebeague Island,584,625,1445.43,434496.0,2018,3
Central Maine Power,Maine,Lincoln,Bristol,2954,5296,10008.93,2198266.47,2020,8
Versant Power,Maine,Washington,Machias,83,572,849.2,60065.7,2017,12
Versant Power,Maine,Hancock,Little Deer Isle,90,92,506.95,66960.0,2019,8
Central Maine Power,Maine,Somerset,Moose River,187,635,1933.19,139128.0,2022,12
Versant Power,Maine,Washington,Columbia,213,278,1994.95,158472.0,2019,10
Central Maine Power,Maine,Franklin,Fayette,1,2,2.33,720.0,2021,4
Central Maine Power,Maine,Somerset,Hartland,1131,3063,45506.24,814319.98,2017,11
Versant Power,Maine,Aroostook,Perham,156,345,2454.45,112669.23,2018,11
Versant Power,Maine,Penobscot,Millinocket,2710,2890,19365.68,2016464.47,2022,12
Versant Power,Maine,Penobscot,Burlington,91,203,137.33,50349.0,2017,8
Central Maine Power,Maine,Sagadahoc,Bowdoin,1431,2936,21831.9,1030789.32,2018,11
Central Maine Power,Maine,Lincoln,Edgecomb,952,1286,15235.76,708465.16,2019,10
Versant Power,Maine,Penobscot,Greenfield Twp,141,142,356.65,95409.33,2018,2
Central Maine Power,Maine,Somerset,Brighton Plantation,52,105,170.23,38688.0,2020,10
Central Maine Power,Maine,Kennebec,Vienna,454,633,2915.1,337950.38,2020,10
Versant Power,Maine,Hancock,Amherst,164,173,681.13,122457.02,2020,7
Versant Power,Maine,Penobscot,Herseytown Twp,19,20,47.96,14187.15,2021,3
Central Maine Power,Maine,Somerset,Rockwood Strip T1r1,11,22,20.17,5298.31,2018,1
Versant Power,Maine,Hancock,Southwest Harbor,1906,2228,3689.54,1372929.06,2022,11
Versant Power,Maine,Aroostook,Perham,123,216,139.71,91512.0,2018,5
Central Maine Power,Maine,Lincoln,Bristol,3035,4723,50859.44,2258536.41,2023,3
Versant Power,Maine,Penobscot,Millinocket,1932,2815,9871.49,1423816.06,2018,5
Central Maine Power,Maine,Franklin,Coplin Plantation,213,322,5565.5,158472.0,2017,10
Versant Power,Maine,Hancock,Osborn,46,117,454.77,30912.0,2019,2
Versant Power,Maine,Hancock,T7 Sd Bpp,22,50,249.65,16368.0,2022,12
Versant Power,Maine,Penobscot,Veazie,964,1076,611.47,717952.35,2021,3
Versant Power,Maine,Piscataquis,T4 R9 Nwp,3,5,10.66,2160.0,2022,11
Versant Power,Maine,Aroostook,Connor Twp,231,366,1005.15,171864.0,2020,10
Versant Power,Maine,Piscataquis,Orneville Twp,266,272,254.81,197904.0,2018,1
Central Maine Power,Maine,Franklin,Lang,64,177,1872.36,47880.52,2022,12
Central Maine Power,Maine,Franklin,Perkins,19,20,27.61,14229.97,2021,5
Central Maine Power,Maine,Sagadahoc,Georgetown,1207,1345,7317.23,869574.0,2020,9
Versant Power,Maine,Penobscot,Milford,500,597,131.83,357606.0,2017,9
Versant Power,Maine,Penobscot,Greenbush,547,618,4108.53,406968.0,2019,10
Versant Power,Maine,Hancock,East Blue Hill,68,73,316.16,50592.0,2018,3
Central Maine Power,Maine,Oxford,Andover North Surplus,3,12,165.32,2160.0,2019,11
Versant Power,Maine,Aroostook,Masardis,192,386,3319.33,143467.65,2020,12
Central Maine Power,Maine,Somerset,Moose River,206,212,10.0,148949.65,2019,4
Versant Power,Maine,Penobscot,Argyle Twp,30,705,5282.34,23226.33,2017,10
Versant Power,Maine,Piscataquis,Sebec,501,622,4532.88,372744.0,2018,10
Central Maine Power,Maine,Hancock,Castine,788,1927,2510.82,586384.94,2022,1
Versant Power,Maine,Penobscot,Milford,594,3233,55219.33,449635.33,2017,10
Central Maine Power,Maine,Waldo,Islesboro,1006,2037,3210.06,748864.17,2021,7
Versant Power,Maine,Unknown,Hancock Point,33,66,692.14,24552.0,2019,1
Central Maine Power,Maine,Piscataquis,Kingsbury Plantation,44,45,264.99,32736.0,2018,10
Eastern Maine Power Cooperative,Maine,Penobscot,Lakeville,327,1504,20584.87,243288.0,2022,12
Eastern Maine Power Cooperative,Maine,Washington,Grand Lake Stream,783,1559,1740.95,566892.97,2023,5
Central Maine Power,Maine,Lincoln,Waldoboro,3153,6264,30109.31,2346233.37,2023,3
Central Maine Power,Maine,Lincoln,South Bristol,1195,2475,8978.14,889410.84,2019,5
Versant Power,Maine,Aroostook,T17 R3 Wels,138,411,1775.79,99360.0,2022,11
Central Maine Power,Maine,Piscataquis,Abbot,567,1849,21737.16,408582.65,2019,11
Central Maine Power,Maine,Kennebec,Belgrade,2608,7047,126951.6,1877906.46,2020,4
Central Maine Power,Maine,Waldo,Stockton Springs,1131,1573,1084.79,841479.47,2020,7
Versant Power,Maine,Hancock,Eastbrook,506,512,3287.42,377195.34,2021,10
Central Maine Power,Maine,York,Cornish,888,956,1378.61,639408.16,2019,6
Versant Power,Maine,Piscataquis,Brownville,871,2907,26720.3,648311.2,2020,12
Versant Power,Maine,Washington,Pleasant Point,310,414,3026.48,223523.97,2020,4
Central Maine Power,Maine,Piscataquis,Big Squaw,70,127,200.0,52777.98,2021,12
Central Maine Power,Maine,Piscataquis,Kineo,36,74,88.74,26884.98,2022,10
Versant Power,Maine,Penobscot,Winn,238,239,383.93,172032.02,2023,4
Versant Power,Maine,Aroostook,Wade,144,163,302.31,103805.7,2022,9
Central Maine Power,Maine,Sagadahoc,Bath,5078,7811,83913.13,3778572.33,2022,12
Versant Power,Maine,Unknown,T28 Md,2,16,17.4,1742.74,2020,4
Central Maine Power,Maine,Franklin,Dallas Plantation,479,632,1617.88,356771.91,2021,3
Versant Power,Maine,Aroostook,T11 R4 Wels,128,185,266.63,92160.0,2022,4
Versant Power,Maine,Penobscot,Brewer,26,101,89.66,19671.5,2017,8
Versant Power,Maine,Hancock,Otis,792,794,3287.39,589896.84,2020,7
Versant Power,Maine,Unknown,Ta R7 Wels,967,1989,723.65,312000.2,2016,12
Versant Power,Maine,Unknown,Wallagrass Plt,392,928,5068.9,282855.79,2019,11
Versant Power,Maine,Aroostook,Winterville Plt,241,419,779.22,179959.46,2022,7
Versant Power,Maine,Hancock,Great Pond,66,198,428.1,49104.0,2020,8
Versant Power,Maine,Penobscot,Stacyville,148,289,168.37,110112.0,2018,10
Versant Power,Maine,Penobscot,Dixmont,109,334,3478.81,81711.98,2022,12
Versant Power,Maine,Penobscot,Olamon,6,15,254.67,4320.0,2017,11
Central Maine Power,Maine,Cumberland,Baldwin,904,3270,36017.4,672958.99,2022,12
Versant Power,Maine,Aroostook,Silver Ridge,47,49,151.74,33840.0,2018,11
Versant Power,Maine,Penobscot,Clifton,627,2190,14899.8,451440.0,2018,11
Versant Power,Maine,Penobscot,Maxfield,62,190,1613.04,45315.46,2019,11
Eastern Maine Power Cooperative,Maine,Aroostook,Moro,7,85,65.18,3854.69,2020,1
Versant Power,Maine,Washington,Addison,756,1577,15840.06,562462.9,2019,10
Central Maine Power,Maine,Waldo,Stockton Springs,1170,2125,25406.89,871079.82,2022,12
Central Maine Power,Maine,Franklin,Rangeley,1932,4261,43692.06,1391039.93,2017,11
Versant Power,Maine,Hancock,Bucksport,155,172,523.24,111600.0,2020,9
Central Maine Power,Maine,Franklin,Livermore,3,5,3.02,2232.0,2021,1
Central Maine Power,Maine,Piscataquis,Blanchard Plantation,111,333,4944.31,79920.0,2019,11
Versant Power,Maine,Hancock,Great Pond,55,385,5847.76,39600.0,2017,11
Central Maine Power,Maine,Sagadahoc,Phippsburg,2058,3840,55543.33,1531778.22,2020,12
Central Maine Power,Maine,York,South Berwick,3528,5350,15323.4,1983874.69,2023,9
Central Maine Power,Maine,Hancock,Orland,1530,5271,79754.02,1101599.99,2017,11
Central Maine Power,Maine,Somerset,Lexington,157,173,1760.29,117476.3,2021,3
Versant Power,Maine,Penobscot,Grindstone Twp,50,100,342.74,37200.0,2021,10
Central Maine Power,Maine,Oxford,Byron,102,126,1195.46,73440.0,2017,11
Central Maine Power,Maine,Somerset,Lexington,156,464,6364.49,112320.0,2017,11
Central Maine Power,Maine,Penobscot,Newburgh,64,182,647.52,46080.0,2018,11
Eastern Maine Power Cooperative,Maine,Aroostook,Ludlow,12,19,22.05,8433.33,2022,2
Versant Power,Maine,Penobscot,Lincoln,73,285,632.29,50149.5,2017,8
Central Maine Power,Maine,Somerset,Tomhegan,184,721,960.75,132480.0,2020,11
Central Maine Power,Maine,Oxford,Stoneham,370,2063,31747.63,275718.3,2020,12
Versant Power,Maine,Aroostook,T16 R5 Wels,31,32,33.89,15546.2,2020,4
Central Maine Power,Maine,Cumberland,Baldwin,907,1086,2515.39,610124.7,2023,2
Versant Power,Maine,Penobscot,Soldiertown Twp T2 R7 Wels,11,18,10.49,7920.0,2022,6
Versant Power,Maine,Hancock,Franklin,1090,2029,8276.95,810959.98,2019,1
Central Maine Power,Maine,Oxford,Hiram,1054,1267,11222.35,759599.14,2019,11
Central Maine Power,Maine,Piscataquis,Harfords Point,143,4402,105648.0,106392.0,2017,12
Versant Power,Maine,Piscataquis,Medford,154,252,231.62,114576.0,2019,1
Versant Power,Maine,Penobscot,Levant,23,48,902.0,915.5,2017,10
Central Maine Power,Maine,Somerset,Brassua,1,5,20.69,744.0,2021,3
Central Maine Power,Maine,Franklin,Washington Twp,19,38,63.29,14136.0,2021,7
Versant Power,Maine,Penobscot,Newburgh,776,1010,1703.18,521926.05,2023,2
Versant Power,Maine,Unknown,Lakeview Plt,448,587,5184.04,322560.0,2018,11
Central Maine Power,Maine,Franklin,Stetsontown,71,297,321.34,52376.68,2023,5
Central Maine Power,Maine,York,Newfield,1242,1250,4394.17,924728.18,2018,8
Central Maine Power,Maine,Kennebec,Fayette,919,953,3328.6,661680.0,2018,11
Central Maine Power,Maine,Waldo,Morrill,448,959,15758.99,334051.33,2017,10
Central Maine Power,Maine,Somerset,Starks,302,548,6192.87,218152.49,2019,11
Versant Power,Maine,Penobscot,Greenfield Twp,161,561,3859.54,119784.0,2020,12
Central Maine Power,Maine,Franklin,Kingfield,827,828,3653.0,595967.67,2017,9
Versant Power,Maine,Penobscot,Corinna,17,51,638.2,12240.0,2018,11
Central Maine Power,Maine,Lincoln,Southport,1180,1182,0.0,843403.41,2023,6
Versant Power,Maine,Washington,T19 Md Bpp,40,44,79.93,29760.0,2021,3
Versant Power,Maine,Hancock,Sorrento,346,369,2259.04,232512.0,2022,2
Central Maine Power,Maine,Oxford,Porter,930,1162,2062.68,692504.65,2020,7
Central Maine Power,Maine,Penobscot,Hermon,2630,5740,78350.43,1956738.63,2017,10
Central Maine Power,Maine,Piscataquis,Beaver Cove Plantation,261,706,677.73,194881.98,2021,12
Versant Power,Maine,Penobscot,Chester,85,148,261.29,57120.0,2018,2
Eastern Maine Power Cooperative,Maine,Washington,Danforth,3466,3514,1182.37,2579101.96,2022,7
Versant Power,Maine,Aroostook,Winterville Plt,242,507,489.3,180048.0,2022,5
Central Maine Power,Maine,York,Lyman,2413,2803,3492.29,1795378.37,2022,8
Versant Power,Maine,Hancock,Bernard,205,481,6670.41,152759.46,2019,10
Central Maine Power,Maine,York,Kennebunkport,3613,6145,79717.36,2601359.89,2017,11
Eastern Maine Power Cooperative,Maine,Aroostook,Reed,194,569,474.24,139680.0,2022,11
Versant Power,Maine,Unknown,T4 Indian Purchase,11,31,31.98,8461.77,2018,5
Central Maine Power,Maine,Somerset,TAUNTON   RAYNHAM ACADEMY GRANT,601,1203,1953.85,447454.33,2022,1
Central Maine Power,Maine,Piscataquis,Lily Bay,113,340,361.49,84072.0,2020,5
Versant Power,Maine,Unknown,Greenfield Twp,381,930,1263.21,131712.23,2016,11
Central Maine Power,Maine,Penobscot,Levant,1324,1463,4811.6,953640.14,2018,6
Central Maine Power,Maine,Somerset,Taunton & Raynham Academy Grant,590,643,2434.58,439129.18,2020,8
Central Maine Power,Maine,Somerset,Harmony,595,1802,27369.4,428904.97,2020,4
Versant Power,Maine,Unknown,T 3 R 9 Nwp,1,2,5.33,744.0,2018,5
Central Maine Power,Maine,Somerset,Moscow,376,459,373.5,271417.83,2017,9
Versant Power,Maine,Aroostook,T1 R8 Wels,27,78,583.09,20429.13,2020,10
Central Maine Power,Maine,Kennebec,Chelsea,1317,2753,48267.83,948239.97,2017,11
Versant Power,Maine,Penobscot,Old Town,3907,10366,153641.79,2813039.72,2017,11
Central Maine Power,Maine,Piscataquis,Kingsbury Plantation,39,78,102.99,26208.0,2023,2
Versant Power,Maine,Hancock,Waltham,219,629,4079.47,158236.5,2018,11
Central Maine Power,Maine,Penobscot,Corinna,1214,1290,21892.79,903332.83,2020,12
Versant Power,Maine,Hancock,Fletchers Landing Twp,20,620,14880.0,14880.0,2018,1
Versant Power,Maine,Unknown,T 3 R 9 Nwp,5810,12301,63988.27,4173668.17,2017,6
Versant Power,Maine,Penobscot,Exeter,516,671,1259.74,384579.49,2021,7
Central Maine Power,Maine,Oxford,Upton,180,352,747.41,133920.0,2021,1
Versant Power,Maine,Hancock,Sorrento,332,668,8072.35,247351.96,2019,1
Versant Power,Maine,Unknown,Devereaux Twp,25,26,47.17,18000.0,2017,11
Central Maine Power,Maine,Somerset,Dennistown Plantation,23,46,11.49,17112.0,2018,7
Central Maine Power,Maine,Sagadahoc,Arrowsic,321,359,5442.39,238824.0,2023,3
Central Maine Power,Maine,Somerset,The Forks Plantation,216,562,972.12,160852.69,2020,10
Versant Power,Maine,Piscataquis,T1 R9 Wels,347,492,1924.78,258389.82,2021,3
Central Maine Power,Maine,Franklin,Kingfield,843,3364,29395.57,627816.29,2020,12
Versant Power,Maine,Penobscot,Lagrange,397,756,2502.86,285840.0,2019,4
Central Maine Power,Maine,Somerset,Rockwood Strip T1r1,11,22,38.2,8184.0,2022,10
Central Maine Power,Maine,Piscataquis,Harfords Point,146,147,0.0,108494.2,2023,7
Versant Power,Maine,Piscataquis,Orneville Twp,270,284,425.94,194400.0,2020,11
Central Maine Power,Maine,Waldo,Troy,555,639,1201.79,399923.03,2021,6
Central Maine Power,Maine,Somerset,Tomhegan,238,587,951.47,171406.65,2022,6
Central Maine Power,Maine,Cumberland,Pownal,836,954,2208.84,619879.68,2023,5
Central Maine Power,Maine,Oxford,Peru,1047,1059,1750.01,779253.96,2022,8
Versant Power,Maine,Unknown,T22 Md,28,57,819.01,20832.0,2019,10
Central Maine Power,Maine,Oxford,Hiram,1037,1203,8931.73,771822.83,2018,10
Central Maine Power,Maine,Somerset,Highland Plantation,49,147,1902.92,36456.0,2019,10
Central Maine Power,Maine,Franklin,Madrid,199,704,14353.66,143358.33,2017,11
Central Maine Power,Maine,Somerset,Sapling,14,26,104.01,10694.84,2020,6
Eastern Maine Power Cooperative,Maine,Washington,Cooper,262,366,119.05,195343.13,2021,12
Central Maine Power,Maine,Franklin,Dallas Plantation,479,606,6790.67,356376.0,2017,10
Central Maine Power,Maine,Androscoggin,Lisbon,4800,6456,37783.73,2576283.56,2023,9
Versant Power,Maine,Aroostook,Smyrna Mills,92,2024,46582.67,68448.0,2017,10
Central Maine Power,Maine,Franklin,Industry,574,584,2271.68,427691.99,2018,7
Versant Power,Maine,Piscataquis,Williamsburg Twp,53,84,122.63,39432.0,2020,7
Central Maine Power,Maine,Franklin,Wyman,161,427,931.08,119784.0,2020,10
Versant Power,Maine,Aroostook,Saint Agatha,667,740,1291.5,496582.51,2020,10
Versant Power,Maine,Washington,Trescott Twp,2,12,48.49,1081.0,2017,10
Versant Power,Maine,Penobscot,Bradford,642,1270,3424.77,462239.67,2017,9
Central Maine Power,Maine,Franklin,Chesterville,833,840,5127.88,600447.5,2020,9
Versant Power,Maine,Unknown,T30 Md Bpp,1,28,672.0,672.0,2018,2
Versant Power,Maine,Washington,Marshfield,283,589,794.75,203760.0,2020,6
Central Maine Power,Maine,Somerset,Long Pond,95,99,264.69,68400.0,2019,4
Central Maine Power,Maine,Sagadahoc,Richmond,2045,2128,6554.77,1521540.9,2023,1
Versant Power,Maine,Penobscot,Patten,382,826,5084.84,284900.85,2021,3
Central Maine Power,Maine,Franklin,Madrid,211,559,4260.05,156984.0,2022,12
Central Maine Power,Maine,Somerset,Moose River,213,215,8.5,158472.0,2019,10
Central Maine Power,Maine,Kennebec,Pittston,1424,2915,5941.32,957430.97,2018,2
Versant Power,Maine,Penobscot,Hudson,816,4496,25400.64,1175039.96,2018,11
Versant Power,Maine,Unknown,Dyer Brook,23,185,123.33,18401.17,2017,8
Central Maine Power,Maine,Somerset,Concord,126,211,3643.39,90720.0,2020,4
Versant Power,Maine,Aroostook,Monticello,299,321,1833.22,201192.83,2017,8
Central Maine Power,Maine,Kennebec,Rome,1113,1579,2389.72,828330.65,2019,7
Central Maine Power,Maine,York,Kittery,6293,7129,70111.13,4682233.03,2018,3
Central Maine Power,Maine,Lincoln,Edgecomb,928,2066,34217.02,690905.46,2017,10
Versant Power,Maine,Unknown,Pretty Marsh,13,222,1794.79,9986.0,2017,10
Versant Power,Maine,Unknown,Grand Falls Twp,17,34,93.51,12648.0,2018,10
Central Maine Power,Maine,York,North Berwick,2454,2759,4361.54,1825848.4,2020,7
Central Maine Power,Maine,Waldo,Stockton Springs,1100,2155,34519.33,819139.32,2017,10
Versant Power,Maine,Unknown,Woodland,5087,9513,30677.37,3695408.42,2016,12
Versant Power,Maine,Washington,Columbia Falls,368,540,3469.98,273986.47,2022,12
Central Maine Power,Maine,Oxford,Byron,115,315,2555.97,86267.48,2021,3
Versant Power,Maine,Washington,Devereaux Twp,29,58,207.77,21576.0,2021,10
Central Maine Power,Maine,Sagadahoc,Georgetown,1199,1210,50.17,863280.0,2018,6
Versant Power,Maine,Aroostook,Winterville,237,362,254.2,47832.79,2018,7
Central Maine Power,Maine,Somerset,Dennistown Plantation,26,28,57.78,18748.08,2021,9
Versant Power,Maine,Hancock,Brooklin,947,3184,27977.4,682109.96,2017,11
Central Maine Power,Maine,Lincoln,WARREN,2,4,15.0,803.29,2021,7
Versant Power,Maine,Aroostook,Ashland,73,183,409.67,50059.34,2017,8
Central Maine Power,Maine,Oxford,Hebron,574,1262,653.54,413821.35,2022,6
Central Maine Power,Maine,Somerset,Dennistown Plantation,21,63,528.5,15624.0,2017,10
Central Maine Power,Maine,Hancock,Ellsworth,4,16,149.35,2880.0,2017,11
Versant Power,Maine,Penobscot,Hudson,816,2668,2956.96,1175040.0,2019,9
Central Maine Power,Maine,Oxford,Denmark,1254,2028,33263.7,933814.5,2020,12
Versant Power,Maine,Penobscot,Carmel,52,384,8964.84,37440.0,2017,11
Versant Power,Maine,Penobscot,Patten,381,769,1601.74,274320.0,2018,6
Versant Power,Maine,Unknown,T1 R9 Wels,335,549,814.61,225120.0,2019,2
Eastern Maine Power Cooperative,Maine,Washington,Baileyville,27,41,16.83,18921.96,2020,1
Versant Power,Maine,Unknown,Allagash,152,279,512.83,110288.5,2017,9
Versant Power,Maine,Penobscot,Lowell,254,284,920.7,182880.0,2020,9
Central Maine Power,Maine,Waldo,Palermo,1026,3353,49355.51,739301.92,2020,4
Central Maine Power,Maine,Franklin,Perkins,18,380,8751.59,12552.51,2018,2
Eastern Maine Power Cooperative,Maine,Washington,Robbinston,996,1104,1277.86,741024.0,2022,12
Central Maine Power,Maine,Cumberland,Chebeague Island,582,2951,34698.03,433160.66,2019,10
Central Maine Power,Maine,Lincoln,South Bristol,1188,2289,24981.03,856015.67,2019,11
Central Maine Power,Maine,Androscoggin,Freeport,1,3,4.82,720.0,2021,9
Central Maine Power,Maine,Oxford,Milton,74,123,932.74,55056.0,2018,5
Central Maine Power,Maine,Somerset,Taunton & Raynham Academy Grant,584,1168,2125.66,434496.0,2019,1
Central Maine Power,Maine,Somerset,West Forks Plantation,116,350,271.56,86423.84,2017,12
Versant Power,Maine,Penobscot,T2 R8 Nwp,3,5,16.78,2564.52,2022,12
Versant Power,Maine,Unknown,Mt Desert,235,705,274.36,174840.0,2018,5
Central Maine Power,Maine,Penobscot,Etna,639,1055,4544.21,475456.31,2020,8
Central Maine Power,Maine,Piscataquis,Greenville,1783,2860,3896.49,1326864.45,2018,5
Central Maine Power,Maine,Somerset,Hartland,1162,2950,48174.99,864527.02,2020,12
Versant Power,Maine,Penobscot,Mattamiscontis Twp,37,72,72.02,27528.0,2019,8
Central Maine Power,Maine,Lincoln,Nobleboro,1425,2047,3886.76,1033223.47,2023,7
Versant Power,Maine,Penobscot,Eddington,7,37,21.67,5204.0,2017,9
Versant Power,Maine,Washington,T30 Md Bpp,1,2,7.17,744.0,2021,10
Versant Power,Maine,Penobscot,Woodville,114,164,102.33,84816.0,2018,1
Versant Power,Maine,Unknown,"T16, R4, 5,6,8,9",251,281,824.04,187175.98,2018,8
Versant Power,Maine,Washington,T19 Md Bpp,41,42,81.99,25277.37,2022,12
Central Maine Power,Maine,Lincoln,Alna,391,1245,19857.97,281520.0,2017,11
Central Maine Power,Maine,Franklin,Rangeley Plantation,558,2852,30415.14,401760.0,2017,11
Versant Power,Maine,Penobscot,Orono,3521,3563,6981.36,2619623.97,2018,12
Central Maine Power,Maine,Oxford,Adamstown,69,207,1563.7,51336.0,2020,7
Central Maine Power,Maine,Hancock,Penobscot,859,2716,46061.56,618983.94,2020,4
Eastern Maine Power Cooperative,Maine,Washington,Danforth,448,1861,1468.83,329986.61,2021,10
Versant Power,Maine,Hancock,Swans Island,521,1552,4916.08,387885.33,2021,5
Versant Power,Maine,Washington,Jonesport,967,1065,5686.76,699459.36,2020,4
Central Maine Power,Maine,Somerset,Moxie Gore,28,56,65.33,20832.0,2020,10
Central Maine Power,Maine,Somerset,Rockwood Strip T2r1,46,124,292.81,33120.0,2020,9
Versant Power,Maine,Penobscot,Dixmont,115,417,2742.62,82800.0,2019,11
Eastern Maine Power Cooperative,Maine,Aroostook,Littleton,5,8,0.0,4213.59,2022,5
Versant Power,Maine,Penobscot,Herseytown Twp,20,40,25.14,14400.0,2022,11
Central Maine Power,Maine,Piscataquis,Abbot,611,814,750.61,454584.0,2023,3
Eastern Maine Power Cooperative,Maine,Aroostook,Amity,476,568,335.68,342554.1,2022,11
Versant Power,Maine,Aroostook,Castle Hill,235,5196,119347.83,121349.83,2017,10
Versant Power,Maine,Aroostook,Presque Isle,110,200,272.97,79443.5,2017,9
Central Maine Power,Maine,Oxford,Gilead,175,224,621.01,130365.34,2018,8
Central Maine Power,Maine,Hancock,Bucksport,2669,4914,64753.32,1922400.1,2020,4
Versant Power,Maine,Washington,Jonesport,759,803,820.59,546479.99,2018,11
Versant Power,Maine,Washington,Eastport,21,24,39.67,15120.0,2017,9
Central Maine Power,Maine,Somerset,Misery Gore,10,51,706.7,7440.0,2020,12
Central Maine Power,Maine,Hancock,Verona,339,358,295.93,252485.65,2022,7
Versant Power,Maine,Penobscot,Costigan,13,165,3885.37,9672.0,2017,12
Versant Power,Maine,Aroostook,Blaine,418,706,3182.76,300960.0,2018,11
Central Maine Power,Maine,Oxford,Byron,120,210,1415.46,89280.0,2022,12
Central Maine Power,Maine,Cumberland,Pownal,836,2373,27986.68,621983.97,2022,12
Versant Power,Maine,Hancock,Cranberry Isles,190,217,968.6,7994.1,2017,10
Eastern Maine Power Cooperative,Maine,Washington,Baileyville,33,48,4.14,24147.94,2022,1
Central Maine Power,Maine,Oxford,Adamstown,67,136,742.0,46688.66,2020,2
Central Maine Power,Maine,Franklin,Eustis,858,963,1958.46,617760.0,2018,9
Central Maine Power,Maine,Kennebec,Hallowell,1548,3074,25639.45,1114560.0,2017,11
Central Maine Power,Maine,Penobscot,Exeter,24,38,116.29,17856.0,2020,5
Versant Power,Maine,Penobscot,Mattamiscontis Twp,36,61,54.42,27301.32,2020,7
Versant Power,Maine,Washington,Milbridge,20,29,12.17,13586.67,2017,8
Versant Power,Maine,Penobscot,Herseytown,14,434,10416.0,10416.0,2018,1
Central Maine Power,Maine,York,Lyman,2340,2647,3423.33,1684843.57,2020,9
Central Maine Power,Maine,Franklin,Avon,292,884,1715.48,210616.69,2021,4
Central Maine Power,Maine,Kennebec,Vienna,446,486,3802.75,331824.0,2018,5
Central Maine Power,Maine,Piscataquis,Harmony,5,8,6.51,3600.0,2021,9
Versant Power,Maine,Washington,Machiasport,653,922,8113.31,373406.8,2023,9
Central Maine Power,Maine,Cumberland,Sebago,1660,3400,62041.0,1235184.66,2017,10
Versant Power,Maine,Penobscot,Orono,3553,11667,18001.22,2643463.62,2020,8
Central Maine Power,Maine,Penobscot,Jackson,3,6,8.49,2232.0,2022,7
Central Maine Power,Maine,Somerset,Norridgewock,1730,3291,8426.89,1287737.47,2018,10
Central Maine Power,Maine,Somerset,Taunton & Raynham Academy Grant,584,588,198.67,420919.99,2019,9
Versant Power,Maine,Unknown,Township 8,4314,8986,25362.93,1651616.11,2016,12
Central Maine Power,Maine,Franklin,New Sharon,840,878,1003.8,625534.14,2021,5
Central Maine Power,Maine,Franklin,Stetsontown,75,175,1580.46,55800.0,2018,10
Central Maine Power,Maine,Hancock,Penobscot,858,1830,15684.8,639110.5,2020,12
Central Maine Power,Maine,York,Lyman,2433,3642,12696.62,1392409.72,2023,9
Central Maine Power,Maine,Oxford,Adamstown,68,136,204.2,48960.0,2019,4
Central Maine Power,Maine,Waldo,Islesboro,981,1986,4464.66,729864.0,2018,10
Central Maine Power,Maine,Knox,Jefferson,1,2,23.16,744.0,2022,12
Central Maine Power,Maine,Penobscot,Corinth,20,40,43.34,14880.0,2018,5
Versant Power,Maine,Aroostook,Winterville Plt,244,480,319.87,181848.65,2022,10
Central Maine Power,Maine,York,Cornish,912,1931,16184.95,679018.77,2020,8
Versant Power,Maine,Piscataquis,Medford,171,284,525.41,127224.0,2023,3
Central Maine Power,Maine,Piscataquis,Wellington,180,597,4274.0,129600.0,2017,11
Central Maine Power,Maine,Cumberland,Freeport,5139,12157,138864.38,3823825.91,2022,12
Central Maine Power,Maine,Penobscot,Jackson,3,6,11.5,2232.0,2022,8
Central Maine Power,Maine,Piscataquis,Big Squaw,65,260,359.33,48466.18,2018,5
Central Maine Power,Maine,Somerset,Madison,1176,1539,19355.18,847259.47,2019,11
Versant Power,Maine,Hancock,Castine,1,4,13.54,744.0,2022,1
Central Maine Power,Maine,Franklin,Avon,296,303,403.68,217898.84,2023,7
Versant Power,Maine,Hancock,Aurora,109,216,452.74,78777.29,2018,6
Central Maine Power,Maine,Knox,Cushing,1024,1898,1612.66,737592.99,2020,6
Versant Power,Maine,Aroostook,Oakfield,316,950,3623.38,235569.48,2020,12
Central Maine Power,Maine,Penobscot,Stetson,713,753,463.79,513750.63,2020,6
Central Maine Power,Maine,Kennebec,Smithfield,2,3,8.32,1440.0,2022,6
Central Maine Power,Maine,Knox,Cushing,1070,2307,11745.08,796164.56,2022,12
Versant Power,Maine,Aroostook,Portage Lake,545,1090,911.47,392400.0,2022,11
Versant Power,Maine,Hancock,Mariaville,396,829,1868.93,285315.09,2018,6
Central Maine Power,Maine,Somerset,Tomhegan,235,238,361.52,169721.97,2021,11
Central Maine Power,Maine,Somerset,Lexington,158,235,563.53,118062.49,2020,3
Eastern Maine Power Cooperative,Maine,Aroostook,Littleton,252,311,0.0,144122.81,2023,9
Versant Power,Maine,Aroostook,Perham,122,1806,41481.33,87840.0,2017,11
Central Maine Power,Maine,Androscoggin,Leeds,1128,1232,824.34,839771.03,2017,12
Eastern Maine Power Cooperative,Maine,Washington,Vanceboro,27,38,10.32,19598.26,2020,1
Central Maine Power,Maine,Knox,Camden,3797,4811,43219.46,2825669.28,2022,12
Central Maine Power,Maine,Oxford,Gilead,174,374,5000.79,125280.0,2019,11
Central Maine Power,Maine,Oxford,Porter,931,2353,25119.1,692663.99,2020,8
Versant Power,Maine,Aroostook,Sherman,457,483,904.61,329050.96,2022,9
Versant Power,Maine,Aroostook,Saint John Plt,163,480,612.85,117360.0,2020,6
Central Maine Power,Maine,Kennebec,Belgrade,2683,5016,9836.9,1932423.28,2023,4
Versant Power,Maine,Hancock,Mariaville,441,498,924.94,317873.18,2022,4
Versant Power,Maine,Aroostook,Van Buren,3,84,2016.0,2016.0,2018,2
Central Maine Power,Maine,Hancock,Penobscot,860,1129,1790.81,640373.65,2022,1
Central Maine Power,Maine,Sagadahoc,Bowdoin,1432,1446,2608.18,1065977.51,2018,8
Central Maine Power,Maine,Hancock,Penobscot,872,970,1616.33,649253.23,2022,10
Versant Power,Maine,Aroostook,T1 R8 Wels,27,82,1020.28,13540.24,2020,4
Versant Power,Maine,Penobscot,Eddington,1219,1247,439.17,906935.99,2018,1
Versant Power,Maine,Unknown,T1 R8 Wels,20,400,9380.0,14400.0,2017,11
Central Maine Power,Maine,Piscataquis,Harfords Point,139,507,4199.81,103990.01,2020,12
Central Maine Power,Maine,Kennebec,Windsor,1315,2184,1973.92,947063.51,2019,6
Central Maine Power,Maine,Piscataquis,Harfords Point,143,289,822.33,102960.0,2018,9
Central Maine Power,Maine,Somerset,Brassua,1,2,10.08,672.0,2022,2
Versant Power,Maine,Penobscot,Bangor,745,1537,1831.51,534518.33,2017,9
Versant Power,Maine,Aroostook,Easton,722,785,2564.53,519839.99,2018,11
Versant Power,Maine,Piscataquis,Orneville Twp,278,355,3087.77,157504.03,2023,9
Versant Power,Maine,Washington,Milbridge,739,1804,10181.44,529578.6,2018,11
Central Maine Power,Maine,Oxford,Magalloway Plantation,76,154,276.68,54860.35,2022,4
Versant Power,Maine,Penobscot,Edinburg,46,204,250.0,8006.5,2017,10
Eastern Maine Power Cooperative,Maine,Penobscot,Unknown,1575,4825,8231.3,1171799.98,2019,7
Versant Power,Maine,Aroostook,Nashville Plt,34,68,49.18,25296.0,2020,5
Central Maine Power,Maine,Piscataquis,Bowerbank,30,60,224.93,22320.0,2018,8
Central Maine Power,Maine,Oxford,Upton,180,594,2580.18,134630.65,2021,3
Versant Power,Maine,Aroostook,Presque Isle,2387,3609,7415.7,1775927.98,2018,7
Versant Power,Maine,Penobscot,Medway,783,1547,8047.0,583230.12,2022,12
Versant Power,Maine,Piscataquis,Sebec,510,1537,6409.82,367246.8,2019,11
Central Maine Power,Maine,Piscataquis,Greenville,1906,2005,1922.69,1418365.76,2021,10
Versant Power,Maine,Hancock,Sorrento,334,677,676.88,248506.99,2019,3
Central Maine Power,Maine,Franklin,Dallas Plantation,494,2085,21250.71,368188.61,2022,12
Central Maine Power,Maine,Kennebec,Mt Vernon,1318,2642,1057.95,886298.69,2019,2
Versant Power,Maine,Aroostook,T16 R6 Wels,1,2,2.33,744.0,2022,10
Central Maine Power,Maine,Oxford,Stoneham,356,421,803.48,265360.06,2021,8
Central Maine Power,Maine,Lincoln,Bristol,2901,5512,66386.31,2158691.18,2017,10
Central Maine Power,Maine,Androscoggin,OXFORD,4,6,14.67,2976.0,2022,10
Central Maine Power,Maine,Piscataquis,Beaver Cove Plantation,267,534,932.87,198648.0,2022,8
Central Maine Power,Maine,Piscataquis,Lily Bay,113,226,394.81,84072.0,2022,8
Versant Power,Maine,Hancock,Amherst,167,319,481.47,120240.0,2021,4
Versant Power,Maine,Aroostook,Westmanland,117,236,3011.8,84240.0,2019,11
Central Maine Power,Maine,Piscataquis,Sebec,18,44,261.93,13392.0,2020,10
Central Maine Power,Maine,York,Lyman,2381,3191,8914.3,1771964.85,2021,8
Versant Power,Maine,Washington,Cathance Twp,9,16,25.25,6996.35,2022,4
Central Maine Power,Maine,Piscataquis,Kingsbury Plantation,44,129,420.5,32736.0,2018,7
Versant Power,Maine,Aroostook,Oxbow North Twp,73,146,390.51,54312.0,2021,12
Central Maine Power,Maine,Androscoggin,Turner,2938,4999,21895.11,2186037.8,2018,7
Central Maine Power,Maine,Cumberland,Frye Island,574,1297,13112.19,427454.77,2022,7
Central Maine Power,Maine,Piscataquis,Parkman,517,630,734.64,371369.51,2023,6
Central Maine Power,Maine,Cumberland,Pownal,824,873,2493.85,554044.96,2021,2
Central Maine Power,Maine,Lincoln,Waldoboro,3120,3417,2467.51,2321579.1,2022,3
Central Maine Power,Maine,Franklin,Washington Twp,19,38,65.46,13680.0,2022,11
Central Maine Power,Maine,Lincoln,Harpswell,1,2,21.36,744.0,2023,3
Central Maine Power,Maine,Piscataquis,Big Squaw,71,178,265.71,51120.0,2022,6
Versant Power,Maine,Piscataquis,Dover-foxcroft,17,31,45.49,12240.0,2020,6
Central Maine Power,Maine,Waldo,Prospect,370,1509,13238.0,266400.0,2017,11
Central Maine Power,Maine,Oxford,Lower Cupsuptic,8,24,58.66,5952.0,2018,1
Versant Power,Maine,Penobscot,Seboeis Plt,57,113,86.73,41040.0,2020,6
Central Maine Power,Maine,Oxford,Jay,3,6,9.18,2828.65,2021,12
Central Maine Power,Maine,Knox,Rockport,2509,2711,25694.66,1866896.27,2017,10
Central Maine Power,Maine,Oxford,Andover,657,658,2976.64,473052.31,2020,9
Versant Power,Maine,Penobscot,T4 Indian Purchase Twp,257,766,1722.39,191938.7,2021,3
Versant Power,Maine,Penobscot,T3 Indian Purchase Twp,145,294,2361.74,107880.0,2020,10
Versant Power,Maine,Hancock,Hulls Cove,43,773,10445.47,34919.83,2017,10
Versant Power,Maine,Piscataquis,Williamsburg Twp,51,82,820.62,36720.0,2018,11
Central Maine Power,Maine,Oxford,Sweden,379,681,2515.19,281997.63,2021,3
Versant Power,Maine,Aroostook,Fort Kent,2442,3798,3994.41,1816957.69,2022,1
Versant Power,Maine,Penobscot,Maxfield,65,292,3476.32,46860.14,2020,4
Versant Power,Maine,Hancock,Mariaville,117,420,521.86,25695.16,2017,9
Central Maine Power,Maine,Lincoln,Nobleboro,1398,2709,36304.05,1040620.4,2019,10
Central Maine Power,Maine,Knox,Friendship,963,1903,4523.88,693459.13,2020,11
Central Maine Power,Maine,Waldo,Searsmont,861,1347,2486.71,619955.31,2018,9
Central Maine Power,Maine,Somerset,Concord,125,248,928.13,93000.0,2020,10
Central Maine Power,Maine,Androscoggin,Pownal,30,89,388.27,22320.0,2022,10
Central Maine Power,Maine,Somerset,Rockwood Strip T1r1,11,44,150.22,8184.0,2021,3
Central Maine Power,Maine,Piscataquis,Lily Bay,113,339,753.49,84072.0,2022,7
Central Maine Power,Maine,Somerset,East Moxie,6,168,3659.0,4320.0,2017,11
Versant Power,Maine,Washington,Pembroke,522,553,4679.84,376423.42,2020,4
Central Maine Power,Maine,Hancock,Ellsworth,5,10,48.18,2772.7,2023,9
Central Maine Power,Maine,Waldo,Lincolnville,1745,4433,59922.71,1298293.95,2017,10
Central Maine Power,Maine,Oxford,Adamstown,64,130,391.14,43609.23,2023,2
Central Maine Power,Maine,Penobscot,Glenburn,211,408,614.37,152434.11,2021,6
Versant Power,Maine,Penobscot,Eddington,1250,1740,1019.17,930262.02,2021,1
Central Maine Power,Maine,York,Alfred,1653,3154,12346.29,1230491.01,2020,12
Central Maine Power,Maine,Waldo,Islesboro,1004,1022,666.97,723324.71,2022,4
Central Maine Power,Maine,Somerset,Attean,1,2,2.5,287.33,2017,12
Versant Power,Maine,Aroostook,Benedicta,167,192,348.17,82412.66,2017,8
Central Maine Power,Maine,Somerset,Bingham,623,1179,2647.58,463990.52,2022,10
Versant Power,Maine,Washington,Columbia Falls,373,625,3243.58,205768.76,2023,9
Central Maine Power,Maine,Oxford,Gilead,181,625,6388.9,135021.16,2022,12
Central Maine Power,Maine,Piscataquis,Kineo,35,140,466.84,26040.0,2021,3
Central Maine Power,Maine,Oxford,Riley,2,4,2.68,1392.32,2019,11
Central Maine Power,Maine,Lincoln,Westport,635,1296,1866.72,457850.64,2021,11
Versant Power,Maine,Hancock,Islesford,182,190,315.21,126443.96,2020,2
Central Maine Power,Maine,Franklin,Phillips,705,1813,32022.22,525121.4,2020,12
Versant Power,Maine,Unknown,Larrabee,17,34,90.67,12648.0,2019,7
Central Maine Power,Maine,Oxford,Lower Cupsuptic,13,26,84.55,9360.0,2021,4
Versant Power,Maine,Unknown,Devereaux Twp,1884,25029,169705.89,1223209.83,2016,12
Central Maine Power,Maine,Lincoln,Newcastle,1310,1883,31550.42,975355.92,2022,12
Versant Power,Maine,Unknown,Manset,76,623,6027.1,57927.35,2017,10
Central Maine Power,Maine,Kennebec,Vienna,437,1114,13592.82,325868.66,2017,10
Versant Power,Maine,Penobscot,Orrington,1989,10035,86788.82,1432573.55,2020,4
Central Maine Power,Maine,Piscataquis,Willimantic,284,299,649.76,211296.0,2022,8
Central Maine Power,Maine,Somerset,Long Pond,88,89,59.19,65472.0,2022,8
Central Maine Power,Maine,Franklin,Coburn Gore,35,70,460.71,25200.0,2018,11
Central Maine Power,Maine,Somerset,Smithfield,846,1141,1204.01,569136.37,2023,2
Central Maine Power,Maine,Franklin,Dixfield,23,24,29.58,17112.0,2021,8
Central Maine Power,Maine,Franklin,Carthage,348,1618,15175.1,259342.5,2022,12
Central Maine Power,Maine,Cumberland,Baldwin,904,1674,3504.32,672575.99,2023,1
Central Maine Power,Maine,Oxford,Riley,2,6,25.67,1488.0,2020,3
Versant Power,Maine,Aroostook,Stockholm,167,168,476.05,124248.0,2021,1
Central Maine Power,Maine,Cumberland,Harpswell,4724,13827,174220.4,3514959.67,2022,12
Versant Power,Maine,Aroostook,Stockholm,161,204,576.0,119816.5,2017,10
Versant Power,Maine,Washington,Cathance Twp,9,36,114.95,6696.0,2019,10
Central Maine Power,Maine,York,Parsonsfield,1307,5379,54227.8,972447.02,2020,12
Central Maine Power,Maine,Kennebec,Litchfield,2169,2573,17654.73,1614392.44,2020,5
Central Maine Power,Maine,Kennebec,Mt Vernon,1358,1905,1615.75,978127.11,2021,6
Central Maine Power,Maine,Franklin,Weld,610,669,638.4,439714.62,2020,9
Versant Power,Maine,Penobscot,Edinburg,75,83,189.92,55800.0,2020,10
Central Maine Power,Maine,Franklin,Salem,184,200,398.2,132480.0,2018,6
Versant Power,Maine,Hancock,Otter Creek,163,170,527.34,117360.0,2018,4
Versant Power,Maine,Piscataquis,Dover-foxcroft,17,36,325.16,12648.0,2022,12
Central Maine Power,Maine,Oxford,Canton,546,1821,19313.88,406578.28,2022,12
Central Maine Power,Maine,Sagadahoc,Arrowsic,306,631,3174.57,227664.0,2020,5
Versant Power,Maine,Aroostook,T1 R8 Wels,27,81,238.36,19440.0,2020,9
Versant Power,Maine,Hancock,Amherst,166,179,2592.8,123504.0,2020,12
Versant Power,Maine,Aroostook,Mars Hill,832,1455,7293.19,619269.69,2020,12
Central Maine Power,Maine,Piscataquis,Blanchard Plantation,115,207,183.22,77726.35,2023,2
Central Maine Power,Maine,Franklin,Carthage,333,401,3679.04,248392.48,2018,5
Versant Power,Maine,Penobscot,Molunkus Twp,32,33,116.0,22174.09,2023,4
Versant Power,Maine,Penobscot,Burlington,253,664,2607.5,188232.0,2019,10
Versant Power,Maine,Penobscot,Burlington,253,450,673.05,188232.0,2019,1
Versant Power,Maine,Aroostook,Saint Agatha,674,813,2051.3,501609.95,2022,7
Central Maine Power,Maine,Waldo,Northport,1301,2683,46398.99,967946.32,2017,10
Central Maine Power,Maine,Oxford,Andover North Surplus,3,5,67.33,2160.0,2020,4
Central Maine Power,Maine,Waldo,Prospect,382,386,242.72,284762.96,2021,5
Central Maine Power,Maine,Waldo,Liberty,794,808,898.87,590829.16,2017,12
Central Maine Power,Maine,Somerset,St Albans,1394,4931,72184.79,1004333.25,2019,11
Versant Power,Maine,Penobscot,Hudson,837,1240,5099.08,1245614.52,2021,3
Versant Power,Maine,Unknown,T1 R9 Wels,334,1083,3731.6,249132.66,2018,5
Central Maine Power,Maine,Piscataquis,Abbot,559,849,9808.33,415903.0,2017,10
Versant Power,Maine,Penobscot,Dexter,42,84,161.22,31248.0,2020,10
Central Maine Power,Maine,Piscataquis,Lily Bay,111,112,606.28,82135.37,2023,5
Central Maine Power,Maine,Franklin,Canton,1,3,4.62,743.1,2023,5
Central Maine Power,Maine,Penobscot,Etna,612,614,1436.08,411869.97,2019,2
Central Maine Power,Maine,Oxford,Lincoln Plantation,85,86,0.0,57132.95,2023,2
Central Maine Power,Maine,Piscataquis,Lily Bay,113,114,208.91,84508.99,2020,7
Versant Power,Maine,Hancock,Swans Island,526,1046,696.54,353472.0,2022,2
Central Maine Power,Maine,Somerset,Taunton & Raynham Academy Grant,571,2215,11225.51,411139.83,2017,11
Central Maine Power,Maine,York,Shapleigh,2441,8037,116814.36,1816742.65,2022,12
Versant Power,Maine,Piscataquis,Williamsburg Twp,59,60,5.64,42334.87,2023,6
Central Maine Power,Maine,Somerset,TAUNTON   RAYNHAM ACADEMY GRANT,605,695,1049.22,450120.0,2022,3
Central Maine Power,Maine,Penobscot,Glenburn,196,380,3286.94,141120.0,2019,11
Central Maine Power,Maine,Hancock,Bucksport,2725,2731,2652.6,2028004.38,2022,7
Eastern Maine Power Cooperative,Maine,Aroostook,Unknown,2860,3824,3775.75,2127839.93,2021,3
Central Maine Power,Maine,Oxford,Roxbury,456,514,470.31,328656.82,2018,4
Versant Power,Maine,Aroostook,Ludlow,16,32,50.6,11520.0,2018,6
Central Maine Power,Maine,Cumberland,New Gloucester,3015,3375,15938.83,2243462.14,2023,3
Central Maine Power,Maine,Kennebec,Oakland,3676,4562,52713.97,2735750.99,2020,12
Central Maine Power,Maine,Franklin,Carrabassett Valley,2447,2560,3718.91,1820711.3,2019,3
Versant Power,Maine,Penobscot,Enfield,631,690,368.6,469464.0,2018,7
Central Maine Power,Maine,Somerset,The Forks Plantation,203,204,0.0,150804.61,2023,7
Versant Power,Maine,Unknown,Cedar Lake Twp,9,134,2127.33,6466.83,2017,10
Central Maine Power,Maine,Piscataquis,Beaver Cove Plantation,276,386,20.35,204999.99,2023,7
Central Maine Power,Maine,Franklin,Weld,618,621,856.98,459875.71,2021,5
Central Maine Power,Maine,Piscataquis,Beaver Cove Plantation,266,802,1780.4,198145.15,2022,7
Central Maine Power,Maine,Penobscot,Garland,60,106,1012.17,44834.7,2022,12
Central Maine Power,Maine,Kennebec,Readfield,1539,3456,46090.82,1145757.65,2017,10
Central Maine Power,Maine,Somerset,Long Pond,95,97,25.91,70680.0,2020,8
Versant Power,Maine,Unknown,Township 8,61,1891,45384.0,45384.0,2017,12
Central Maine Power,Maine,Kennebec,Fayette,954,1786,5030.93,710054.92,2022,7
Central Maine Power,Maine,Oxford,Brownfield,1037,3066,4510.23,746640.0,2017,9
Versant Power,Maine,Hancock,Sedgwick,773,897,4596.13,575112.0,2019,8
Versant Power,Maine,Washington,Beddington,243,506,7185.04,180792.0,2019,10
Versant Power,Maine,Penobscot,Howland,428,680,473.67,284980.69,2018,2
Versant Power,Maine,Piscataquis,Brownville Junction,6,13,24.0,4193.33,2017,8
Versant Power,Maine,Washington,Whitneyville,130,210,1708.6,97279.2,2022,12
Central Maine Power,Maine,Oxford,Stow,227,697,2015.48,168888.0,2020,8
Central Maine Power,Maine,Piscataquis,Elliottsville,94,99,858.69,69936.0,2018,5
Versant Power,Maine,Aroostook,Eagle Lake,754,775,2438.79,543571.58,2021,4
Central Maine Power,Maine,Oxford,Grafton,2,60,1429.0,1440.0,2017,11
Central Maine Power,Maine,Oxford,Upton,182,364,651.92,135408.0,2018,7
Central Maine Power,Maine,Somerset,CORINNA,1,2,0.66,742.83,2022,5
Central Maine Power,Maine,Lincoln,Bremen,659,2033,23418.82,490940.33,2017,10
Central Maine Power,Maine,Oxford,Stoneham,381,399,1678.95,283464.0,2019,1
Central Maine Power,Maine,Waldo,Montville,597,840,8298.84,444501.99,2023,3
Versant Power,Maine,Hancock,Frenchboro,71,84,62.96,52824.0,2023,1
Central Maine Power,Maine,Somerset,Athens,585,777,11722.67,435242.33,2017,10
Versant Power,Maine,Unknown,T7 Sd,2998,3833,35621.36,2014655.96,2017,2
Versant Power,Maine,Unknown,T9 Sd,16,48,778.89,11520.0,2019,11
Central Maine Power,Maine,Piscataquis,Greenville,1778,3571,22302.04,1280159.94,2017,11
Central Maine Power,Maine,Franklin,Freeman,248,393,3873.23,166779.98,2022,2
Central Maine Power,Maine,York,Limerick,1806,2772,8006.07,1300765.32,2018,11
Central Maine Power,Maine,Oxford,West Paris,934,1397,7361.0,694896.0,2017,10
Versant Power,Maine,Unknown,"T16, R4, 5,6,8,9",246,248,371.45,177387.47,2018,4
Central Maine Power,Maine,Somerset,Canaan,1206,4381,76484.99,868821.94,2020,4
Central Maine Power,Maine,Franklin,New Sharon,788,1031,7916.94,567360.0,2017,11
Central Maine Power,Maine,York,Hollis,2206,2652,4455.99,1641481.97,2017,12
Versant Power,Maine,Unknown,Medford,2879,37475,276778.52,1960568.96,2016,12
Versant Power,Maine,Hancock,Hancock,1006,1016,2059.28,748464.0,2018,12
Central Maine Power,Maine,Waldo,Frankfort,661,1631,3409.15,476060.21,2021,6
Central Maine Power,Maine,Knox,Appleton,740,776,1249.48,550797.84,2019,7
Central Maine Power,Maine,York,Hollis,2279,2781,32686.26,1695758.52,2020,12
Central Maine Power,Maine,Waldo,Stockton Springs,1136,1344,11525.75,845462.16,2020,12
Versant Power,Maine,Aroostook,Perham,16,122,143.0,7527.33,2017,8
Versant Power,Maine,Hancock,Amherst,167,475,346.33,124248.0,2018,8
Central Maine Power,Maine,Oxford,Albany,353,1223,8059.58,254160.0,2017,11
Central Maine Power,Maine,Cumberland,Chebeague Island,583,589,7273.77,419887.4,2020,11
Central Maine Power,Maine,Penobscot,Newburgh,66,134,291.21,44472.48,2022,2
Versant Power,Maine,Aroostook,Saint Francis,309,356,292.6,229896.0,2021,3
Central Maine Power,Maine,Penobscot,Dixmont,515,837,1970.93,383815.09,2020,5
Central Maine Power,Maine,Waldo,Brooks,642,903,10756.39,477745.02,2022,12
Central Maine Power,Maine,Oxford,Magalloway Plantation,73,146,309.05,54312.0,2018,12
Versant Power,Maine,Hancock,Bass Harbor,435,786,3179.67,274799.33,2017,8
Versant Power,Maine,Penobscot,Greenbush,547,1595,26608.51,393840.0,2017,11
Versant Power,Maine,Aroostook,Island Falls,726,2406,14856.57,540390.12,2020,12
Versant Power,Maine,Hancock,Winter Harbor,244,623,903.47,178678.33,2017,9
Central Maine Power,Maine,Waldo,Troy,564,1257,14280.81,419642.29,2022,12
Versant Power,Maine,Hancock,Stonington,1181,2483,27420.13,850319.98,2018,11
Versant Power,Maine,Hancock,Penobscot,84,100,198.24,62496.0,2018,10
Versant Power,Maine,Unknown,T4 Indian Purchase Twp,240,341,1888.26,178560.0,2019,10
Versant Power,Maine,Aroostook,Winterville Plt,244,537,2771.01,181730.47,2022,12
Central Maine Power,Maine,Piscataquis,Shirley,214,215,287.38,159216.0,2019,1
Central Maine Power,Maine,Somerset,Rockwood Strip T2r1,43,129,265.08,31992.0,2018,10
Central Maine Power,Maine,Franklin,Stetsontown,75,240,618.11,55800.0,2020,10
Central Maine Power,Maine,Kennebec,TOPSHAM,1,2,4.0,744.0,2021,10
Central Maine Power,Maine,Piscataquis,Beaver Cove Plantation,266,325,1073.94,197904.0,2020,1
Eastern Maine Power Cooperative,Maine,Aroostook,Cary,692,698,697.61,515633.29,2022,8
Central Maine Power,Maine,Kennebec,Albion,1100,2471,41342.97,792053.62,2020,4
Versant Power,Maine,Aroostook,Westfield,200,656,2066.0,148466.0,2017,10
Central Maine Power,Maine,York,Newfield,1322,5503,19814.26,984096.85,2022,7
Central Maine Power,Maine,Waldo,Freedom,392,428,3547.24,282913.31,2020,9
Versant Power,Maine,Aroostook,Westmanland,120,455,915.28,89280.0,2022,7
Central Maine Power,Maine,Waldo,Frankfort,736,785,3080.66,547760.35,2020,10
Versant Power,Maine,Hancock,Winter Harbor,600,629,221.68,446239.33,2017,10
Versant Power,Maine,Aroostook,Benedicta Twp,190,706,574.83,136800.0,2020,6
Versant Power,Maine,Penobscot,Corinna,17,34,36.83,12648.0,2019,7
Central Maine Power,Maine,York,Acton,2515,3216,11569.63,1871798.71,2023,1
Central Maine Power,Maine,Oxford,Adamstown,63,126,234.47,42336.0,2022,2
Central Maine Power,Maine,Franklin,Kingfield,835,913,5241.82,621239.98,2022,12
Central Maine Power,Maine,Cumberland,Frye Island,530,1231,5863.95,381716.79,2018,4
Versant Power,Maine,Aroostook,Mapleton,1011,1569,1354.57,752514.13,2021,3
Central Maine Power,Maine,Lincoln,Westport,647,1039,12243.16,481367.99,2023,3
Versant Power,Maine,Piscataquis,Williamsburg Twp,59,179,1449.16,32611.23,2023,9
Central Maine Power,Maine,Franklin,Perkins,22,46,134.25,15399.37,2023,2
Eastern Maine Power Cooperative,Maine,Aroostook,Reed,193,194,745.5,129958.3,2022,2
Versant Power,Maine,Aroostook,Van Buren,7,18,14.97,5208.0,2022,8
Central Maine Power,Maine,Piscataquis,Wellington,182,301,446.76,136128.99,2020,5
Versant Power,Maine,Hancock,Cranberry Isles,419,969,5618.46,311799.58,2021,7
Central Maine Power,Maine,Franklin,New Sharon,814,2168,10415.8,605730.47,2019,10
Central Maine Power,Maine,Oxford,Milton,76,77,375.53,56544.0,2019,12
Central Maine Power,Maine,Somerset,Pleasant Ridge Plantation,64,128,1952.23,46080.0,2018,11
Central Maine Power,Maine,Waldo,Unity,1124,1137,824.01,809701.76,2022,9
Central Maine Power,Maine,Somerset,Pittsfield,2125,6164,89428.36,1530553.75,2020,4
Central Maine Power,Maine,Waldo,Winterport,1547,1757,804.2,1151269.01,2020,7
Central Maine Power,Maine,Oxford,Canton,534,1048,5661.98,397296.0,2021,3
Versant Power,Maine,Aroostook,Garfield,4,124,386.08,2225.25,2019,11
Central Maine Power,Maine,Kennebec,Benton,1383,1405,13296.87,1029403.07,2020,12
Central Maine Power,Maine,Lincoln,Bristol,2955,3534,29693.71,2127897.09,2018,9
Central Maine Power,Maine,Somerset,Rockwood Strip T2r1,46,216,3448.51,34224.0,2020,12
Versant Power,Maine,Penobscot,Grindstone Twp,50,51,337.83,34143.48,2023,2
Central Maine Power,Maine,Franklin,Wyman,171,188,189.43,127551.29,2022,7
Central Maine Power,Maine,Knox,Warren,2289,3718,29820.23,1703043.96,2020,10
Central Maine Power,Maine,Somerset,Caratunk Plantation,180,181,480.15,133920.0,2022,3
Central Maine Power,Maine,Waldo,Freedom,394,642,4076.94,293236.97,2020,10
Central Maine Power,Maine,Knox,Hope,980,1498,12114.83,705600.0,2017,11
Central Maine Power,Maine,Franklin,Salem,188,345,4691.12,135360.0,2020,4
Versant Power,Maine,Hancock,Islesford,191,382,4117.33,142104.0,2019,12
Central Maine Power,Maine,Penobscot,Corinna,1166,3194,49928.83,839520.0,2017,11
Versant Power,Maine,Piscataquis,Barnard Twp,37,68,546.57,27619.16,2018,10
Central Maine Power,Maine,Knox,Appleton,723,2487,33253.5,520560.0,2017,11
Central Maine Power,Maine,Oxford,Roxbury,458,1584,8090.61,341425.97,2021,3
Central Maine Power,Maine,Oxford,Waterford,1488,2420,16766.39,1107071.93,2020,8
Versant Power,Maine,Aroostook,Oxbow North Twp,73,219,1054.24,54312.0,2022,5
Central Maine Power,Maine,Franklin,Davis,36,43,110.46,26784.0,2021,5
Versant Power,Maine,Penobscot,Bradley,780,812,976.02,561600.0,2022,9
Central Maine Power,Maine,Somerset,Pleasant Ridge Plantation,65,69,252.76,49027.01,2020,8
Eastern Maine Power Cooperative,Maine,Aroostook,Smyrna,468,529,528.71,349124.92,2022,8
Central Maine Power,Maine,Penobscot,Corinna,1210,1214,1743.32,900739.53,2021,10
Versant Power,Maine,Aroostook,Blaine,125,399,600.5,90229.0,2017,9
Central Maine Power,Maine,York,Kennebunk,1647,1654,4655.06,1225363.04,2019,3
Versant Power,Maine,Aroostook,Portage,534,1211,6918.66,384480.0,2019,11
Versant Power,Maine,Penobscot,Dixmont,110,189,361.94,73920.0,2023,2
Versant Power,Maine,Aroostook,Mapleton,1005,2142,8344.97,747719.99,2022,12
Central Maine Power,Maine,Somerset,Norridgewock,1751,2237,2029.54,1303427.91,2021,12
Central Maine Power,Maine,Somerset,Taunton & Raynham Academy Grant,584,1891,7640.9,434496.0,2018,10
Versant Power,Maine,Piscataquis,Sebec,515,1603,21178.26,383785.65,2020,12
Versant Power,Maine,Washington,Milbridge,1147,1152,1859.08,843931.99,2023,5
Versant Power,Maine,Penobscot,Lee,591,649,175.03,440373.0,2020,5
Versant Power,Maine,Hancock,Salsbury Cove,3,12,11.33,2732.5,2017,9
Versant Power,Maine,Aroostook,Sinclair Twp,352,832,1486.12,262548.41,2020,10
Central Maine Power,Maine,Franklin,Carthage,331,377,3476.94,246264.0,2018,1
Central Maine Power,Maine,Piscataquis,Frenchtown,116,117,27.72,83522.98,2022,11
Central Maine Power,Maine,Waldo,Unity,1113,1453,2806.09,828496.34,2018,7
Central Maine Power,Maine,Piscataquis,Cove Point,7,21,74.7,5208.0,2021,3
Central Maine Power,Maine,Knox,Union,1502,1798,978.19,1117916.29,2022,7
Central Maine Power,Maine,Kennebec,Rome,1105,1271,8195.98,822671.83,2018,1
Central Maine Power,Maine,Piscataquis,Elliottsville,96,97,581.58,69129.13,2020,9
Versant Power,Maine,Penobscot,Medway,731,739,6266.26,544046.95,2019,10
Versant Power,Maine,Unknown,Oxbow Plantation,71,244,4557.81,52824.0,2018,3
Versant Power,Maine,Piscataquis,Orneville Twp,270,359,1283.48,200880.0,2021,3
Eastern Maine Power Cooperative,Maine,Aroostook,Macwahoc,157,366,3530.17,117137.15,2022,12
Central Maine Power,Maine,Knox,Rockland,4800,6541,37521.03,3571199.86,2023,3
Central Maine Power,Maine,Androscoggin,Pownal,30,110,1385.62,22320.0,2022,12
Versant Power,Maine,Unknown,T1 R9 Wels,5810,12922,82732.22,4173668.07,2017,6
Versant Power,Maine,Unknown,"T9, R3, 4,5,7",24,46,350.4,17280.0,2018,11
Central Maine Power,Maine,Somerset,Caratunk Plantation,169,343,1081.21,126223.66,2017,12
Central Maine Power,Maine,Somerset,Concord,126,156,2170.45,91373.01,2019,11
Versant Power,Maine,Aroostook,Ludlow,18,54,201.48,13639.36,2020,12
Central Maine Power,Maine,Somerset,Embden,993,1644,7030.57,739459.45,2021,3
Versant Power,Maine,Penobscot,Alton,416,1583,5061.74,299520.0,2018,11
Central Maine Power,Maine,Piscataquis,Greenville,1909,2789,2873.98,1420993.93,2021,12
Versant Power,Maine,Washington,Northfield,4,49,168.29,3133.82,2017,10
Versant Power,Maine,Penobscot,Hampden,1,2,1.16,24.83,2017,7
Versant Power,Maine,Penobscot,Seboeis Plt,52,78,115.96,38688.0,2018,5
Central Maine Power,Maine,Waldo,Monroe,558,808,569.91,401760.0,2022,11
Versant Power,Maine,Piscataquis,Levant,25,164,1910.1,12537.26,2020,4
Central Maine Power,Maine,Penobscot,Stetson,708,2011,22736.7,509812.98,2019,11
Central Maine Power,Maine,Piscataquis,Lily Bay,114,391,1237.51,82080.0,2019,11
Central Maine Power,Maine,Piscataquis,Beaver Cove Plantation,267,362,287.0,198723.94,2021,8
Central Maine Power,Maine,York,Acton,2368,4066,51186.49,1704959.9,2017,11
Versant Power,Maine,Penobscot,Corinna,18,73,797.08,13392.0,2020,12
Versant Power,Maine,Hancock,Salsbury Cove,393,417,118.87,292392.0,2019,8
Central Maine Power,Maine,Somerset,St Albans,1417,1968,1004.09,1054399.93,2021,12
Central Maine Power,Maine,Somerset,Highland Plantation,51,82,7.78,38269.25,2023,7
Versant Power,Maine,Aroostook,Mars Hill,13,15,24.0,8889.83,2017,8
Central Maine Power,Maine,York,Shapleigh,2318,3764,44997.35,1668959.9,2017,11
Central Maine Power,Maine,Somerset,Johnson Mountain,7,8,63.82,5040.0,2019,11
Versant Power,Maine,Aroostook,Caribou,1652,6709,20066.59,1212760.64,2017,10
Versant Power,Maine,Penobscot,Newburgh,762,1163,2550.03,548640.0,2019,6
Versant Power,Maine,Penobscot,Seboeis Plt,24,128,1881.0,13819.0,2017,10
Versant Power,Maine,Hancock,Sedgwick,773,955,13457.85,556560.0,2017,11
Central Maine Power,Maine,Oxford,Porter,933,3362,31829.06,694895.64,2020,12
Central Maine Power,Maine,Piscataquis,Frenchtown,113,455,2257.46,84072.0,2021,3
Versant Power,Maine,Unknown,Oxbow Plantation,5087,5570,8639.9,3784727.92,2017,1
Versant Power,Maine,Hancock,Little Deer Isle,35,210,3079.17,5124.0,2017,10
Central Maine Power,Maine,Oxford,Stow,220,267,5811.53,163714.66,2017,12
Central Maine Power,Maine,Lincoln,Dresden,926,956,1472.73,689140.33,2018,1
Versant Power,Maine,Unknown,T1 R9,6343,9179,111574.95,4706424.5,2017,3
Versant Power,Maine,Washington,Columbia,284,291,122.48,206330.54,2023,7
Central Maine Power,Maine,Franklin,Temple,326,1432,22188.92,234720.0,2020,4
Versant Power,Maine,Aroostook,Saint Francis,301,317,771.91,223944.0,2018,1
Versant Power,Maine,Hancock,Frenchboro,71,144,2998.79,52824.0,2022,12
Central Maine Power,Maine,Cumberland,New Gloucester,2931,9227,85402.27,2181366.1,2020,12
Central Maine Power,Maine,Piscataquis,Harfords Point,139,429,1826.71,103416.0,2021,3
Versant Power,Maine,Hancock,Frenchboro,71,140,0.0,51714.28,2023,5
Eastern Maine Power Cooperative,Maine,Penobscot,Patten,42,86,47.16,28681.42,2023,2
Versant Power,Maine,Waldo,Winterport,307,365,1225.42,228408.0,2023,3
Versant Power,Maine,Penobscot,Lincoln,2326,4269,40765.48,1674568.93,2019,11
Central Maine Power,Maine,Piscataquis,Parkman,522,653,1519.82,376311.44,2023,4
Central Maine Power,Maine,Lincoln,Pittston,2,4,4.93,1475.96,2023,5
Central Maine Power,Maine,Franklin,Stetsontown,75,300,286.59,55800.0,2018,7
Central Maine Power,Maine,Somerset,Brighton Plantation,50,55,81.81,37627.51,2022,3
Versant Power,Maine,Penobscot,Carmel,41,42,396.91,23660.45,2023,9
Central Maine Power,Maine,Oxford,Canton,513,895,12196.94,382230.67,2017,10
Versant Power,Maine,Unknown,T30 Md Bpp,1,14,334.87,744.0,2018,3
Central Maine Power,Maine,Oxford,Adamstown,65,130,1055.74,46800.0,2023,4
Central Maine Power,Maine,Piscataquis,Elliottsville,95,142,170.58,70680.0,2019,12
Versant Power,Maine,Hancock,Ellsworth,51,178,344.83,37718.0,2017,8
Versant Power,Maine,Hancock,Hulls Cove,378,638,6110.01,272160.0,2019,11
Versant Power,Maine,Aroostook,Wallagrass,370,486,343.44,275502.65,2020,7
Central Maine Power,Maine,Sagadahoc,Woolwich,1707,2588,22081.25,1188631.46,2020,2
Versant Power,Maine,Hancock,Ellsworth,2420,4637,63302.24,1742399.85,2017,11
Versant Power,Maine,Hancock,Great Pond,65,261,752.7,48584.13,2021,7
Versant Power,Maine,Washington,Deblois,17,62,196.33,2070.17,2017,10
Versant Power,Maine,Aroostook,Nashville,34,1020,24480.0,24480.0,2017,11
Central Maine Power,Maine,Kennebec,Litchfield,2105,7127,140638.9,1515599.92,2017,11
Versant Power,Maine,Hancock,Prospect Harbor,22,33,38.5,16030.0,2017,9
Central Maine Power,Maine,Cumberland,Baldwin,825,2811,35933.98,594000.0,2017,11
Versant Power,Maine,Hancock,Franklin,1125,1685,11153.04,836999.98,2019,10
Central Maine Power,Maine,Kennebec,Gardiner,3220,5122,93490.48,2395689.28,2017,10
Central Maine Power,Maine,Kennebec,Mt Vernon,1335,4459,21823.48,993224.94,2020,8
Central Maine Power,Maine,Somerset,Bingham,791,822,522.84,1095512.98,2017,9
Central Maine Power,Maine,Cumberland,Yarmouth,4557,5856,14309.51,3171952.57,2020,2
Central Maine Power,Maine,Oxford,Upton,181,182,625.18,134681.96,2021,7
Central Maine Power,Maine,Knox,Friendship,978,3026,27419.74,728171.5,2022,12
Versant Power,Maine,Hancock,Aurora,88,319,4012.0,65847.34,2017,10
Versant Power,Maine,Unknown,Manset,139,304,0.0,96340.57,2020,2
Central Maine Power,Maine,Piscataquis,Lily Bay,114,228,157.82,82080.0,2021,6
Versant Power,Maine,Penobscot,Lowell,239,274,1486.23,177816.0,2018,10
Versant Power,Maine,Washington,Pleasant Point,338,528,3943.01,251472.0,2022,12
Versant Power,Maine,Washington,Steuben,1013,2349,27613.45,754076.98,2022,12
Central Maine Power,Maine,Penobscot,Levant,1389,1646,1936.25,1033642.19,2021,7
Central Maine Power,Maine,Oxford,Otisfield,1341,2560,45216.17,997703.99,2017,10
Central Maine Power,Maine,Knox,Friendship,977,1967,12524.33,650880.05,2023,5
Central Maine Power,Maine,Franklin,Madrid,203,723,14035.47,151304.49,2020,12
Central Maine Power,Maine,Franklin,Industry,574,1651,11815.08,427056.0,2018,10
Central Maine Power,Maine,Waldo,Winterport,1692,1770,24088.7,1259219.68,2022,12
Central Maine Power,Maine,Penobscot,Corinth,20,40,700.0,14880.0,2017,10
Versant Power,Maine,Washington,Beddington,241,272,1168.17,179304.0,2020,8
Central Maine Power,Maine,Cumberland,Baldwin,855,1329,11286.25,615925.8,2019,11
Central Maine Power,Maine,Lincoln,Somerville,357,759,7413.14,265810.52,2022,12
Central Maine Power,Maine,Piscataquis,Blanchard Plantation,113,176,289.48,76487.18,2022,2
Versant Power,Maine,Aroostook,Caswell,4,84,1993.33,2976.0,2017,10
Central Maine Power,Maine,Somerset,Misery Gore,10,310,7440.0,7440.0,2017,12
Central Maine Power,Maine,York,Dayton,958,987,15930.85,713374.64,2020,12
Versant Power,Maine,Penobscot,Kenduskeag,581,822,6947.76,418320.0,2017,11
Central Maine Power,Maine,Oxford,Milton,73,121,1306.73,54678.67,2018,10
Central Maine Power,Maine,Cumberland,Raymond,3455,7124,82715.73,2571268.82,2020,12
Central Maine Power,Maine,Somerset,Brighton Plantation,52,157,1402.32,39062.67,2018,10
Versant Power,Maine,Washington,Pembroke,528,1126,1037.13,380342.98,2020,6
Central Maine Power,Maine,Waldo,Islesboro,999,2008,4253.42,743823.25,2021,3
Central Maine Power,Maine,Oxford,Rumford,3543,3588,22017.55,2636138.62,2021,3
Versant Power,Maine,Hancock,Osborn,40,80,800.26,29760.0,2020,12
Central Maine Power,Maine,Cumberland,Limington,2,9,26.7,1831.05,2022,10
Central Maine Power,Maine,Piscataquis,Kingsbury Plantation,47,192,2433.48,34144.34,2019,11
Central Maine Power,Maine,Franklin,Sandy River Plantation,384,769,526.61,285696.0,2017,12
Versant Power,Maine,Waldo,Winterport,307,317,419.73,221040.0,2021,6
Versant Power,Maine,Penobscot,Orrington,181,3622,50391.27,136474.31,2017,10
Versant Power,Maine,Penobscot,Kenduskeag,581,739,5557.76,418320.0,2019,11
Central Maine Power,Maine,Franklin,Washington Twp,19,23,141.16,14136.0,2021,3
Versant Power,Maine,Penobscot,Burlington,253,262,1604.2,188232.0,2018,10
Central Maine Power,Maine,Somerset,Johnson Mountain,7,17,30.22,5040.0,2019,9
Central Maine Power,Maine,Penobscot,Corinna,1208,2319,17860.66,870502.95,2019,11
Versant Power,Maine,Piscataquis,Brownville Junction,337,1341,4030.43,242640.0,2019,11
Versant Power,Maine,Hancock,Brooklin,949,1189,3202.77,660503.99,2020,2
Versant Power,Maine,Penobscot,Herseytown,14,392,9408.0,9408.0,2018,2
Central Maine Power,Maine,Oxford,Lovell,1348,2922,46416.76,1003653.33,2017,10
Central Maine Power,Maine,Kennebec,Rome,1157,1428,2819.04,861515.88,2022,7
Central Maine Power,Maine,Lincoln,Damariscotta,1736,3770,63417.97,1249919.95,2017,11
Versant Power,Maine,Unknown,Hamlin,6,102,1.5,6558.17,2017,8
Versant Power,Maine,Unknown,New Canada,5054,8679,33640.69,3713339.13,2016,12
Central Maine Power,Maine,Somerset,Pittsfield,2110,2674,37842.66,1519199.97,2017,11
Central Maine Power,Maine,Somerset,NEW VINEYARD,1,2,4.68,458.14,2021,8
Central Maine Power,Maine,Somerset,WINDHAM,1,2,2.99,744.0,2021,12
Central Maine Power,Maine,Franklin,Sandy River Plantation,384,862,2778.31,276480.0,2017,11
Versant Power,Maine,Aroostook,Saint Francis,303,604,754.08,218160.0,2019,9
Central Maine Power,Maine,Somerset,Mercer,473,509,482.94,340998.29,2021,9
Central Maine Power,Maine,York,North Berwick,2488,2835,5903.84,1851580.82,2021,10
Central Maine Power,Maine,Oxford,Newry,1584,1784,16723.94,1140479.99,2017,11
Central Maine Power,Maine,Kennebec,Clinton,1721,4233,64179.66,1239655.38,2020,4
Versant Power,Maine,Aroostook,T15 R6 Wels,12,25,35.22,8928.0,2020,10
Versant Power,Maine,Penobscot,Exeter,510,1495,2497.06,379988.33,2020,5
Central Maine Power,Maine,Somerset,Palmyra,1067,2379,44301.41,768240.0,2017,11
Central Maine Power,Maine,Piscataquis,Big Squaw,70,130,259.36,50400.0,2020,11
Versant Power,Maine,Hancock,Otis,805,2393,7545.9,541430.3,2022,2
Central Maine Power,Maine,Somerset,New Portland,666,2752,28247.46,496153.7,2020,12
Central Maine Power,Maine,Somerset,Ripley,334,380,5953.17,248853.0,2017,10
Versant Power,Maine,Unknown,Township 8,17,197,2233.66,12391.0,2017,10
Versant Power,Maine,Hancock,Osborn,40,80,378.35,26880.0,2022,2
Versant Power,Maine,Penobscot,Exeter,510,1012,1485.99,379440.0,2020,1
Versant Power,Maine,Penobscot,Hudson,816,2634,4046.06,1214208.0,2019,7
Central Maine Power,Maine,Piscataquis,Kineo,35,70,180.85,25200.0,2018,9
Versant Power,Maine,Washington,Roque Bluffs,276,442,3598.71,198863.75,2020,4
Versant Power,Maine,Washington,Trescott Twp,189,236,1776.6,141035.82,2018,3
Central Maine Power,Maine,Kennebec,China,2582,5448,96611.81,1920923.93,2017,10
Central Maine Power,Maine,Franklin,Industry,583,989,7838.13,433976.16,2019,10
Versant Power,Maine,Hancock,Osborn,40,85,428.46,29760.0,2018,5
Versant Power,Maine,Unknown,T10 Sd,24104,24824,202752.55,951879.36,2016,12
Central Maine Power,Maine,Waldo,Belmont,513,529,1243.07,369871.67,2018,9
Central Maine Power,Maine,Franklin,Stetsontown,75,153,521.14,55800.0,2018,5
Central Maine Power,Maine,Franklin,Avon,296,362,809.12,198578.07,2023,2
Central Maine Power,Maine,Franklin,Jay,2447,2763,31490.36,1821062.31,2017,10
Versant Power,Maine,Penobscot,Alton,420,577,3271.48,313134.0,2021,3
Central Maine Power,Maine,Somerset,Misery Gore,2,8,45.88,1488.0,2022,12
Central Maine Power,Maine,Franklin,Alder Stream,10,270,6088.33,7200.0,2017,11
Versant Power,Maine,Hancock,Penobscot,66,129,1330.79,48030.22,2020,4
Central Maine Power,Maine,Lincoln,South Bristol,1151,2293,22793.22,829087.47,2018,9
Central Maine Power,Maine,Franklin,Wyman,163,322,4187.5,121272.0,2017,10
Central Maine Power,Maine,Androscoggin,Greene,2241,7988,58886.22,1667431.06,2022,12
Central Maine Power,Maine,Franklin,Madrid,210,338,166.87,155568.64,2023,7
Central Maine Power,Maine,Somerset,Rockwood Strip T1r1,11,33,67.67,8184.0,2022,3
Central Maine Power,Maine,Lincoln,South Bristol,1180,1903,19708.18,878460.5,2022,12
Central Maine Power,Maine,Penobscot,Glenburn,202,390,3134.92,150369.82,2020,12
Versant Power,Maine,Penobscot,Soldiertown Twp T2 R7 Wels,11,22,16.2,7920.0,2022,11
Versant Power,Maine,Hancock,Winter Harbor,608,1217,822.63,437898.35,2022,4
Central Maine Power,Maine,Oxford,Sweden,394,561,495.6,275457.58,2023,8
Central Maine Power,Maine,Piscataquis,Elliottsville,94,473,6585.03,67680.0,2020,4
Central Maine Power,Maine,Somerset,Taunton & Raynham Academy Grant,589,1252,1983.99,438501.5,2020,5
Central Maine Power,Maine,Somerset,New Portland,646,1457,11557.97,481144.67,2018,10
Versant Power,Maine,Washington,Jonesport,759,1400,162.33,546480.0,2018,6
Versant Power,Maine,Hancock,Aurora,111,235,560.22,74592.0,2019,2
Versant Power,Maine,Penobscot,Indian Island,302,806,14186.59,217752.17,2020,4
Versant Power,Maine,Unknown,Great Cranberry Island,192,384,4094.0,6784.0,2017,10
Versant Power,Maine,Unknown,Greenfield Twp,2779,34867,300307.47,1938078.45,2016,12
Central Maine Power,Maine,Sagadahoc,Sabattus,1,2,1.54,744.0,2023,1
Versant Power,Maine,Penobscot,Herseytown Twp,20,26,103.94,14400.0,2022,6
Central Maine Power,Maine,Oxford,Mexico,1504,1733,6672.41,1119279.32,2018,10
Versant Power,Maine,Washington,Perry,427,1170,7938.19,317688.0,2022,12
Versant Power,Maine,Penobscot,Lowell,254,465,5212.03,189002.99,2020,12
Central Maine Power,Maine,Somerset,Johnson Mountain,7,14,16.34,5208.0,2020,10
Central Maine Power,Maine,Piscataquis,Sangerville,903,1072,15233.52,650160.0,2017,11
Central Maine Power,Maine,Somerset,Tomhegan,316,638,1220.67,235104.0,2019,8
Versant Power,Maine,Penobscot,Orrington,2081,5407,38514.1,1548722.21,2022,12
Versant Power,Maine,Penobscot,Alton,418,1017,15032.07,310992.0,2022,12
Versant Power,Maine,Unknown,Wallagrass Plt,378,407,215.24,281433.83,2018,7
Central Maine Power,Maine,Oxford,Greenwood,873,1228,7440.84,649511.99,2017,10
Central Maine Power,Maine,Piscataquis,Little Squaw,150,382,265.69,111600.0,2018,10
Versant Power,Maine,Unknown,T1 R8 Wels,20,21,28.01,13785.81,2019,2
Versant Power,Maine,Penobscot,Woodville,125,175,352.11,93000.0,2021,12
Eastern Maine Power Cooperative,Maine,Aroostook,Monticello,6,7,1.18,4284.28,2022,2
Central Maine Power,Maine,Somerset,Highland Plantation,50,51,326.29,36163.49,2020,11
Versant Power,Maine,Penobscot,Hudson,839,4034,4646.64,1209090.72,2022,9
Central Maine Power,Maine,Penobscot,Hampden,23,34,56.93,16560.0,2022,9
Versant Power,Maine,Penobscot,West Enfield,262,331,879.43,188640.0,2017,11
Versant Power,Maine,Penobscot,Levant,24,47,87.49,17280.0,2018,11
Central Maine Power,Maine,Sagadahoc,Phippsburg,2076,2156,3256.05,1544819.89,2021,8
Central Maine Power,Maine,Oxford,Milton,79,110,340.81,58776.0,2021,12
Central Maine Power,Maine,Androscoggin,Livermore,1293,1368,541.3,962346.84,2019,12
Central Maine Power,Maine,Oxford,Roxbury,457,458,772.46,340472.99,2019,5
Versant Power,Maine,Penobscot,Mattamiscontis Twp,39,40,120.06,29582.32,2022,3
Versant Power,Maine,Washington,Roque Bluffs,286,572,494.17,205920.0,2020,6
Central Maine Power,Maine,Waldo,Islesboro,1005,1050,1420.08,747900.18,2021,10
Versant Power,Maine,Washington,Perry,459,1237,8833.9,342069.96,2019,10
Central Maine Power,Maine,Waldo,Montville,608,1125,15774.14,438042.66,2019,11
Central Maine Power,Maine,Oxford,Sumner,577,1236,23249.91,416067.17,2020,4
Central Maine Power,Maine,Somerset,Hartland,1231,1235,209.21,886496.77,2022,11
Versant Power,Maine,Penobscot,Hudson,846,1326,687.98,1259972.0,2023,3
Versant Power,Maine,Washington,Pembroke,539,593,112.07,362208.0,2022,2
Central Maine Power,Maine,Franklin,Avon,309,313,817.14,207648.0,2019,2
Versant Power,Maine,Hancock,Franklin,1139,1169,1233.31,820696.46,2021,6
Central Maine Power,Maine,Franklin,Stetsontown,73,102,574.26,54770.7,2020,12
Versant Power,Maine,Penobscot,Milford,1581,3707,53854.52,1138612.92,2020,4
Eastern Maine Power Cooperative,Maine,Washington,Grand Lake Stream,330,479,364.72,245014.46,2021,10
Versant Power,Maine,Piscataquis,Atkinson,182,355,1852.54,131040.0,2018,11
Versant Power,Maine,Penobscot,Hudson,816,2104,20823.3,1214207.98,2019,10
Versant Power,Maine,Aroostook,New Limerick,14,420,10080.0,10080.0,2017,11
Eastern Maine Power Cooperative,Maine,Penobscot,Springfield,878,2211,1479.38,644684.14,2020,1
Central Maine Power,Maine,Penobscot,Levant,1468,3018,9631.8,1092540.95,2022,12
Versant Power,Maine,Washington,Steuben,1016,1018,1303.17,750385.14,2023,5
Versant Power,Maine,Hancock,Sullivan,468,680,1471.77,336960.0,2019,4
Versant Power,Maine,Aroostook,T28 Md Bpp,24,48,427.48,17856.0,2020,12
Versant Power,Maine,Piscataquis,Levant,25,44,68.28,18000.0,2022,9
Versant Power,Maine,Unknown,T4 Indian Purchase Twp,240,268,1887.75,172800.0,2017,11
Central Maine Power,Maine,Franklin,Salem,194,386,3268.91,130368.0,2022,2
Versant Power,Maine,Unknown,T30 Md Bpp,1,31,744.0,744.0,2018,1
Versant Power,Maine,Hancock,T9 Sd Bpp,17,66,691.19,8525.33,2020,4
Versant Power,Maine,Piscataquis,Barnard Twp,41,58,104.58,30504.0,2021,3
Central Maine Power,Maine,Sagadahoc,West Bath,1348,1824,6833.7,971225.64,2020,9
Versant Power,Maine,Washington,Whiting,430,572,413.94,309600.0,2023,4
Central Maine Power,Maine,Somerset,Concord,127,294,2934.31,69334.24,2023,9
Versant Power,Maine,Penobscot,Seboeis Plt,57,110,322.14,41029.77,2023,4
Versant Power,Maine,Aroostook,Island Falls,731,753,1890.86,543864.0,2021,3
Central Maine Power,Maine,Piscataquis,Kingsbury Plantation,48,56,76.71,35712.0,2020,10
Central Maine Power,Maine,Piscataquis,Shirley,229,344,495.23,170730.85,2022,3
Versant Power,Maine,Piscataquis,Ebeemee Twp,177,554,1136.76,131688.0,2018,1
Versant Power,Maine,Piscataquis,Bowerbank,344,717,3073.42,256641.15,2021,3
Versant Power,Maine,Aroostook,Caribou,4468,4833,14659.04,3324491.39,2022,12
Central Maine Power,Maine,Somerset,Rockwood Strip T2r1,3,6,8.51,2232.0,2021,12
Central Maine Power,Maine,Oxford,Grafton,2,4,15.02,1416.32,2020,12
Versant Power,Maine,Hancock,Penobscot,84,128,848.18,62496.0,2019,10
Central Maine Power,Maine,Somerset,Starks,304,620,768.29,219168.67,2018,9
Central Maine Power,Maine,Somerset,Long Pond,93,363,2889.17,69192.0,2017,10
Central Maine Power,Maine,Somerset,East Moxie,18,36,186.53,13392.0,2022,5
Versant Power,Maine,Washington,Centerville Twp,19,38,42.84,14136.0,2022,7
Central Maine Power,Maine,Waldo,Morrill,469,1811,33622.58,337680.0,2020,4
Central Maine Power,Maine,Piscataquis,Wellington,190,279,1369.14,142101.15,2022,12
Versant Power,Maine,Piscataquis,Lake View Plt,493,771,5536.19,276816.93,2023,9
Central Maine Power,Maine,Somerset,Parlin Pond,26,52,52.54,18720.0,2020,11
Central Maine Power,Maine,Franklin,Stetsontown,71,217,985.4,53561.15,2022,5
Central Maine Power,Maine,Franklin,Carrabassett Valley,2444,2631,10209.93,1760290.99,2018,4
Central Maine Power,Maine,Cumberland,Sebago,1744,1762,7851.97,1298133.72,2021,1
Eastern Maine Power Cooperative,Maine,Aroostook,Unknown,667,746,2362.77,480240.0,2018,4
Central Maine Power,Maine,Oxford,Stow,223,322,2538.09,165912.0,2018,5
Versant Power,Maine,Penobscot,T3 Indian Purchase Twp,154,286,742.12,110880.0,2022,11
Eastern Maine Power Cooperative,Maine,Penobscot,Drew,23,32,5.42,15982.82,2022,2
Versant Power,Maine,Aroostook,Presque Isle,2387,2594,2934.94,1775927.97,2018,5
Central Maine Power,Maine,Somerset,Caratunk Plantation,177,188,773.15,127979.96,2020,9
Central Maine Power,Maine,Piscataquis,Shirley,220,242,474.91,159032.57,2020,11
Central Maine Power,Maine,Kennebec,Rome,1106,1533,23734.07,796383.16,2019,11
Central Maine Power,Maine,Cumberland,Harpswell,4596,7337,20411.62,3419723.95,2018,3
Eastern Maine Power Cooperative,Maine,Penobscot,Kingman,5,6,36.19,3709.16,2022,12
Central Maine Power,Maine,Kennebec,Vassalboro,2441,7531,147176.96,1757519.93,2017,11
Versant Power,Maine,Penobscot,Hampden,26,84,158.84,18946.67,2017,9
Central Maine Power,Maine,Sagadahoc,Bowdoin,1479,2359,20686.15,1100851.4,2022,12
Versant Power,Maine,Penobscot,Lee,603,733,1407.09,335168.7,2023,9
Central Maine Power,Maine,Somerset,St Albans,1408,3432,54084.71,1047989.81,2020,12
Central Maine Power,Maine,York,York,10767,13757,113224.05,8011251.94,2023,1
Versant Power,Maine,Penobscot,Dedham,112,304,1296.67,16704.5,2017,9
Eastern Maine Power Cooperative,Maine,Penobscot,Unknown,470,1217,2928.81,347221.32,2018,5
Versant Power,Maine,Aroostook,Ashville,23,36,98.67,16207.33,2017,10
Versant Power,Maine,Aroostook,Merrill,70,171,324.17,38241.66,2017,10
Versant Power,Maine,Hancock,Mariaville,383,670,3615.4,284951.99,2018,3
Central Maine Power,Maine,Franklin,Wyman,158,250,1349.58,113760.0,2019,11
Versant Power,Maine,Aroostook,Oxbow North Twp,73,74,422.5,54618.49,2022,10
Central Maine Power,Maine,Knox,Washington,917,2663,34464.99,682247.98,2017,10
Central Maine Power,Maine,Lincoln,Dresden,990,1083,11148.71,736560.0,2023,3
Central Maine Power,Maine,Franklin,Alder Stream,13,52,175.51,9672.0,2020,10
Versant Power,Maine,Aroostook,T1 R8 Wels,31,32,85.43,21143.63,2022,2
Central Maine Power,Maine,Franklin,Stetsontown,72,145,144.77,53568.0,2020,3
Central Maine Power,Maine,Franklin,Stetsontown,71,220,754.24,52824.0,2022,12
Versant Power,Maine,Penobscot,Levant,24,45,31.51,17280.0,2019,9
Versant Power,Maine,Piscataquis,Medford,165,256,2056.86,123318.97,2020,10
Versant Power,Maine,Hancock,Mount Desert,2642,10699,119024.64,1966151.54,2022,12
Versant Power,Maine,Aroostook,Perham,229,836,5509.44,171118.48,2022,12
Versant Power,Maine,Piscataquis,Grand Falls Twp,17,31,31.6,12648.0,2021,10
Versant Power,Maine,Aroostook,Stockholm,165,172,449.0,118800.0,2020,11
Central Maine Power,Maine,Somerset,Lexington,154,278,1934.36,114790.02,2019,1
Central Maine Power,Maine,Piscataquis,Willimantic,273,546,1509.91,196560.0,2019,4
Central Maine Power,Maine,Piscataquis,Shirley,222,386,4602.76,165160.95,2020,12
Central Maine Power,Maine,York,Newfield,1333,2221,14454.68,992268.63,2023,1
Central Maine Power,Maine,Oxford,POLAND,3,6,9.5,2232.0,2022,8
Central Maine Power,Maine,Oxford,Albany,362,1612,29993.67,269381.49,2020,12
Versant Power,Maine,Penobscot,Hermon,126,856,12161.83,19680.17,2017,10
Central Maine Power,Maine,Franklin,Madrid,200,228,618.99,149231.97,2018,5
Versant Power,Maine,Hancock,Swans Island,524,1671,9452.08,390474.89,2022,1
Versant Power,Maine,Penobscot,Hudson,816,1524,3808.06,1214208.0,2019,1
Versant Power,Maine,Hancock,Surry,1185,1334,658.56,881640.0,2018,7
Central Maine Power,Maine,Kennebec,Rome,1164,1366,8121.71,866103.95,2022,10
Versant Power,Maine,Hancock,Prospect Harbor,33,59,75.68,24552.0,2017,12
Central Maine Power,Maine,Piscataquis,Kineo,35,70,40.81,26040.0,2019,1
Central Maine Power,Maine,Oxford,Jay,3,4,8.02,2232.0,2021,7
Central Maine Power,Maine,York,Limerick,1951,7838,18905.67,1451988.54,2022,7
Versant Power,Maine,Penobscot,Charleston,614,668,3798.14,456816.0,2018,12
Central Maine Power,Maine,Franklin,Weld,603,1036,4812.83,449194.32,2018,1
Versant Power,Maine,Piscataquis,Williamsburg Twp,53,60,74.93,39432.0,2020,5
Versant Power,Maine,Hancock,Gouldsboro,681,1302,3898.39,506664.0,2019,1
Versant Power,Maine,Piscataquis,Ebeemee Twp,179,557,1529.62,129436.32,2018,9
Central Maine Power,Maine,Piscataquis,Willimantic,281,331,506.78,202320.0,2022,4
Central Maine Power,Maine,Franklin,Salem,183,373,3177.65,136526.5,2018,10
Eastern Maine Power Cooperative,Maine,Washington,Charlotte,1255,1319,0.0,930695.9,2023,7
Central Maine Power,Maine,Oxford,Gilead,175,310,2174.68,130440.9,2021,1
Central Maine Power,Maine,Kennebec,Rome,1136,1924,4764.75,818446.23,2021,6
Versant Power,Maine,Aroostook,Winterville Plt,242,243,762.24,174450.94,2021,4
Central Maine Power,Maine,Somerset,Tomhegan,176,1192,7190.4,127373.33,2017,11
Versant Power,Maine,Unknown,Dover-foxcroft,3,11,3.0,2387.1,2020,4
Versant Power,Maine,Hancock,Gouldsboro,1662,4371,53965.36,1236815.99,2022,12
Versant Power,Maine,Hancock,Otis,809,2433,3258.26,602168.12,2022,8
Versant Power,Maine,Unknown,T28 Md,8,224,5376.0,5376.0,2018,2
Versant Power,Maine,Aroostook,T16 R6 Wels,1,2,6.0,744.0,2021,8
Central Maine Power,Maine,Oxford,Turner,3,19,170.65,2232.0,2022,12
Versant Power,Maine,Unknown,Town Hill,5298,33270,247789.93,3857768.36,2016,12
Central Maine Power,Maine,Oxford,Albany,358,876,2742.58,266449.67,2019,8
Central Maine Power,Maine,Oxford,Stow,252,698,698.41,187499.45,2021,7
Versant Power,Maine,Hancock,Great Pond,57,117,408.32,42408.0,2018,10
Versant Power,Maine,Penobscot,Lee,600,3627,33498.32,446737.43,2022,12
Versant Power,Maine,Unknown,T7 Sd,10,250,5786.67,7200.0,2017,11
Versant Power,Maine,Unknown,Manset,311,312,366.67,208992.0,2018,2
Central Maine Power,Maine,Somerset,Starks,300,1475,12576.5,223200.0,2017,10
Central Maine Power,Maine,Cumberland,Harpswell,4537,22655,238865.51,3266639.53,2017,11
Versant Power,Maine,Unknown,"T17, R3, 12",765,3764,89790.97,550800.0,2018,4
Versant Power,Maine,Piscataquis,Medford,158,166,2059.41,117552.0,2019,10
Central Maine Power,Maine,Franklin,Chesterville,827,2228,39453.76,595943.96,2020,4
Central Maine Power,Maine,Knox,Warren,2345,4612,21017.21,1745000.18,2023,3
Central Maine Power,Maine,Oxford,Brownfield,1084,1928,36459.13,807161.74,2020,12
Versant Power,Maine,Aroostook,Silver Ridge,47,291,5057.17,34968.0,2018,5
Central Maine Power,Maine,Oxford,Lower Cupsuptic,13,41,120.9,9672.0,2022,12
Central Maine Power,Maine,Oxford,Riley,1,2,0.0,737.57,2023,5
Central Maine Power,Maine,Somerset,Plymouth,2,3,2.39,1432.8,2023,7
Versant Power,Maine,Unknown,T8 Sd,13,25,208.37,10056.61,2018,11
Central Maine Power,Maine,Piscataquis,Elliottsville,92,208,259.57,68624.35,2022,3
Versant Power,Maine,Aroostook,Saint John Plt,163,322,936.6,117527.04,2022,6
Versant Power,Maine,Aroostook,Dyer Brook,121,126,121.51,90024.0,2018,10
Versant Power,Maine,Unknown,T 3 R 9 Nwp,436,604,1122.45,82901.65,2016,11
Central Maine Power,Maine,Piscataquis,Frenchtown,113,114,322.41,84072.0,2021,1
Central Maine Power,Maine,Franklin,Lang,64,192,76.46,47616.0,2022,5
Central Maine Power,Maine,Oxford,Canton,519,2151,24279.26,373794.3,2020,4
Versant Power,Maine,Penobscot,Patten,386,387,259.51,287739.98,2022,12
Central Maine Power,Maine,Piscataquis,Beaver Cove Plantation,264,1056,4478.73,190080.0,2018,11
Central Maine Power,Maine,Waldo,Prospect,383,403,146.49,285137.5,2020,7
Versant Power,Maine,Penobscot,Stillwater,178,300,1032.98,128160.0,2018,11
Versant Power,Maine,Hancock,Mariaville,383,820,15410.19,275760.0,2017,11
Versant Power,Maine,Hancock,Winter Harbor,607,613,2409.2,452202.3,2021,12
Central Maine Power,Maine,Penobscot,Etna,650,664,781.98,484147.55,2021,7
Versant Power,Maine,Washington,Cutler,423,427,1207.56,304887.0,2017,11
Central Maine Power,Maine,York,Kittery,6240,12299,152285.79,4643203.37,2017,10
Central Maine Power,Maine,Waldo,Jackson,291,367,774.04,216504.0,2018,8
Central Maine Power,Maine,Sagadahoc,Arrowsic,306,919,5284.2,220320.0,2019,11
Versant Power,Maine,Penobscot,Orrington,2000,2150,988.44,1440324.8,2020,6
Eastern Maine Power Cooperative,Maine,Penobscot,Springfield,1140,1146,377.86,848455.81,2022,5
Central Maine Power,Maine,Franklin,Carthage,342,377,361.66,254756.86,2021,5
Versant Power,Maine,Aroostook,Chapman,252,591,2854.83,187905.68,2022,12
Versant Power,Maine,Penobscot,Greenbush,740,1205,11711.26,551024.78,2022,12
Central Maine Power,Maine,Penobscot,Garland,62,69,509.3,46128.0,2019,10
Central Maine Power,Maine,Franklin,Salem,189,372,2920.13,140616.0,2020,8
Versant Power,Maine,Hancock,Mariaville,405,645,7840.59,301320.0,2019,10
Central Maine Power,Maine,Oxford,Magalloway Plantation,71,144,216.22,51259.48,2019,4
Central Maine Power,Maine,Kennebec,Randolph,980,996,6.18,705694.91,2021,9
Eastern Maine Power Cooperative,Maine,Aroostook,Bancroft,774,1878,2484.29,571818.87,2021,10
Central Maine Power,Maine,Penobscot,Corinth,19,53,150.19,14136.0,2018,8
Versant Power,Maine,Hancock,Islesford,187,376,4805.37,7874.37,2017,10
Versant Power,Maine,Penobscot,Greenfield Twp,142,258,1010.48,105648.0,2018,3
Versant Power,Maine,Hancock,Tremont,1508,3018,3499.92,1122226.95,2020,8
Central Maine Power,Maine,Somerset,Anson,695,1841,4596.65,517655.34,2017,12
Central Maine Power,Maine,Lincoln,Edgecomb,963,2125,5275.97,670248.0,2020,2
Versant Power,Maine,Aroostook,T16 R6 Wels,1,2,1.84,744.0,2020,7
Central Maine Power,Maine,Oxford,Roxbury,456,974,6895.73,339987.35,2018,10
Versant Power,Maine,Aroostook,Portage,368,1254,3425.33,268248.0,2017,10
Central Maine Power,Maine,Piscataquis,Kingsbury Plantation,43,130,317.69,32628.82,2018,5
Central Maine Power,Maine,Lincoln,Somerville,333,846,12851.67,247754.33,2017,10
Central Maine Power,Maine,Piscataquis,Greenville,1951,3086,25471.58,1451543.92,2022,12
Versant Power,Maine,Unknown,Derby,3586,3588,3022.92,2361934.08,2016,12
Central Maine Power,Maine,Waldo,Swanville,935,939,469.1,696049.47,2021,8
Versant Power,Maine,Hancock,Gouldsboro,1628,1741,4102.91,1211502.0,2020,5
Central Maine Power,Maine,Penobscot,Stetson,711,3546,73134.76,511919.99,2020,4
Versant Power,Maine,Unknown,Trescott Twp,14,19,14.57,4426.04,2016,11
Central Maine Power,Maine,Oxford,Hebron,547,633,2253.0,406968.0,2018,3
Versant Power,Maine,Aroostook,Winterville,237,258,265.11,176328.0,2018,10
Central Maine Power,Maine,Lincoln,Bremen,675,684,2602.54,486016.87,2021,9
Central Maine Power,Maine,Kennebec,Albion,1123,2209,7681.36,835825.32,2021,3
Central Maine Power,Maine,York,Berwick,3849,7104,93537.83,2864072.81,2023,1
Central Maine Power,Maine,Lincoln,Whitefield,1281,3500,60601.24,922349.39,2020,4
Versant Power,Maine,Penobscot,Enfield,1037,1275,12712.19,771706.58,2020,12
Central Maine Power,Maine,Cumberland,South Portland,13965,18101,282615.19,10390597.49,2019,10
Versant Power,Maine,Unknown,Long A Twp,54,285,2802.34,39380.49,2020,4
Central Maine Power,Maine,Oxford,Hebron,549,550,575.42,395656.17,2020,6
Central Maine Power,Maine,Franklin,Freeman,238,527,8916.94,171360.0,2020,4
Versant Power,Maine,Aroostook,Caswell,184,548,880.78,132480.0,2019,9
Versant Power,Maine,Aroostook,Wallagrass,375,400,1.49,277574.58,2023,5
Central Maine Power,Maine,Piscataquis,Kineo,35,105,154.61,26040.0,2021,10
Versant Power,Maine,Penobscot,Lowell,249,715,4748.36,179604.13,2020,4
Versant Power,Maine,Unknown,Oxbow Plantation,34,61,0.0,25879.01,2019,12
Versant Power,Maine,Penobscot,Stacyville,148,290,556.0,106560.0,2018,6
Versant Power,Maine,Hancock,Castine,1,2,3.5,720.0,2022,11
Versant Power,Maine,Penobscot,Howland,87,656,10918.51,64029.34,2017,10
Versant Power,Maine,Piscataquis,T4 R9 Nwp,3,6,6.07,2232.0,2020,10
Central Maine Power,Maine,Waldo,Frankfort,672,832,628.46,500570.68,2022,3
Central Maine Power,Maine,Somerset,Canaan,1216,1571,2000.99,905115.66,2020,8
Central Maine Power,Maine,Franklin,Carthage,344,610,3222.51,256083.35,2021,12
Central Maine Power,Maine,Knox,Hope,1052,3040,32365.28,783028.36,2022,12
Central Maine Power,Maine,Waldo,Winterport,1657,2029,2774.69,1233171.2,2021,8
Central Maine Power,Maine,Franklin,Weld,631,1350,2342.73,454556.99,2022,11
Central Maine Power,Maine,Piscataquis,Frenchtown,116,348,683.08,86304.0,2022,10
Versant Power,Maine,Penobscot,Greenbush,45,462,2365.0,34311.5,2017,8
Central Maine Power,Maine,Penobscot,Dixmont,515,712,1412.85,371439.97,2021,6
Versant Power,Maine,Washington,Bucks Harbor,75,154,227.07,52590.13,2020,2
Central Maine Power,Maine,Lincoln,Wiscasset,2360,4927,79084.52,1699627.7,2020,4
Eastern Maine Power Cooperative,Maine,Washington,Baring,14,17,0.0,10464.43,2021,11
Central Maine Power,Maine,Somerset,Caratunk Plantation,178,539,910.22,132432.0,2020,10
Eastern Maine Power Cooperative,Maine,Washington,Meddybemps,18,37,21.25,13441.47,2022,8
Versant Power,Maine,Hancock,T22 Md Bpp,15,30,125.24,10800.0,2022,9
Central Maine Power,Maine,Somerset,Dennistown Plantation,26,78,199.48,18720.0,2021,4
Versant Power,Maine,Penobscot,Medway,779,1748,16002.84,580061.69,2020,12
Central Maine Power,Maine,Penobscot,Corinth,19,20,195.83,14484.49,2019,10
Central Maine Power,Maine,Piscataquis,Lily Bay,113,114,133.13,81360.0,2022,9
Versant Power,Maine,Hancock,Waltham,240,303,4622.81,178758.8,2022,12
Versant Power,Maine,Hancock,Aurora,107,204,376.4,79608.0,2020,8
Central Maine Power,Maine,Piscataquis,Big Squaw,65,199,559.17,48896.16,2018,10
Central Maine Power,Maine,Piscataquis,Little Squaw,150,151,176.08,112132.31,2019,1
Central Maine Power,Maine,York,Acton,2489,3295,14792.36,1852543.06,2022,7
Central Maine Power,Maine,York,Parsonsfield,1356,1736,7209.88,1009354.13,2023,3
Central Maine Power,Maine,York,Waterboro,3907,7360,99906.01,2813039.81,2017,11
Central Maine Power,Maine,Oxford,Fryeburg,2246,4406,59360.72,1617698.23,2018,11
Central Maine Power,Maine,Oxford,Andover,652,656,1421.08,469883.82,2018,6
Versant Power,Maine,Unknown,Devereaux Twp,372,379,769.12,92559.98,2016,11
Versant Power,Maine,Washington,Pleasant Point,239,484,1010.65,178503.32,2019,10
Central Maine Power,Maine,Penobscot,Carmel,1367,2806,46405.17,1017052.66,2017,10
Versant Power,Maine,Hancock,Bass Harbor,464,469,543.83,312329.66,2018,2
Versant Power,Maine,Piscataquis,Ebeemee Twp,183,226,2.54,134881.17,2023,8
Versant Power,Maine,Aroostook,T28 Md Bpp,24,72,396.98,12035.77,2020,4
Versant Power,Maine,Unknown,T1 R8 Wels,9,20,50.18,7049.23,2020,3
Versant Power,Maine,Aroostook,T16 R6 Wels,1,2,1.5,744.0,2022,5
Versant Power,Maine,Penobscot,Corinna,17,51,87.81,12648.0,2020,5
Central Maine Power,Maine,Penobscot,Newburgh,61,120,225.51,46123.34,2020,5
Central Maine Power,Maine,Somerset,Moxie Gore,26,52,94.05,18720.0,2021,4
Central Maine Power,Maine,Oxford,Woodstock,1037,1136,14440.29,746744.45,2020,4
Central Maine Power,Maine,Lincoln,Southport,1158,1360,2055.24,861862.17,2019,12
Versant Power,Maine,Unknown,Ta R7 Wels,15,420,10080.0,10800.0,2018,4
Central Maine Power,Maine,Oxford,Adamstown,64,65,106.33,47616.0,2022,8
Central Maine Power,Maine,Lincoln,Westport,628,648,3085.5,452160.0,2020,9
Central Maine Power,Maine,Sagadahoc,Phippsburg,2021,4276,15645.28,1455573.8,2018,4
Central Maine Power,Maine,Androscoggin,Lisbon,4477,11198,57069.59,3223439.77,2017,11
Versant Power,Maine,Aroostook,Sherman,450,901,1691.2,324000.0,2018,6
Central Maine Power,Maine,Cumberland,Casco,3150,8576,103701.51,2344008.2,2022,12
Central Maine Power,Maine,York,Wells,10659,13150,136280.03,7930290.02,2022,12
Central Maine Power,Maine,Oxford,Roxbury,470,475,588.0,338852.94,2022,9
Versant Power,Maine,Hancock,Surry,131,2005,25083.91,97081.65,2017,10
Central Maine Power,Maine,York,Acton,2450,2567,4996.15,1764569.79,2020,9
Versant Power,Maine,Hancock,Southwest Harbor,15,46,60.5,9340.5,2017,8
Eastern Maine Power Cooperative,Maine,Aroostook,Haynesville,162,163,108.4,116246.76,2021,11
Central Maine Power,Maine,Franklin,Madrid,199,202,533.19,133728.0,2019,2
Versant Power,Maine,Washington,Eastport,1246,1334,6253.86,897833.89,2020,4
Versant Power,Maine,Piscataquis,Sebec,507,678,197.75,377877.31,2019,8
Central Maine Power,Maine,Androscoggin,Poland,3211,4741,19506.62,2389343.44,2018,1
Central Maine Power,Maine,Piscataquis,Beaver Cove Plantation,275,276,292.49,205103.37,2023,5
Central Maine Power,Maine,York,Limington,1907,2295,27486.37,1373158.96,2017,11
Central Maine Power,Maine,Penobscot,Levant,1362,2733,5422.47,1013548.97,2020,5
Versant Power,Maine,Penobscot,Herseytown Twp,19,43,93.8,9528.32,2020,4
Versant Power,Maine,Washington,East Machias,39,109,266.33,28573.5,2017,8
Central Maine Power,Maine,Somerset,Johnson Mountain,7,10,6.67,5208.0,2020,5
Central Maine Power,Maine,Kennebec,Clinton,1747,1813,23291.75,1299975.96,2020,12
Versant Power,Maine,Penobscot,Exeter,506,1218,23999.84,364320.0,2017,11
Versant Power,Maine,Washington,Beals,405,470,557.11,301320.0,2021,1
Central Maine Power,Maine,Cumberland,Chebeague Island,584,585,3589.38,420492.98,2020,9
Versant Power,Maine,Unknown,Long A Twp,52,104,286.85,38688.0,2018,5
Versant Power,Maine,Penobscot,Old Town,844,3258,16103.89,606146.33,2017,9
Versant Power,Maine,Penobscot,Exeter,510,1443,14256.47,367199.98,2019,11
Versant Power,Maine,Hancock,Eastbrook,500,519,860.21,372000.0,2018,12
Central Maine Power,Maine,Lincoln,Boothbay,2797,8339,122691.19,2013839.86,2017,11
Versant Power,Maine,Hancock,Fletchers Landing Twp,99,102,188.02,66528.0,2022,2
Versant Power,Maine,Washington,Marion Twp,55,109,92.09,39600.0,2020,6
Versant Power,Maine,Aroostook,Cross Lake Twp,311,426,640.3,231670.67,2020,12
Versant Power,Maine,Penobscot,Orrington,1979,2729,28559.36,1425433.02,2019,11
Central Maine Power,Maine,Oxford,Upton,182,242,1683.06,131040.0,2017,11
Central Maine Power,Maine,Somerset,Moose River,206,412,274.9,153264.0,2020,5
Central Maine Power,Maine,Androscoggin,Leeds,1143,2150,3237.39,823041.94,2019,4
Central Maine Power,Maine,Sagadahoc,Arrowsic,321,329,77.8,238824.0,2023,1
Versant Power,Maine,Hancock,Amherst,172,187,105.76,123012.92,2023,8
Central Maine Power,Maine,Knox,Cushing,1079,1204,1065.59,799563.88,2023,7
Central Maine Power,Maine,Knox,South Thomaston,1073,1378,14756.2,799053.65,2017,10
Versant Power,Maine,Penobscot,Argyle Twp,144,366,565.07,103680.0,2019,6
Versant Power,Maine,Washington,Dennysville,193,315,392.42,143592.0,2022,1
Central Maine Power,Maine,Knox,Appleton,757,1337,14225.71,563621.88,2020,12
Versant Power,Maine,Hancock,Osborn,46,117,116.92,34224.0,2020,3
Versant Power,Maine,Aroostook,Stockholm,169,411,911.54,121841.02,2022,11
Central Maine Power,Maine,Sagadahoc,Arrowsic,320,1381,16708.08,238433.68,2022,12
Versant Power,Maine,Penobscot,Bradley,772,1558,23530.13,555840.0,2019,11
Versant Power,Maine,Hancock,Sargentville,32,195,1721.73,5723.01,2017,10
Central Maine Power,Maine,Franklin,Davis,35,86,207.81,26040.0,2020,8
Versant Power,Maine,Penobscot,Chester,295,599,4424.48,212874.26,2019,11
Central Maine Power,Maine,Oxford,Lincoln Plantation,88,178,267.28,63499.48,2019,4
Versant Power,Maine,Penobscot,Dexter,41,123,272.45,27552.0,2022,2
Central Maine Power,Maine,Sagadahoc,Bowdoinham,1872,2567,33992.77,1347915.61,2020,4
Central Maine Power,Maine,Oxford,Hartford,718,1609,2464.3,534444.0,2018,1
Versant Power,Maine,Penobscot,Greenbush,547,1099,2220.13,406968.0,2018,7
Central Maine Power,Maine,Kennebec,Fayette,969,998,609.91,717641.14,2023,7
Versant Power,Maine,Unknown,Oxbow Plantation,73,144,2121.59,52560.0,2019,11
Central Maine Power,Maine,Franklin,Strong,734,1816,3610.57,528856.69,2021,4
Versant Power,Maine,Washington,Lubec,1322,2636,1857.69,952121.74,2023,4
Central Maine Power,Maine,Piscataquis,Kineo,35,140,1634.52,26040.0,2020,12
Central Maine Power,Maine,Piscataquis,Cove Point,7,28,16.53,5208.0,2018,5
Versant Power,Maine,Washington,Columbia,282,467,600.87,203373.19,2022,4
Versant Power,Maine,Penobscot,Hudson,845,6930,86676.0,1257596.24,2022,12
Central Maine Power,Maine,Oxford,Magalloway Plantation,74,148,445.66,47749.22,2023,2
Versant Power,Maine,Aroostook,Westmanland,121,486,6350.46,90485.21,2022,12
Central Maine Power,Maine,Somerset,Tomhegan,238,476,3725.99,159936.0,2022,2
Central Maine Power,Maine,Oxford,Lincoln Plantation,88,348,2978.17,65472.0,2017,10
Central Maine Power,Maine,Kennebec,Mt Vernon,1299,2665,34546.15,966458.32,2017,10
Central Maine Power,Maine,Kennebec,Pittston,1448,2178,12261.05,1077351.01,2019,8
Central Maine Power,Maine,York,Kennebunk,1669,1737,236.07,1202110.32,2020,4
Versant Power,Maine,Unknown,Woodville,1019,3482,3299.41,691891.0,2016,12
Central Maine Power,Maine,Penobscot,Troy,1,2,3.08,719.77,2023,6
Central Maine Power,Maine,Franklin,Stetsontown,74,315,4811.2,53288.84,2019,11
Central Maine Power,Maine,Oxford,Magalloway Plantation,74,150,491.27,53475.65,2021,4
Versant Power,Maine,Washington,Marion Twp,27,91,236.81,20335.3,2019,10
Versant Power,Maine,Unknown,T4 Indian Purchase,8,12,24.66,5952.0,2018,3
Central Maine Power,Maine,Knox,Camden,3781,5125,7884.02,2631700.17,2020,2
Central Maine Power,Maine,Somerset,Taunton & Raynham Academy Grant,591,2643,39629.02,440025.99,2020,12
Central Maine Power,Maine,Oxford,Lincoln Plantation,88,182,628.64,65506.01,2021,3
Central Maine Power,Maine,Somerset,Sapling,14,30,57.43,11146.16,2019,8
Versant Power,Maine,Unknown,"Squa Pan T11, R4,7,8",107,117,237.86,12004.75,2016,12
Central Maine Power,Maine,Franklin,Madrid,200,457,4094.01,144000.0,2018,11
Central Maine Power,Maine,Piscataquis,Blanchard Plantation,109,452,8736.0,78480.0,2017,11
Central Maine Power,Maine,Somerset,Cornville,667,1160,18068.67,496248.0,2017,10
Versant Power,Maine,Aroostook,Smyrna,89,104,29.35,44641.95,2020,4
Central Maine Power,Maine,Somerset,Lexington,158,835,8190.91,113760.0,2019,11
Versant Power,Maine,Aroostook,New Limerick,13,53,382.14,9672.0,2020,12
Versant Power,Maine,Hancock,Franklin,1118,2332,1037.26,805572.3,2019,6
Versant Power,Maine,Unknown,Deblois,377,420,815.07,92558.19,2016,11
Central Maine Power,Maine,Cumberland,Standish,5239,6632,5830.05,3772303.47,2020,6
Central Maine Power,Maine,Franklin,Temple,322,490,5157.12,231840.0,2018,11
Versant Power,Maine,Aroostook,Winterville Plt,246,258,21.78,179657.75,2023,7
Versant Power,Maine,Penobscot,Greenfield Twp,142,146,443.39,105648.0,2018,10
Central Maine Power,Maine,Somerset,East Moxie,17,36,113.66,12937.83,2021,3
Central Maine Power,Maine,Androscoggin,New Gloucester,6,21,241.63,4464.0,2022,12
Central Maine Power,Maine,Somerset,Tomhegan,242,485,2658.44,180178.53,2023,3
Central Maine Power,Maine,Somerset,Moxie Gore,26,52,82.35,19344.0,2022,3
Versant Power,Maine,Penobscot,Seboeis Plt,57,169,296.11,42408.0,2021,12
Central Maine Power,Maine,Oxford,Adamstown,68,82,1211.57,48960.0,2020,4
Versant Power,Maine,Hancock,Mariaville,405,500,479.45,301320.0,2020,3
Central Maine Power,Maine,Oxford,Byron,115,127,146.34,85560.0,2021,1
Central Maine Power,Maine,Somerset,OAKLAND,2,4,68.32,1488.0,2022,12
Versant Power,Maine,Unknown,Pretty Marsh,101,421,5078.77,75492.99,2019,10
Central Maine Power,Maine,Somerset,Rockwood Strip T2r1,43,62,59.51,31992.0,2018,1
Versant Power,Maine,Aroostook,New Canada,140,249,524.66,100800.0,2019,4
Versant Power,Maine,Aroostook,New Canada,57,188,421.83,21278.5,2017,10
Versant Power,Maine,Aroostook,Benedicta,188,189,192.61,135451.99,2018,9
Versant Power,Maine,Aroostook,Ludlow,18,19,28.38,13392.0,2022,1
Central Maine Power,Maine,Lincoln,Waldoboro,3155,4091,21088.61,2089852.0,2023,5
Central Maine Power,Maine,Oxford,Porter,916,962,10130.09,682063.34,2018,10
Versant Power,Maine,Aroostook,Perham,214,242,463.76,159745.99,2020,5
Versant Power,Maine,Penobscot,Costigan,13,28,32.04,9360.0,2018,11
Central Maine Power,Maine,York,Berwick,3873,4359,12131.37,2200905.88,2023,9
Versant Power,Maine,Penobscot,Newburgh,745,1597,6186.33,554485.64,2020,12
Central Maine Power,Maine,Franklin,Stetsontown,71,73,178.98,52824.0,2023,3
Central Maine Power,Maine,Kennebec,Farmingdale,1611,2651,2473.56,1083028.43,2021,2
Central Maine Power,Maine,Piscataquis,Harfords Point,143,147,168.05,106392.0,2019,1
Versant Power,Maine,Aroostook,Westmanland,117,236,134.84,87048.0,2018,10
Versant Power,Maine,Penobscot,Old Town,4056,8647,112535.98,2921233.79,2020,4
Central Maine Power,Maine,Oxford,Jay,3,7,9.67,2160.0,2021,9
Central Maine Power,Maine,Knox,Union,1452,1491,18261.91,1080387.79,2019,8
Central Maine Power,Maine,Hancock,Penobscot,860,1433,2300.68,619860.99,2020,9
Versant Power,Maine,Hancock,Frenchboro,66,68,165.67,38812.33,2017,8
Central Maine Power,Maine,Oxford,Stow,224,1060,6624.25,166656.0,2018,10
Versant Power,Maine,Penobscot,Old Town,4167,4365,14458.05,3100529.59,2021,10
Central Maine Power,Maine,Oxford,Buckfield,1144,1493,1239.1,843594.56,2023,8
Versant Power,Maine,Piscataquis,Sebec,510,802,1311.03,379808.16,2020,5
Central Maine Power,Maine,Waldo,Burnham,788,1749,4580.48,586675.32,2022,12
Central Maine Power,Maine,Penobscot,Corinth,20,21,4.01,11534.74,2023,9
Central Maine Power,Maine,Piscataquis,Greenville,1823,5372,5866.67,1356704.99,2020,5
Versant Power,Maine,Unknown,Somesville,45,744,5927.99,32556.83,2017,10
Versant Power,Maine,Penobscot,Lee,597,934,2537.24,444839.35,2021,3
Eastern Maine Power Cooperative,Maine,Aroostook,Moro Plantation,195,252,52.03,140960.72,2023,4
Central Maine Power,Maine,Oxford,Mexico,1509,1889,24668.61,1086830.81,2020,4
Central Maine Power,Maine,Franklin,Dallas Plantation,480,481,1282.2,357120.0,2021,5
Central Maine Power,Maine,Oxford,Mexico,1499,2657,2668.34,1115509.5,2018,1
Central Maine Power,Maine,Lincoln,Nobleboro,1396,2346,33788.85,1005732.34,2019,11
Central Maine Power,Maine,Franklin,Anson,1,2,2.5,720.0,2022,9
Versant Power,Maine,Penobscot,Dixmont,115,158,119.2,82800.0,2018,11
Central Maine Power,Maine,Piscataquis,Greenville,1945,2185,4221.15,1447302.57,2022,10
Versant Power,Maine,Piscataquis,Ebeemee Twp,179,185,427.63,133176.0,2021,5
Central Maine Power,Maine,Franklin,Jay,2464,7345,93117.68,1774158.29,2020,4
Central Maine Power,Maine,Franklin,Strong,745,1403,1202.16,554475.8,2022,3
Versant Power,Maine,Penobscot,Corinna,16,108,2308.17,11520.0,2017,11
Versant Power,Maine,Aroostook,Perham,123,249,86.44,91512.0,2018,7
Central Maine Power,Maine,Waldo,Northport,1343,5276,60790.27,967093.94,2020,4
Central Maine Power,Maine,Oxford,Porter,934,1090,4105.41,694896.0,2021,1
Central Maine Power,Maine,Cumberland,New Gloucester,2904,4196,49079.34,2091150.23,2020,4
Central Maine Power,Maine,Franklin,Rangeley Plantation,568,1360,6016.39,423142.95,2020,8
Versant Power,Maine,Penobscot,Bradford,643,1354,11482.04,468904.52,2023,8
Versant Power,Maine,Unknown,"T1, R6, 7,8",803,964,454.04,597886.46,2018,8
Versant Power,Maine,Washington,Woodland,3,4,13.33,265.33,2017,9
Central Maine Power,Maine,Penobscot,Plymouth,711,737,2178.43,529634.94,2020,8
Central Maine Power,Maine,Oxford,Turner,2,5,4.33,1562.65,2021,10
Versant Power,Maine,Unknown,Somes Sound,64,66,43.68,47782.65,2019,1
Central Maine Power,Maine,Piscataquis,Big Squaw,70,93,463.28,50400.0,2020,4
Versant Power,Maine,Hancock,Deer Isle,1934,1977,583.2,1438895.97,2022,10
Central Maine Power,Maine,Knox,South Thomaston,1137,1375,15425.76,845927.98,2022,12
Eastern Maine Power Cooperative,Maine,Aroostook,Dyer Brook,1036,1037,0.0,770356.34,2022,1
Central Maine Power,Maine,Waldo,Montville,601,604,882.91,432720.0,2022,9
Versant Power,Maine,Penobscot,Herseytown,14,420,10080.0,10080.0,2017,11
Central Maine Power,Maine,Somerset,Brighton Plantation,48,56,226.76,27071.23,2023,9
Versant Power,Maine,Aroostook,Crystal,113,125,10.81,83898.48,2023,7
Versant Power,Maine,Penobscot,Grindstone Twp,50,100,58.63,36000.0,2022,6
Central Maine Power,Maine,Franklin,Phillips,686,764,2218.72,460992.0,2019,2
Versant Power,Maine,Hancock,Amherst,167,666,9009.01,120419.01,2020,4
Central Maine Power,Maine,Oxford,Byron,103,160,1113.18,74160.0,2018,11
Versant Power,Maine,Piscataquis,Orneville Twp,270,361,1296.44,194400.0,2020,9
Central Maine Power,Maine,Oxford,Turner,3,6,0.0,2229.6,2023,7
Central Maine Power,Maine,Somerset,Highland Plantation,51,255,4582.86,37944.0,2020,12
Versant Power,Maine,Aroostook,Allagash,280,343,844.41,201856.13,2022,4
Eastern Maine Power Cooperative,Maine,Penobscot,Mount Chase,202,244,162.8,148522.56,2021,12
Versant Power,Maine,Washington,Pleasant Point,348,349,520.01,259263.8,2021,10
Central Maine Power,Maine,Franklin,Industry,589,733,5300.19,336261.4,2023,9
Versant Power,Maine,Penobscot,Corinna,18,70,165.31,12237.2,2022,12
Versant Power,Maine,Aroostook,Allagash,273,539,725.64,196834.15,2021,4
Central Maine Power,Maine,Lincoln,Dresden,951,1000,14391.51,707779.78,2020,10
Central Maine Power,Maine,Somerset,Embden,1037,1398,2826.42,743234.63,2023,4
Versant Power,Maine,Penobscot,Holden,286,4172,53240.02,213668.61,2017,10
Eastern Maine Power Cooperative,Maine,Washington,Baileyville,292,306,122.66,210240.0,2022,9
Central Maine Power,Maine,Somerset,Industry,15,32,9.35,11160.0,2021,12
Central Maine Power,Maine,Piscataquis,Willimantic,276,558,1813.19,205920.33,2018,8
Central Maine Power,Maine,Somerset,Jackman,777,1812,16328.34,578095.0,2017,10
Central Maine Power,Maine,Waldo,Liberty,854,856,6.26,631788.04,2023,8
Central Maine Power,Maine,Somerset,Industry,15,29,0.0,11094.27,2023,8
Versant Power,Maine,Unknown,Costigan,2767,28739,43733.26,1843995.66,2016,12
Central Maine Power,Maine,Somerset,East Moxie,18,72,354.48,13344.01,2022,12
Central Maine Power,Maine,Somerset,Long Pond,93,376,722.27,69623.16,2017,12
Central Maine Power,Maine,Somerset,Pleasant Ridge Plantation,67,198,2420.0,49848.0,2017,10
Versant Power,Maine,Washington,Deblois,65,125,1344.64,47455.53,2020,4
Versant Power,Maine,Penobscot,Hudson,827,1096,578.62,1191890.28,2020,6
Central Maine Power,Maine,Piscataquis,Sebec,13,26,13.01,8736.0,2022,2
Versant Power,Maine,Hancock,Southwest Harbor,1539,3146,45760.94,1145584.42,2019,10
Central Maine Power,Maine,Oxford,Upton,180,304,3283.68,134164.2,2020,12
Versant Power,Maine,Penobscot,Veazie,918,1841,4249.21,661197.89,2018,11
Versant Power,Maine,Washington,Eastport,1248,2529,1958.25,899100.02,2020,6
Central Maine Power,Maine,Sagadahoc,Arrowsic,320,343,3628.25,237493.6,2023,5
Versant Power,Maine,Penobscot,Dexter,41,80,244.28,29520.0,2018,4
Central Maine Power,Maine,Waldo,Montville,601,1817,15750.9,447883.65,2020,12
Versant Power,Maine,Unknown,Long A Twp,52,444,9661.11,38688.0,2017,12
Central Maine Power,Maine,Cumberland,Sebago,1750,2063,3930.97,1302032.7,2021,5
Central Maine Power,Maine,Piscataquis,Sebec,18,47,746.72,13392.0,2020,12
Versant Power,Maine,Hancock,Waltham,219,685,7960.62,158335.53,2020,4
Central Maine Power,Maine,Somerset,Lexington,154,425,4491.97,114836.34,2018,10
Versant Power,Maine,Penobscot,Glenburn,2067,2763,28747.95,1538296.71,2020,12
Central Maine Power,Maine,Knox,Warren,2284,2337,14813.17,1644998.2,2020,9
Versant Power,Maine,Penobscot,Dedham,428,2518,21084.71,320364.98,2017,10
Central Maine Power,Maine,Piscataquis,Kineo,35,70,99.23,26040.0,2021,12
Versant Power,Maine,Penobscot,Bradford,637,652,659.47,473928.0,2022,8
Central Maine Power,Maine,Hancock,Orland,1545,1758,2995.25,1149868.5,2018,10
Central Maine Power,Maine,Somerset,Anson,719,1815,20719.77,517679.98,2020,4
Versant Power,Maine,Hancock,Fletchers Landing Twp,20,620,14880.0,14880.0,2018,3
Central Maine Power,Maine,Androscoggin,Livermore Falls,1699,2731,18297.89,1264449.01,2022,12
Central Maine Power,Maine,Waldo,Prospect,395,797,10000.02,293880.0,2022,12
Central Maine Power,Maine,Franklin,Farmington,4045,9200,127822.99,2913077.33,2020,4
Eastern Maine Power Cooperative,Maine,Penobscot,Drew,158,179,0.0,119098.58,2023,5
Central Maine Power,Maine,Piscataquis,Lily Bay,113,114,0.0,84016.62,2023,7
Versant Power,Maine,Penobscot,Hampden,3714,4146,29168.31,2674079.86,2019,11
Central Maine Power,Maine,Waldo,Jackson,305,352,4920.85,227408.66,2022,12
Versant Power,Maine,Hancock,Seal Cove,334,757,7690.24,240480.0,2018,11
Versant Power,Maine,Aroostook,Oxbow North Twp,73,360,1494.02,54555.68,2022,12
Central Maine Power,Maine,Knox,Appleton,777,1037,4375.27,442859.56,2023,9
Versant Power,Maine,Hancock,Cranberry Isles,421,579,736.64,303120.0,2022,11
Central Maine Power,Maine,Somerset,Pleasant Ridge Plantation,65,195,976.18,48360.0,2021,3
Eastern Maine Power Cooperative,Maine,Washington,Alexander,164,193,180.4,122893.8,2021,10
Versant Power,Maine,Piscataquis,Medford,167,322,4366.81,124248.0,2020,12
Central Maine Power,Maine,Waldo,Jackson,279,1097,18839.94,200880.0,2017,11
Versant Power,Maine,Aroostook,Oakfield,217,371,755.33,143354.66,2017,8
Eastern Maine Power Cooperative,Maine,Aroostook,Linneus,1503,1517,7078.07,1118850.29,2021,10
Central Maine Power,Maine,Somerset,Jackman,776,794,1784.47,577431.29,2019,3
Central Maine Power,Maine,Penobscot,Garland,62,181,3461.91,44640.0,2020,4
Central Maine Power,Maine,York,Dayton,916,1935,21764.69,659519.99,2017,11
Central Maine Power,Maine,Piscataquis,Bowerbank,31,64,181.44,23432.48,2021,10
Versant Power,Maine,Piscataquis,T4 R9 Nwp,3,6,7.52,2232.0,2022,8
Central Maine Power,Maine,Sagadahoc,Georgetown,1212,2720,16530.7,872945.06,2020,11
Versant Power,Maine,Washington,Beddington,242,520,2612.82,180681.5,2021,3
Versant Power,Maine,Unknown,T1 R9,28,125,29.65,20394.73,2018,5
Versant Power,Maine,Piscataquis,Ebeemee Twp,183,1451,23631.19,132199.49,2020,4
Versant Power,Maine,Aroostook,Sinclair Twp,358,1410,2492.12,266527.29,2022,7
Versant Power,Maine,Penobscot,Seboeis Plt,55,276,3285.87,39600.0,2019,11
Central Maine Power,Maine,Oxford,Lovell,1358,3214,17207.93,1011100.3,2018,10
Central Maine Power,Maine,Somerset,Misery Gore,10,20,22.33,7440.0,2018,7
Central Maine Power,Maine,Knox,Friendship,978,2884,675.72,720979.66,2023,7
Central Maine Power,Maine,Oxford,Lincoln Plantation,88,270,150.67,65472.0,2018,7
Central Maine Power,Maine,Penobscot,Dixmont,532,672,1091.13,383562.5,2019,6
Central Maine Power,Maine,Androscoggin,Greene,2253,2331,5577.21,1655444.17,2023,7
Central Maine Power,Maine,Androscoggin,Freeport,1,2,0.5,672.0,2022,2
Central Maine Power,Maine,Androscoggin,Livermore,1345,1462,16319.47,995069.64,2017,10
Versant Power,Maine,Penobscot,Hudson,171,532,2226.83,164903.0,2017,9
Central Maine Power,Maine,Oxford,Waterford,1547,1807,1705.21,1114067.26,2023,4
Versant Power,Maine,Penobscot,Old Town,3907,5719,73283.06,2813039.76,2019,11
Versant Power,Maine,Hancock,Orland,51,196,3275.58,37944.0,2022,12
Central Maine Power,Maine,Somerset,Canaan,1218,1264,12501.62,818978.49,2019,2
Central Maine Power,Maine,Knox,Friendship,964,2402,26598.45,717660.03,2020,12
Central Maine Power,Maine,Kennebec,Chelsea,1347,1520,2405.77,970549.65,2019,11
Versant Power,Maine,Penobscot,Molunkus Twp,31,96,1632.56,22588.65,2020,4
Versant Power,Maine,Unknown,Sutton Island,26,46,375.31,18720.0,2019,11
Versant Power,Maine,Hancock,Osborn,40,114,1114.0,28800.0,2017,11
Versant Power,Maine,Aroostook,Ashland,386,1312,3828.0,281878.67,2017,10
Versant Power,Maine,Unknown,Mt Desert,213,235,325.69,159720.31,2018,3
Versant Power,Maine,Piscataquis,Sebec,501,615,9351.3,360720.0,2017,11
Central Maine Power,Maine,Somerset,Dennistown Plantation,28,31,0.0,20773.34,2023,8
Versant Power,Maine,Penobscot,West Enfield,262,376,3112.96,188640.0,2018,11
Central Maine Power,Maine,Penobscot,Newport,2139,5275,90567.6,1540506.81,2020,4
Central Maine Power,Maine,York,Berwick,3662,3844,5737.53,2724744.76,2018,8
Versant Power,Maine,Hancock,Stonington,1189,1393,4262.71,799592.72,2023,2
Central Maine Power,Maine,Androscoggin,Leeds,1133,2293,38635.83,842972.99,2017,10
Central Maine Power,Maine,Oxford,Hiram,982,2908,45273.77,707040.0,2017,11
Central Maine Power,Maine,Cumberland,Freeport,4911,5598,10006.32,3654464.05,2020,1
Versant Power,Maine,Unknown,Wallagrass Plt,386,392,396.27,287857.32,2018,12
Central Maine Power,Maine,Somerset,Ripley,347,1390,25286.05,249840.0,2020,4
Versant Power,Maine,Aroostook,Sinclair Twp,349,350,874.71,259907.3,2021,1
Central Maine Power,Maine,Sagadahoc,Phippsburg,2012,2186,1700.14,1496901.22,2019,3
Versant Power,Maine,Piscataquis,Ebeemee Twp,182,183,852.02,135408.0,2019,7
Versant Power,Maine,Aroostook,Frenchville,621,1085,26040.0,462024.0,2018,1
Central Maine Power,Maine,Sagadahoc,Bath,4988,5937,73461.22,3711699.62,2019,10
Central Maine Power,Maine,Somerset,Taunton & Raynham Academy Grant,583,584,484.81,434131.36,2019,3
Versant Power,Maine,Penobscot,T4 Indian Purchase Twp,256,286,479.79,184320.0,2022,4
Eastern Maine Power Cooperative,Maine,Washington,Charlotte,692,739,465.36,510763.07,2021,12
Versant Power,Maine,Unknown,"T2, R4, 6,7,8",57,248,5952.0,42408.0,2017,12
Central Maine Power,Maine,Somerset,Norridgewock,1758,2824,3275.53,1308642.18,2022,7
Versant Power,Maine,Aroostook,Van Buren,3,90,2160.0,2160.0,2017,9
Versant Power,Maine,Penobscot,Bradford,630,742,939.41,468968.65,2021,10
Versant Power,Maine,Aroostook,Van Buren,3,93,2232.0,2232.0,2017,10
Versant Power,Maine,Hancock,Islesford,188,189,2348.79,139965.66,2018,10
Central Maine Power,Maine,Hancock,Penobscot,850,1425,3224.32,632576.15,2019,1
Versant Power,Maine,Hancock,Otter Creek,163,4890,117360.0,117360.0,2017,11
Versant Power,Maine,Aroostook,Allagash,285,571,1825.92,212472.61,2022,12
Central Maine Power,Maine,Oxford,Upton,181,364,440.9,134712.49,2020,5
Versant Power,Maine,Aroostook,Masardis,196,440,604.82,141120.0,2022,4
Central Maine Power,Maine,Oxford,Adamstown,68,272,2517.44,48960.0,2018,11
Central Maine Power,Maine,Knox,Owls Head,1251,1294,85.53,930804.84,2018,10
Versant Power,Maine,Penobscot,Brewer,5206,7409,38603.83,3873585.76,2022,12
Versant Power,Maine,Penobscot,Eddington,57,2196,34464.49,43984.66,2017,10
Versant Power,Maine,Aroostook,Benedicta Twp,191,192,609.6,137781.28,2021,9
Central Maine Power,Maine,Oxford,Mason,50,204,2656.43,37200.0,2021,3
Central Maine Power,Maine,Oxford,Gilead,181,262,430.22,130320.0,2022,11
Central Maine Power,Maine,Lincoln,Wiscasset,2408,3050,29465.5,1791880.18,2022,12
Central Maine Power,Maine,Cumberland,New Gloucester,3013,12631,117638.73,2242367.06,2022,12
Versant Power,Maine,Unknown,T30 Md Bpp,1,2,13.33,720.0,2019,11
Versant Power,Maine,Aroostook,New Sweden,348,747,997.35,259452.97,2020,10
Versant Power,Maine,Aroostook,Woodland,653,1055,2274.12,485891.72,2020,12
Central Maine Power,Maine,Oxford,Lovell,1349,2634,40414.49,971279.96,2017,11
Versant Power,Maine,Aroostook,Saint Francis,310,750,1953.97,223514.98,2022,6
Versant Power,Maine,Penobscot,Indian Island,304,416,346.19,219310.17,2021,11
Central Maine Power,Maine,Somerset,Pittsfield,2132,2158,27452.28,1586268.17,2020,12
Central Maine Power,Maine,Waldo,Unity,1136,2424,18828.76,845976.44,2020,12
Versant Power,Maine,Washington,Edmunds Twp,138,172,599.53,103273.12,2018,3
Central Maine Power,Maine,Cumberland,Standish,5089,14163,171216.85,3664079.7,2017,11
Central Maine Power,Maine,York,Windham,1,2,4.48,720.0,2021,6
Versant Power,Maine,Hancock,Sedgwick,915,2522,28834.72,681233.41,2022,12
Central Maine Power,Maine,Somerset,Moose River,211,848,1262.36,152523.94,2019,9
Central Maine Power,Maine,Franklin,Rangeley Plantation,559,1492,1595.55,416413.66,2017,12
Versant Power,Maine,Aroostook,T16 R6 Wels,1,2,5.67,720.0,2022,11
Central Maine Power,Maine,Franklin,Carthage,342,617,5683.54,230364.66,2022,2
Versant Power,Maine,Unknown,Lucerne,143,1118,10861.56,109859.0,2017,10
Versant Power,Maine,Aroostook,Hamlin,107,109,277.41,77516.49,2020,9
Central Maine Power,Maine,York,Limerick,1875,4028,32403.51,1395261.83,2020,12
Eastern Maine Power Cooperative,Maine,Washington,Crawford,2243,4513,49153.62,1656277.23,2023,5
Versant Power,Maine,Piscataquis,T1 R9 Wels,348,695,6135.16,258912.0,2020,10
Central Maine Power,Maine,Waldo,Waldo,418,1402,28815.76,300960.0,2020,4
Central Maine Power,Maine,Waldo,Montville,599,652,614.65,446359.13,2022,8
Versant Power,Maine,Aroostook,Portage Lake,539,1156,1.63,398057.19,2023,5
Central Maine Power,Maine,Franklin,Rangeley,1878,2865,5203.57,1397896.58,2020,8
Central Maine Power,Maine,Somerset,Caratunk Plantation,178,181,874.23,132432.0,2021,3
Central Maine Power,Maine,Oxford,Canton,532,730,732.11,396222.12,2022,3
Versant Power,Maine,Penobscot,Hudson,847,1464,1675.04,1261150.58,2021,12
Versant Power,Maine,Washington,Whitneyville,76,111,92.53,55983.77,2018,1
Versant Power,Maine,Penobscot,Lowell,246,1079,11641.28,177120.0,2019,11
Central Maine Power,Maine,Somerset,Mercer,479,1420,1583.21,356376.0,2022,7
Central Maine Power,Maine,Oxford,Hanover,298,821,9340.64,222069.98,2022,12
Versant Power,Maine,Penobscot,Dedham,1177,4736,71812.63,850411.76,2020,4
Versant Power,Maine,Penobscot,Hudson,829,3048,11999.5,1194988.56,2020,9
Central Maine Power,Maine,Sagadahoc,West Bath,1341,1575,2243.13,997703.99,2021,12
Central Maine Power,Maine,Waldo,Morrill,472,506,904.42,340383.02,2022,9
Central Maine Power,Maine,Penobscot,Levant,1316,3538,61825.49,947519.99,2017,11
Central Maine Power,Maine,Penobscot,Newport,2104,2222,4189.83,1514879.99,2017,9
Central Maine Power,Maine,Oxford,Adamstown,69,81,263.38,49680.0,2018,9
Central Maine Power,Maine,Androscoggin,Livermore,1282,1803,1613.58,953886.64,2018,7
Versant Power,Maine,Unknown,Seboeis Plt,6314,32009,209179.24,4443679.87,2016,12
Versant Power,Maine,Washington,Cutler,449,1157,12637.39,334056.0,2022,12
Versant Power,Maine,Piscataquis,Lake View Plt,189,275,608.87,140616.0,2019,10
Central Maine Power,Maine,Somerset,Tomhegan,181,364,580.51,134664.0,2020,5
Central Maine Power,Maine,Oxford,Magalloway Plantation,76,228,917.13,56544.0,2022,5
Versant Power,Maine,Aroostook,Sinclair Twp,358,605,5593.32,266904.2,2022,12
Versant Power,Maine,Hancock,Lamoine,1080,1090,564.1,803894.3,2018,5
Central Maine Power,Maine,York,Berwick,3614,6561,9037.41,2689030.29,2018,1
Versant Power,Maine,Aroostook,Hamlin,108,216,682.23,77760.0,2020,11
Versant Power,Maine,Aroostook,Nashville Plt,35,41,0.39,25913.29,2023,5
Versant Power,Maine,Unknown,Cedar Lake Twp,2010,5400,5403.14,1442848.74,2017,3
Versant Power,Maine,Penobscot,Bradford,639,676,1414.96,475416.0,2022,10
Central Maine Power,Maine,Franklin,Rangeley,1973,5944,30097.57,1468336.93,2022,12
Central Maine Power,Maine,Penobscot,Kenduskeag,118,236,2418.19,84960.0,2018,11
Versant Power,Maine,Piscataquis,Grand Falls Twp,16,47,177.09,9161.83,2023,9
Versant Power,Maine,Piscataquis,Sebec,501,666,1980.46,372912.59,2019,1
Central Maine Power,Maine,Franklin,Freeman,228,572,1979.21,169850.17,2017,8
Versant Power,Maine,Unknown,T9 Sd,16,212,4638.31,11904.0,2018,3
Eastern Maine Power Cooperative,Maine,Washington,Brookton,5,9,4.5,4292.87,2022,8
Versant Power,Maine,Washington,Deblois,67,178,1205.39,48888.99,2018,11
Central Maine Power,Maine,Somerset,Solon,719,1554,10726.77,535610.28,2021,3
Versant Power,Maine,Hancock,Sunset,17,22,41.31,12648.0,2018,12
Versant Power,Maine,Penobscot,Stacyville,148,285,478.18,110112.0,2018,12
Central Maine Power,Maine,Oxford,Adamstown,68,69,331.94,51232.82,2018,5
Versant Power,Maine,Hancock,Penobscot,60,218,2132.98,44549.5,2022,12
Central Maine Power,Maine,York,Kennebunk,1622,2554,44985.99,1167839.98,2017,11
Central Maine Power,Maine,Somerset,Harmony,582,755,603.59,433008.0,2018,3
Central Maine Power,Maine,Franklin,Madrid,197,469,9091.36,146740.01,2017,12
Versant Power,Maine,Penobscot,Orrington,1927,4077,5317.31,1387439.99,2018,6
Central Maine Power,Maine,Piscataquis,Frenchtown,113,226,151.13,81360.0,2021,6
Central Maine Power,Maine,Lincoln,Westport,616,619,821.78,458770.82,2018,5
Versant Power,Maine,Piscataquis,Lake View Plt,472,622,855.98,351535.97,2020,10
Central Maine Power,Maine,Waldo,Brooks,603,1171,19500.66,449393.82,2017,10
Versant Power,Maine,Penobscot,Lowell,262,726,3323.76,147543.6,2023,9
Versant Power,Maine,Unknown,T1 R9 Wels,337,660,5748.65,242640.0,2019,11
Central Maine Power,Maine,Franklin,Industry,590,742,1804.27,424859.3,2022,9
Central Maine Power,Maine,Cumberland,North Yarmouth,1852,2079,24755.61,1378161.3,2022,12
Versant Power,Maine,Penobscot,Winn,237,238,259.75,176756.41,2022,5
Versant Power,Maine,Penobscot,Kenduskeag,33,1163,17473.67,27464.5,2017,10
Versant Power,Maine,Penobscot,Stacyville,145,152,277.5,64725.5,2017,8
Versant Power,Maine,Aroostook,Chapman,250,679,2497.09,186531.45,2020,12
Versant Power,Maine,Penobscot,Hermon,393,478,1798.11,292622.25,2019,12
Versant Power,Maine,Aroostook,Bridgewater,366,724,2032.4,273001.98,2022,7
Eastern Maine Power Cooperative,Maine,Aroostook,Unknown,2062,3958,2012.9,1534127.94,2018,8
Central Maine Power,Maine,Oxford,Gilead,179,247,966.84,120527.99,2023,2
Central Maine Power,Maine,Somerset,Moose River,213,446,5024.51,153360.0,2019,11
Versant Power,Maine,Washington,Lubec,1288,1300,1318.33,958754.82,2018,12
Central Maine Power,Maine,Piscataquis,Parkman,479,629,9385.5,356383.0,2017,10
Central Maine Power,Maine,Oxford,Andover,649,1860,20967.3,467848.33,2019,11
Central Maine Power,Maine,Kennebec,Manchester,1535,2859,24724.2,1142561.02,2020,12
Central Maine Power,Maine,Piscataquis,Bowerbank,29,899,21576.0,21576.0,2017,12
Versant Power,Maine,Unknown,T1 R8 Wels,3369,3701,10032.19,2506148.48,2017,1
Versant Power,Maine,Penobscot,Garland,499,821,1019.57,371256.0,2020,1
Central Maine Power,Maine,Franklin,Weld,609,1700,5882.04,453096.0,2018,7
Central Maine Power,Maine,Androscoggin,Wales,821,1223,12928.86,591577.46,2020,4
Versant Power,Maine,Aroostook,T11 R4 Wels,127,255,1279.71,94489.35,2020,12
Versant Power,Maine,Penobscot,Hudson,830,1102,1069.72,1235102.44,2020,5
Central Maine Power,Maine,Franklin,Freeman,237,419,3722.08,165204.16,2020,2
Eastern Maine Power Cooperative,Maine,Washington,Perry,271,297,224.14,193374.59,2023,6
Eastern Maine Power Cooperative,Maine,Aroostook,Oakfield,115,138,128.39,64038.45,2023,9
Central Maine Power,Maine,Waldo,Knox,419,441,328.3,301931.67,2022,9
Versant Power,Maine,Hancock,Surry,38,86,260.0,27693.0,2017,9
Central Maine Power,Maine,Lincoln,BRUNSWICK,1,2,2.33,720.0,2022,9
Central Maine Power,Maine,Waldo,Searsport,1881,1931,2556.13,1354342.41,2022,9
Versant Power,Maine,Unknown,T8 Sd,13,15,10.83,10075.47,2020,3
Versant Power,Maine,Penobscot,Molunkus Twp,30,31,127.99,22320.0,2018,10
Central Maine Power,Maine,Lincoln,Bremen,672,981,11413.82,500022.15,2021,3
Versant Power,Maine,Washington,Pleasant Point,347,893,1323.2,250356.35,2022,4
Central Maine Power,Maine,Somerset,Industry,15,16,31.55,7814.0,2023,9
Versant Power,Maine,Piscataquis,Ebeemee Twp,177,536,7089.32,127440.0,2017,11
Central Maine Power,Maine,Cumberland,Frye Island,576,577,1060.71,428544.0,2022,8
Central Maine Power,Maine,Somerset,Bigelow,1,2,5.32,720.0,2020,9
Central Maine Power,Maine,Cumberland,Chebeague Island,583,1172,3895.59,420159.68,2020,6
Central Maine Power,Maine,Knox,Friendship,959,2881,8432.74,713495.99,2021,3
Eastern Maine Power Cooperative,Maine,Aroostook,Cary,586,1324,1546.33,415093.13,2022,6
Central Maine Power,Maine,Oxford,Adamstown,68,69,103.52,50839.66,2019,5
Versant Power,Maine,Penobscot,Bar Harbor,4568,4678,84585.25,3399039.75,2022,12
Central Maine Power,Maine,Oxford,Stoneham,376,1137,8697.5,279744.0,2020,8
Versant Power,Maine,Penobscot,Costigan,11,37,483.16,7385.67,2017,10
Central Maine Power,Maine,Franklin,Wyman,172,364,293.31,127968.0,2022,12
Versant Power,Maine,Piscataquis,Derby,66,186,2319.84,2834.17,2017,10
Versant Power,Maine,Unknown,Glenburn,5096,43187,304193.86,3054825.46,2016,12
Versant Power,Maine,Unknown,Wallagrass Plt,378,407,900.17,281232.0,2017,10
Central Maine Power,Maine,Oxford,Stoneham,374,464,547.12,278256.0,2020,5
Central Maine Power,Maine,Somerset,Dennistown Plantation,28,56,65.51,20832.0,2022,5
Versant Power,Maine,Aroostook,New Limerick,13,27,42.7,9592.67,2020,4
Central Maine Power,Maine,Piscataquis,Harmony,5,9,72.17,3720.0,2021,3
Central Maine Power,Maine,Oxford,Norway,3352,4128,8203.69,2494335.22,2021,5
Versant Power,Maine,Hancock,East Blue Hill,68,83,158.14,47328.0,2020,2
Versant Power,Maine,Penobscot,Chester,296,557,1763.86,206016.0,2020,2
Eastern Maine Power Cooperative,Maine,Washington,Codyville Plantation,183,389,1214.96,136561.2,2022,12
Versant Power,Maine,Penobscot,Medway,782,882,2366.85,582350.67,2021,3
Central Maine Power,Maine,Franklin,Weld,610,1223,5377.13,454438.68,2020,8
Versant Power,Maine,Penobscot,Exeter,516,647,1328.96,384344.15,2022,8
Versant Power,Maine,Unknown,Sutton Island,26,546,12219.73,19344.0,2018,1
Versant Power,Maine,Penobscot,Patten,379,1137,4896.73,282566.04,2020,12
Central Maine Power,Maine,Franklin,Weld,617,967,3750.97,444935.29,2021,9
Versant Power,Maine,Hancock,Lamoine,198,2003,13912.27,132308.27,2017,10
Central Maine Power,Maine,York,Limington,2067,6705,90095.35,1538559.86,2022,12
Versant Power,Maine,Hancock,Otis,830,1097,970.9,617520.0,2020,3
Central Maine Power,Maine,Waldo,Swanville,932,1033,5616.26,693372.43,2019,10
Central Maine Power,Maine,Somerset,Highland Plantation,44,45,235.5,32736.0,2018,5
Central Maine Power,Maine,Franklin,Davis,37,44,372.01,24864.0,2022,2
Versant Power,Maine,Washington,Northfield,220,1081,8357.56,163680.0,2022,12
Central Maine Power,Maine,Oxford,Greenwood,888,984,14214.93,660755.95,2021,3
Central Maine Power,Maine,Lincoln,Jefferson,1841,3894,51623.5,1370195.08,2019,10
Versant Power,Maine,Washington,Pleasant Point,338,346,462.4,252147.66,2020,5
Central Maine Power,Maine,Oxford,Stoneham,354,700,2097.7,255578.65,2022,4
Versant Power,Maine,Aroostook,T9 R5 Wels,2,4,4.9,1440.0,2022,4
Versant Power,Maine,Hancock,Harborside,191,200,2447.34,142104.0,2019,10
Central Maine Power,Maine,Penobscot,Garland,60,106,2223.84,45191.84,2018,1
Central Maine Power,Maine,Somerset,Canaan,1228,1257,128.53,912120.85,2023,5
Central Maine Power,Maine,Androscoggin,Leeds,1215,2774,36619.58,904314.44,2022,12
Central Maine Power,Maine,Oxford,Sumner,588,927,7581.44,438056.63,2021,3
Versant Power,Maine,Aroostook,Caribou,2260,5570,26747.02,1627199.95,2019,11
Versant Power,Maine,Penobscot,T4 Indian Purchase Twp,258,1149,12488.55,191952.0,2020,12
Central Maine Power,Maine,Somerset,Johnson Mountain,7,12,2.5,5208.0,2018,7
Central Maine Power,Maine,Penobscot,Kenduskeag,126,252,2908.63,90726.51,2019,11
Versant Power,Maine,Penobscot,Howland,10,13,10.33,7011.67,2017,8
Central Maine Power,Maine,Franklin,Weld,612,1398,3067.69,455328.0,2020,7
Central Maine Power,Maine,Somerset,Rockwood Strip T2r1,3,4,3.31,1896.09,2023,9
Central Maine Power,Maine,Hancock,Castine,785,786,6153.51,584195.93,2021,12
Versant Power,Maine,Aroostook,Limestone,1111,1765,15845.33,826778.77,2022,12
Central Maine Power,Maine,Sagadahoc,Phippsburg,2040,6226,79188.17,1509970.64,2017,10
Central Maine Power,Maine,Lincoln,Westport,625,677,6355.3,465604.47,2020,7
Central Maine Power,Maine,York,Acton,2357,3959,63157.52,1753209.28,2017,10
Central Maine Power,Maine,Oxford,Andover,651,948,4753.73,469076.34,2018,11
Versant Power,Maine,Washington,Roque Bluffs,254,283,97.29,188976.0,2020,3
Versant Power,Maine,Hancock,T9 Sd Bpp,17,18,17.87,12243.97,2021,6
Central Maine Power,Maine,Franklin,Starks,1,2,13.02,720.0,2022,9
Versant Power,Maine,Penobscot,Seboeis Plt,57,60,63.66,43076.71,2021,7
Central Maine Power,Maine,Piscataquis,Greenville,1813,1992,4998.01,1349290.0,2020,1
Versant Power,Maine,Hancock,Harborside,191,249,248.0,142104.0,2018,10
Central Maine Power,Maine,Cumberland,Baldwin,875,2039,27410.63,651617.52,2020,12
Versant Power,Maine,Penobscot,Corinna,17,34,93.51,12648.0,2019,5
Central Maine Power,Maine,Lincoln,Westport,618,1140,6370.5,445215.01,2018,9
Central Maine Power,Maine,Oxford,Andover,653,654,1417.18,486436.49,2019,5
Central Maine Power,Maine,Sagadahoc,Arrowsic,309,313,786.82,230552.97,2021,5
Central Maine Power,Maine,Somerset,Taunton & Raynham Academy Grant,585,588,199.12,435240.0,2018,3
Versant Power,Maine,Hancock,Little Deer Isle,90,96,159.85,62640.0,2020,2
Central Maine Power,Maine,Somerset,Ripley,350,798,15719.21,260908.14,2020,12
Versant Power,Maine,Unknown,Long A Twp,53,157,2018.4,38865.49,2019,11
Central Maine Power,Maine,York,Buxton,4031,5380,78653.68,2999670.09,2020,12
Versant Power,Maine,Aroostook,Allagash,281,837,1300.76,209064.0,2022,1
Central Maine Power,Maine,Franklin,Phillips,712,855,1130.45,513127.15,2022,11
Central Maine Power,Maine,Oxford,Milton,78,79,225.49,56866.15,2021,11
Versant Power,Maine,Aroostook,Hamlin,109,110,37.46,81729.47,2021,8
Central Maine Power,Maine,Sagadahoc,Topsham,4857,7316,116509.3,3613384.42,2017,10
Versant Power,Maine,Unknown,T 3 R 9 Nwp,2010,5400,5403.14,1442848.74,2017,3
Versant Power,Maine,Penobscot,Clifton,544,901,1126.0,392226.52,2020,11
Central Maine Power,Maine,Somerset,Lexington,156,160,256.06,112320.0,2019,6
Central Maine Power,Maine,Lincoln,Westport,629,1083,14966.92,468122.35,2020,12
Central Maine Power,Maine,Somerset,Pleasant Ridge Plantation,66,68,29.54,35440.64,2023,9
Versant Power,Maine,Piscataquis,Milo,1360,2599,10899.1,979182.05,2019,11
Central Maine Power,Maine,Franklin,Stetsontown,74,222,1237.18,55056.0,2020,7
Central Maine Power,Maine,Franklin,New Vineyard,524,602,3192.79,390466.99,2021,3
Central Maine Power,Maine,Somerset,Tomhegan,178,360,689.86,132807.68,2019,1
Versant Power,Maine,Unknown,"T1, R6, 7,8",806,878,1747.2,599664.0,2018,12
Central Maine Power,Maine,Cumberland,Pownal,784,1459,20314.57,583947.97,2019,10
Versant Power,Maine,Aroostook,T9 R3 Wels,21,42,475.93,15624.0,2020,12
Central Maine Power,Maine,Penobscot,Glenburn,210,213,424.77,151689.96,2022,9
Eastern Maine Power Cooperative,Maine,Washington,Baring,28,63,195.16,21056.85,2022,12
Versant Power,Maine,Hancock,Islesford,191,384,5155.9,142104.0,2019,10
Central Maine Power,Maine,Piscataquis,Wellington,180,345,3492.84,134031.28,2021,3
Versant Power,Maine,Penobscot,Hampden,3847,4772,5995.29,2585188.55,2023,2
Central Maine Power,Maine,Franklin,Stetsontown,72,74,126.88,53568.0,2022,10
Versant Power,Maine,Penobscot,Seboeis Plt,58,114,348.19,41760.0,2022,9
Central Maine Power,Maine,Oxford,Lincoln Plantation,85,170,285.98,61200.0,2022,4
Versant Power,Maine,Aroostook,Mars Hill,828,1149,11061.53,616435.52,2022,12
Central Maine Power,Maine,Somerset,Sapling,24,45,68.04,17280.0,2021,11
Central Maine Power,Maine,Kennebec,Fayette,931,1572,1868.11,670467.64,2021,6
Central Maine Power,Maine,Kennebec,Benton,1364,1379,3411.62,982460.32,2018,11
Versant Power,Maine,Hancock,Sunset,17,21,105.0,12648.0,2018,1
Versant Power,Maine,Washington,Deblois,63,68,36.83,45765.5,2017,11
Versant Power,Maine,Penobscot,Hudson,816,1602,1071.02,1175040.0,2018,4
Central Maine Power,Maine,Kennebec,Wayne,951,1874,3702.99,707927.85,2021,10
Central Maine Power,Maine,Lincoln,Boothbay,2971,3222,28251.15,1640339.64,2023,9
Central Maine Power,Maine,Oxford,Greenwood,910,2041,25000.66,677396.97,2022,12
Versant Power,Maine,Penobscot,Chester,85,186,143.9,61200.0,2018,6
Versant Power,Maine,Unknown,Saint John,162,4800,115200.0,116640.0,2017,11
Versant Power,Maine,Penobscot,Passadumkeag,6,14,13.67,3085.0,2017,8
Versant Power,Maine,Unknown,Somes Sound,810,8674,20655.29,242792.45,2016,12
Central Maine Power,Maine,Franklin,Perkins,17,19,72.99,13381.51,2019,10
Versant Power,Maine,Penobscot,Bradford,562,732,1157.47,414865.5,2017,8
Central Maine Power,Maine,Somerset,Cambridge,276,908,11492.34,199374.5,2019,11
Versant Power,Maine,Aroostook,E Twp,57,117,774.46,42686.18,2020,12
Versant Power,Maine,Piscataquis,Orneville Twp,266,432,6833.67,191520.0,2017,11
Versant Power,Maine,Penobscot,Herseytown,14,420,10080.0,10080.0,2018,4
Versant Power,Maine,Penobscot,Patten,268,382,763.5,165027.67,2017,8
Versant Power,Maine,Penobscot,Dedham,874,1047,2493.91,650255.99,2018,10
Central Maine Power,Maine,Somerset,New Sharon,1,2,0.84,744.0,2022,7
Versant Power,Maine,Washington,Cutler,428,707,7451.76,308160.0,2018,11
Versant Power,Maine,Unknown,T9 Sd,16,32,10.67,11520.0,2019,6
Versant Power,Maine,Aroostook,Hamlin,106,219,682.91,78864.0,2019,7
Central Maine Power,Maine,Somerset,Embden,945,2773,44922.99,680399.99,2017,11
Versant Power,Maine,Penobscot,Herseytown,2,30,427.33,1569.67,2017,10
Central Maine Power,Maine,Franklin,Perkins,21,24,60.93,15966.65,2022,12
Versant Power,Maine,Hancock,Fletchers Landing Twp,99,110,258.28,71280.0,2022,4
Central Maine Power,Maine,Oxford,Peru,1033,1038,678.83,743886.5,2019,6
Versant Power,Maine,Unknown,Mariaville,4,27,22.17,3077.67,2017,9
Eastern Maine Power Cooperative,Maine,Penobscot,Webster,466,656,62.28,349974.1,2023,5
Versant Power,Maine,Hancock,Gouldsboro,623,662,4247.76,463156.4,2018,5
Versant Power,Maine,Piscataquis,Medford,154,220,1329.51,110880.0,2018,11
Central Maine Power,Maine,York,Arundel,1908,3006,21722.48,1328558.88,2020,2
Versant Power,Maine,Unknown,Somesville,23,33,70.97,17196.0,2017,9
Central Maine Power,Maine,Lincoln,South Bristol,1169,1216,4869.78,869735.98,2021,3
Versant Power,Maine,Aroostook,Allagash,280,1390,2628.05,201600.0,2022,6
Versant Power,Maine,Aroostook,Cyr Plt,57,113,421.64,43143.65,2020,10
Central Maine Power,Maine,Cumberland,Brunswick,11141,15865,117756.62,8022112.82,2018,9
Central Maine Power,Maine,Somerset,Starks,305,345,3373.68,219989.65,2022,9
Versant Power,Maine,Hancock,Castine,1,2,0.0,733.11,2023,5
Eastern Maine Power Cooperative,Maine,Washington,Crawford,2253,2257,1871.43,1676303.23,2022,8
Central Maine Power,Maine,Somerset,Brassua,1,2,7.37,744.0,2023,3
Versant Power,Maine,Aroostook,Eagle Lake,783,991,2105.04,563790.36,2022,11
Versant Power,Maine,Hancock,Mariaville,405,610,7051.3,291600.0,2019,11
Central Maine Power,Maine,Franklin,Rangeley Plantation,576,1046,15757.0,428590.35,2019,10
Versant Power,Maine,Unknown,T1 R8 Wels,2879,2885,4847.43,2104253.58,2016,12
Central Maine Power,Maine,Penobscot,Carmel,1430,5424,108253.41,1029892.59,2020,4
Versant Power,Maine,Washington,Machias,1390,2767,2542.99,1001030.35,2020,6
Versant Power,Maine,Penobscot,Grindstone Twp,50,61,243.03,36000.0,2022,9
Central Maine Power,Maine,Sagadahoc,Bowdoin,1478,3176,32623.29,1099812.32,2020,12
Central Maine Power,Maine,Somerset,Rockwood Strip T2r1,3,6,11.75,2232.0,2021,10
Versant Power,Maine,Penobscot,Alton,419,732,4025.55,302015.59,2020,11
Eastern Maine Power Cooperative,Maine,Aroostook,Island Falls,24,50,0.0,13975.77,2023,9
Versant Power,Maine,Aroostook,Ludlow,16,448,10752.0,10752.0,2018,2
Central Maine Power,Maine,Somerset,Dennistown Plantation,23,64,892.46,16560.0,2018,11
Central Maine Power,Maine,Franklin,Perkins,22,44,94.85,16368.0,2023,1
Versant Power,Maine,Hancock,Aurora,98,268,337.7,73420.32,2022,8
Versant Power,Maine,Washington,Bucks Harbor,82,160,694.62,59040.0,2019,9
Versant Power,Maine,Hancock,Deer Isle,1940,3664,9631.88,1444060.27,2021,10
Versant Power,Maine,Piscataquis,Medford,157,430,1116.87,113376.61,2019,4
Versant Power,Maine,Aroostook,Van Buren,5,6,7.99,3759.96,2020,4
Central Maine Power,Maine,Somerset,Pleasant Ridge Plantation,65,66,110.13,48919.14,2022,3
Central Maine Power,Maine,York,Old Orchard Beach,7900,7989,7343.04,5688297.62,2018,6
Central Maine Power,Maine,Penobscot,Hermon,2781,7882,148913.55,2002908.66,2020,4
Versant Power,Maine,Penobscot,Orono,3554,5391,25705.28,2644735.63,2022,8
Versant Power,Maine,Aroostook,Chapman,248,360,303.46,184512.0,2018,12
Central Maine Power,Maine,Oxford,Stoneham,353,419,984.6,262881.65,2022,3
Central Maine Power,Maine,Somerset,East Moxie,6,12,38.97,4464.0,2018,3
Central Maine Power,Maine,Franklin,Rangeley,1932,2082,27436.4,1391205.62,2019,11
Central Maine Power,Maine,Androscoggin,Durham,1778,4385,68726.51,1322841.31,2017,10
Central Maine Power,Maine,Waldo,Waldo,414,429,688.52,278208.0,2018,2
Central Maine Power,Maine,Oxford,Buckfield,1091,3006,33913.83,812533.57,2020,12
Versant Power,Maine,Unknown,T22 Md,28,56,395.72,20160.0,2019,11
Central Maine Power,Maine,Oxford,Woodstock,1011,1043,9366.18,752481.66,2017,10
Versant Power,Maine,Unknown,"Squa Pan T11, R4,7,8",1510,2648,707.71,1123440.0,2017,7
Central Maine Power,Maine,Somerset,Starks,304,310,26.0,226560.15,2020,1
Versant Power,Maine,Washington,Beddington,240,242,607.0,178921.66,2019,7
Central Maine Power,Maine,Oxford,Hanover,276,444,1109.69,205445.81,2019,5
Central Maine Power,Maine,Somerset,Cornville,667,1798,30714.58,480240.0,2017,11
Central Maine Power,Maine,Piscataquis,Greenville,1790,1808,2099.24,1332292.31,2019,1
Versant Power,Maine,Hancock,Aurora,102,155,961.38,75888.0,2023,1
Versant Power,Maine,Unknown,E Plantation,3952,4740,16784.05,2891195.86,2016,12
Eastern Maine Power Cooperative,Maine,Washington,Crawford,2251,2274,762.16,1674932.6,2022,7
Versant Power,Maine,Penobscot,T2 R8 Nwp,3,6,19.08,2160.0,2020,9
Central Maine Power,Maine,Penobscot,Etna,632,2365,47432.44,455256.99,2020,4
Central Maine Power,Maine,York,Limerick,1790,3161,1616.73,1331820.64,2017,12
Versant Power,Maine,Hancock,Aurora,107,187,667.87,79608.0,2018,3
Versant Power,Maine,Aroostook,Silver Ridge Twp,43,84,266.28,32043.15,2021,3
Versant Power,Maine,Washington,Northfield,215,281,511.22,159960.0,2021,3
Versant Power,Maine,Piscataquis,Medford,162,814,11962.49,116768.94,2020,4
Central Maine Power,Maine,Somerset,Caratunk Plantation,172,501,5080.36,127968.0,2018,10
Central Maine Power,Maine,Franklin,Madrid,201,232,1033.44,150151.31,2020,7
Central Maine Power,Maine,Oxford,Fryeburg,2248,4136,22473.03,1673061.62,2018,1
Versant Power,Maine,Unknown,T4 R9 Nwp,13,356,2254.86,8473.17,2017,10
Central Maine Power,Maine,Piscataquis,Willimantic,274,347,2302.93,203856.0,2019,1
Central Maine Power,Maine,Oxford,Adamstown,68,204,484.76,50592.0,2020,10
Versant Power,Maine,Unknown,Lakeview Plt,146,899,629.19,98966.67,2020,4
Versant Power,Maine,Hancock,Stonington,1192,1331,6209.35,661001.74,2023,9
Versant Power,Maine,Penobscot,Charleston,110,179,277.01,80767.0,2017,8
Central Maine Power,Maine,Somerset,Harmony,593,594,2026.54,441613.45,2020,3
Versant Power,Maine,Aroostook,Oakfield,324,645,285.42,233280.0,2022,11
Central Maine Power,Maine,Waldo,Palermo,1074,1546,6803.92,799059.37,2023,3
Eastern Maine Power Cooperative,Maine,Washington,Perry,288,307,155.42,207567.27,2022,9
Central Maine Power,Maine,Somerset,Moxie Gore,27,28,135.89,19451.65,2020,9
Central Maine Power,Maine,Piscataquis,Harfords Point,143,288,359.03,106392.0,2018,7
Central Maine Power,Maine,Piscataquis,Sebec,13,26,26.38,9672.0,2022,8
Central Maine Power,Maine,Androscoggin,Livermore,1347,1411,122.71,999999.26,2023,7
Central Maine Power,Maine,Piscataquis,Kineo,34,103,385.97,24941.0,2019,4
Versant Power,Maine,Penobscot,Kenduskeag,585,2073,27725.22,421280.43,2020,4
Central Maine Power,Maine,Waldo,Swanville,919,2790,50861.26,661891.63,2020,4
Versant Power,Maine,Piscataquis,Barnard Twp,41,82,102.4,30504.0,2020,5
Central Maine Power,Maine,Franklin,Wilton,2273,2599,13824.23,1637253.38,2018,11
Central Maine Power,Maine,Somerset,Rockwood Strip T1r1,11,33,88.5,7920.0,2020,9
Versant Power,Maine,Piscataquis,Bowerbank,344,692,865.92,256563.84,2020,5
Central Maine Power,Maine,Oxford,Andover North Surplus,3,12,75.0,2160.0,2018,11
Eastern Maine Power Cooperative,Maine,Washington,Cooper,174,360,2264.9,95163.24,2023,9
Central Maine Power,Maine,Lincoln,Somerville,341,415,305.72,253704.0,2017,12
Central Maine Power,Maine,Oxford,Albany,368,627,2473.92,274080.01,2021,7
Central Maine Power,Maine,Oxford,Adamstown,67,168,1172.21,50508.01,2019,10
Versant Power,Maine,Piscataquis,Bowerbank,344,361,364.46,248382.6,2021,6
Versant Power,Maine,Penobscot,T2 R8 Nwp,3,6,10.5,2160.0,2022,4
Versant Power,Maine,Unknown,T19 Md Bpp,9,279,6696.0,6696.0,2018,1
Versant Power,Maine,Penobscot,Alton,416,675,1003.3,299520.0,2019,4
Central Maine Power,Maine,York,Lebanon,3349,8185,118352.07,2491737.27,2022,12
Versant Power,Maine,Hancock,Corea,4,14,19.33,3218.16,2017,12
Versant Power,Maine,Unknown,Dedham,80,205,333.83,59147.0,2017,8
Central Maine Power,Maine,Oxford,Waterford,1544,9526,153009.48,1149291.14,2022,12
Versant Power,Maine,Hancock,Sargentville,117,119,669.47,87494.66,2019,8
Versant Power,Maine,Washington,Steuben,965,1488,2138.19,718605.93,2020,8
Central Maine Power,Maine,Franklin,Davis,34,72,189.16,25296.0,2020,5
Eastern Maine Power Cooperative,Maine,Washington,Baileyville,290,361,130.65,216273.45,2022,7
Central Maine Power,Maine,Waldo,Liberty,854,908,1205.66,627380.33,2023,7
Central Maine Power,Maine,Knox,Owls Head,1293,1350,1306.9,959088.76,2023,7
Central Maine Power,Maine,Somerset,Parlin Pond,26,81,202.79,18934.13,2021,4
Central Maine Power,Maine,Lincoln,Southport,1150,2534,15960.48,856219.47,2018,3
Versant Power,Maine,Washington,Harrington,4,11,4.33,3385.5,2017,9
Central Maine Power,Maine,Sagadahoc,Phippsburg,2043,2087,1822.57,1520578.47,2020,5
Central Maine Power,Maine,Franklin,Rangeley Plantation,565,1303,10954.28,420906.32,2020,7
Central Maine Power,Maine,Penobscot,Exeter,26,68,1039.66,19344.0,2020,12
Eastern Maine Power Cooperative,Maine,Washington,Vanceboro,174,641,1360.41,129397.66,2022,12
Versant Power,Maine,Penobscot,Clifton,544,626,3454.45,392058.95,2020,9
Central Maine Power,Maine,Piscataquis,Big Squaw,62,93,2232.0,46128.0,2017,12
Versant Power,Maine,Piscataquis,Bowerbank,344,1385,6289.52,248382.99,2019,11
Central Maine Power,Maine,Franklin,Perkins,20,40,66.63,14880.0,2021,7
Central Maine Power,Maine,Piscataquis,Shirley,234,255,395.97,174096.0,2022,10
Central Maine Power,Maine,Kennebec,Clinton,1715,3348,46059.65,1234799.96,2017,11
Central Maine Power,Maine,Hancock,Orland,1558,1595,8169.21,1122075.44,2020,6
Versant Power,Maine,Aroostook,Smyrna,92,93,609.42,61297.4,2023,2
Central Maine Power,Maine,Somerset,Highland Plantation,50,52,55.52,37200.0,2020,7
Versant Power,Maine,Hancock,Hancock,1778,2464,2628.17,1195158.83,2023,2
Versant Power,Maine,Aroostook,Mapleton,668,1407,4487.33,492196.66,2017,10
Versant Power,Maine,Penobscot,Garland,499,1213,6202.46,335504.19,2022,2
Versant Power,Maine,Unknown,Amherst,5080,48972,317484.09,3670646.8,2016,12
Versant Power,Maine,Penobscot,Kenduskeag,592,886,8204.37,334544.59,2023,9
Versant Power,Maine,Unknown,Long A Twp,52,68,80.27,37440.0,2018,6
Versant Power,Maine,Hancock,Osborn,40,81,984.13,29760.0,2022,12
Central Maine Power,Maine,Cumberland,Chebeague Island,579,584,583.51,431235.93,2017,12
Versant Power,Maine,Hancock,Eastbrook,42,1067,13678.99,31325.5,2017,10
Central Maine Power,Maine,Piscataquis,Bowerbank,30,60,482.71,22320.0,2021,3
Central Maine Power,Maine,Oxford,Adamstown,67,284,4302.13,48240.0,2019,11
Versant Power,Maine,Penobscot,Charleston,513,744,2532.17,366117.33,2017,9
Versant Power,Maine,Aroostook,Cross Lake Twp,311,328,186.87,231027.04,2023,7
Versant Power,Maine,Unknown,Lakeview Plantation,319,507,1329.92,240386.44,2018,5
Versant Power,Maine,Piscataquis,Williamsburg Twp,51,201,1073.88,37944.0,2018,10
Central Maine Power,Maine,Somerset,West Forks Plantation,122,212,280.84,91227.15,2022,3
Central Maine Power,Maine,Cumberland,Falmouth,5862,16181,114024.21,4220639.75,2017,11
Central Maine Power,Maine,Sagadahoc,Bowdoinham,1881,4975,17818.12,1399589.28,2020,8
Central Maine Power,Maine,Somerset,Brassua,1,2,4.5,744.0,2020,8
Versant Power,Maine,Washington,Beddington,243,244,406.07,181315.97,2021,7
Versant Power,Maine,Penobscot,Burlington,248,578,4058.88,178682.22,2020,4
Versant Power,Maine,Piscataquis,Ebeemee Twp,182,376,776.91,136030.0,2020,7
Versant Power,Maine,Hancock,Sullivan,567,1797,19787.87,421719.36,2019,10
Versant Power,Maine,Hancock,Great Pond,57,112,318.34,41040.0,2019,4
Eastern Maine Power Cooperative,Maine,Washington,Calais,25,115,216.09,17774.44,2020,2
Central Maine Power,Maine,Somerset,Highland Plantation,51,80,106.18,37944.0,2022,10
Versant Power,Maine,Penobscot,Medway,764,1699,12222.61,550647.09,2020,4
Versant Power,Maine,Washington,Perry,464,879,807.66,345741.33,2019,12
Central Maine Power,Maine,Oxford,Stow,257,274,1366.89,172704.0,2022,2
Central Maine Power,Maine,Piscataquis,Shirley,217,220,443.29,161448.0,2020,7
Versant Power,Maine,Penobscot,Corinna,16,51,308.88,12281.16,2018,10
Central Maine Power,Maine,Kennebec,Mt Vernon,1318,1507,1066.55,980665.96,2019,3
Central Maine Power,Maine,Franklin,New Sharon,799,813,1463.41,537195.97,2019,2
Versant Power,Maine,Hancock,Amherst,167,496,1148.6,112476.98,2022,2
Versant Power,Maine,Washington,Pembroke,537,1071,1096.6,386718.32,2021,11
Versant Power,Maine,Penobscot,Newburgh,782,881,8559.0,444071.94,2023,9
Central Maine Power,Maine,Oxford,Lincoln Plantation,88,154,500.39,63360.0,2018,6
Central Maine Power,Maine,Somerset,Bigelow,1,4,7.0,720.0,2018,9
Eastern Maine Power Cooperative,Maine,Washington,Pembroke,8,35,5.6,5796.58,2022,9
Central Maine Power,Maine,Sagadahoc,Georgetown,1203,2413,10109.63,837865.68,2020,2
Central Maine Power,Maine,Piscataquis,Big Squaw,69,71,0.0,51575.83,2023,7
Central Maine Power,Maine,Sagadahoc,Woolwich,1705,1822,3336.08,1227699.48,2019,6
Central Maine Power,Maine,Somerset,Misery Gore,10,310,7440.0,7440.0,2018,1
Versant Power,Maine,Aroostook,Crystal,108,217,454.05,77760.0,2018,6
Versant Power,Maine,Penobscot,East Millinocket,927,928,311.57,667440.0,2019,6
Central Maine Power,Maine,Cumberland,Brunswick,11333,15094,213318.08,8432208.24,2020,12
Versant Power,Maine,Washington,Columbia Falls,9,36,70.5,7439.33,2017,10
Versant Power,Maine,Unknown,T28 Md,8,24,151.99,5760.0,2018,11
Central Maine Power,Maine,Franklin,Davis,34,76,1319.33,25296.0,2017,10
Versant Power,Maine,Hancock,Sorrento,332,1022,23158.89,247008.0,2018,1
Central Maine Power,Maine,Waldo,Burnham,787,835,1504.61,566749.59,2022,11
Versant Power,Maine,Hancock,Gouldsboro,681,905,7477.64,506663.99,2019,10
Versant Power,Maine,Aroostook,T9 R5 Wels,2,6,28.82,1488.0,2022,5
Central Maine Power,Maine,Penobscot,Hampden,17,65,607.5,12240.0,2017,11
Versant Power,Maine,Penobscot,Seboeis Plt,52,102,331.79,38688.0,2018,3
Central Maine Power,Maine,Somerset,Caratunk Plantation,171,197,216.36,127541.98,2018,5
Versant Power,Maine,Penobscot,Greenfield Twp,161,163,274.8,119784.0,2021,3
Central Maine Power,Maine,Somerset,Sapling,14,364,8633.46,10416.0,2018,3
Versant Power,Maine,Piscataquis,Dover-foxcroft,17,24,33.35,12648.0,2022,3
Central Maine Power,Maine,Oxford,West Paris,968,2281,37048.7,720356.76,2020,12
Central Maine Power,Maine,Somerset,Lexington,159,172,197.1,118296.0,2020,7
Versant Power,Maine,Piscataquis,Barnard Twp,37,39,114.74,27528.0,2018,3
Versant Power,Maine,Unknown,Oxbow Plantation,71,142,474.46,51120.0,2018,9
Central Maine Power,Maine,Oxford,Adamstown,68,139,92.6,50640.16,2020,5
Central Maine Power,Maine,Somerset,Moscow,379,546,869.04,282551.45,2018,1
Central Maine Power,Maine,Waldo,Belmont,520,1565,4168.32,387469.67,2020,1
Versant Power,Maine,Washington,Pleasant Point,104,289,531.33,74083.03,2017,11
Versant Power,Maine,Hancock,Mount Desert,708,1388,8982.41,509759.99,2019,11
Central Maine Power,Maine,Oxford,Hebron,557,2006,28278.17,415023.46,2020,12
Versant Power,Maine,Aroostook,Masardis,98,290,738.84,71949.0,2017,10
Central Maine Power,Maine,Oxford,Andover,670,678,111.26,498480.0,2021,10
Versant Power,Maine,Penobscot,Woodville,115,350,1997.39,82800.0,2018,11
Central Maine Power,Maine,Kennebec,Smithfield,2,4,5.65,1488.0,2022,7
Central Maine Power,Maine,Oxford,Adamstown,68,76,557.63,49667.02,2020,9
Central Maine Power,Maine,Lincoln,Somerville,358,738,675.9,257896.33,2019,6
Central Maine Power,Maine,Piscataquis,Blanchard Plantation,114,129,254.78,82080.0,2022,11
Versant Power,Maine,Washington,Northfield,210,213,247.79,156533.64,2020,8
Central Maine Power,Maine,Cumberland,Scarborough,11103,15648,166842.73,8260841.22,2019,10
Versant Power,Maine,Piscataquis,Bowerbank,344,692,2070.58,256678.0,2022,8
Central Maine Power,Maine,Somerset,Detroit,455,1473,27701.53,327600.0,2017,11
Central Maine Power,Maine,Piscataquis,Sangerville,925,2035,35081.96,688846.08,2020,12
Central Maine Power,Maine,Somerset,Misery Gore,10,14,60.64,7440.0,2020,3
Versant Power,Maine,Penobscot,Charleston,611,846,10800.43,455174.47,2020,12
Versant Power,Maine,Hancock,Stonington,1183,1190,6724.16,880450.65,2019,8
Versant Power,Maine,Penobscot,Garland,492,1719,13736.54,366452.97,2020,12
Central Maine Power,Maine,Hancock,Orland,1559,2219,11712.63,1160589.43,2020,12
Versant Power,Maine,Aroostook,Caswell,5,110,2490.01,3719.98,2017,12
Central Maine Power,Maine,Franklin,Phillips,692,2620,35891.01,498239.98,2020,4
Central Maine Power,Maine,Franklin,Phillips,713,789,873.9,479535.05,2023,2
Central Maine Power,Maine,Oxford,Sumner,599,1164,4904.58,403059.12,2022,2
Central Maine Power,Maine,Somerset,Embden,940,1964,30842.66,700141.99,2017,10
Central Maine Power,Maine,Franklin,Livermore,3,5,41.65,2232.0,2022,12
Versant Power,Maine,Penobscot,Carmel,25,184,1854.33,12998.0,2017,10
Versant Power,Maine,Penobscot,Lowell,264,1296,5729.75,196752.32,2022,12
Central Maine Power,Maine,Somerset,Bigelow,1,2,3.17,124.16,2017,12
Versant Power,Maine,Aroostook,Allagash,277,558,1065.4,199440.0,2018,11
Versant Power,Maine,Unknown,Dedham,6504,49018,273659.84,4783653.46,2016,12
Central Maine Power,Maine,Knox,Owls Head,1242,1679,24334.16,924050.33,2017,10
Versant Power,Maine,Penobscot,Winn,148,544,905.54,108607.33,2017,10
Central Maine Power,Maine,Somerset,Dennistown Plantation,23,69,230.2,17112.0,2018,10
Versant Power,Maine,Penobscot,Edinburg,81,162,894.31,46629.9,2023,9
Central Maine Power,Maine,Franklin,Carrabassett Valley,2557,7757,6877.52,1902407.98,2022,5
Central Maine Power,Maine,Penobscot,Stetson,708,739,895.55,527230.46,2021,7
Versant Power,Maine,Unknown,T4 Indian Purchase,6,11,13.83,4958.67,2017,9
Central Maine Power,Maine,Somerset,Madison,1168,3171,57018.32,840996.62,2020,4
Versant Power,Maine,Washington,Trescott Twp,212,235,304.29,153059.56,2020,4
Versant Power,Maine,Piscataquis,Barnard Twp,41,45,81.35,29520.0,2020,9
Versant Power,Maine,Unknown,Long A Twp,424,639,1567.26,82906.55,2016,11
Versant Power,Maine,Penobscot,Indian Island,279,620,9496.0,200880.0,2017,11
Versant Power,Maine,Aroostook,Grand Isle,288,320,246.21,214609.97,2020,10
Central Maine Power,Maine,Androscoggin,Durham,1852,3772,45982.96,1333828.72,2020,4
Central Maine Power,Maine,Somerset,Canaan,1214,1834,1493.2,903698.45,2021,12
Versant Power,Maine,Aroostook,Nashville,34,1020,24202.41,25296.0,2018,1
Versant Power,Maine,Unknown,"T9, R3, 4,5,7",1643,2231,1238.74,1210825.93,2017,1
Versant Power,Maine,Penobscot,Clifton,627,2551,29220.7,451440.0,2019,11
Central Maine Power,Maine,Penobscot,Newport,2099,4237,68523.16,1561717.63,2017,10
Versant Power,Maine,Piscataquis,Ebeemee Twp,180,247,1406.69,129600.0,2018,11
Versant Power,Maine,Piscataquis,Williamsburg Twp,53,69,104.7,38160.0,2020,9
Central Maine Power,Maine,Hancock,Verona,339,341,626.95,244627.51,2022,9
Versant Power,Maine,Aroostook,Presque Isle,1741,4870,15503.15,1280397.48,2017,10
Central Maine Power,Maine,Franklin,New Vineyard,520,1100,11193.54,374949.16,2018,11
Central Maine Power,Maine,Sagadahoc,Bath,5007,5592,4810.49,3725577.38,2020,5
Versant Power,Maine,Washington,Deblois,68,110,620.74,48960.0,2019,11
Central Maine Power,Maine,Somerset,Cambridge,284,334,2789.1,153422.41,2023,9
Eastern Maine Power Cooperative,Maine,Aroostook,Littleton,456,521,983.52,339264.0,2022,12
Versant Power,Maine,Hancock,Winter Harbor,602,605,806.67,433893.48,2018,9
Central Maine Power,Maine,Franklin,Kingfield,841,1354,1059.91,626104.57,2020,10
Versant Power,Maine,Washington,Lubec,1311,2818,20681.77,734543.4,2023,9
Versant Power,Maine,Hancock,T22 Md Bpp,16,32,167.97,11904.0,2021,3
Versant Power,Maine,Piscataquis,Sebec,73,1147,16579.6,53718.16,2017,10
Central Maine Power,Maine,Oxford,Stoneham,356,369,1919.78,264953.11,2021,7
Central Maine Power,Maine,Penobscot,Kenduskeag,147,148,0.54,98938.85,2023,2
Versant Power,Maine,Unknown,"T15, R5, 6,8,9",5080,8679,24711.89,3697353.15,2016,12
Versant Power,Maine,Penobscot,Garland,269,813,766.34,199021.67,2017,8
Versant Power,Maine,Washington,Beddington,240,714,4424.7,173210.2,2020,4
Central Maine Power,Maine,Piscataquis,Little Squaw,151,294,3028.5,112344.0,2017,10
Versant Power,Maine,Penobscot,East Millinocket,926,956,3706.51,666719.99,2018,11
Central Maine Power,Maine,Piscataquis,Beaver Cove Plantation,273,906,14282.04,203338.2,2022,12
Versant Power,Maine,Aroostook,Saint Francis,310,540,936.92,223821.83,2022,11
Versant Power,Maine,Unknown,Clifton,12,13,12.0,8974.33,2017,9
Central Maine Power,Maine,Kennebec,Mt Vernon,1320,1418,1933.95,982220.64,2019,1
Versant Power,Maine,Penobscot,Corinna,12,32,556.26,558.83,2017,10
Central Maine Power,Maine,Oxford,Gilead,177,861,12581.9,131688.0,2021,3
Central Maine Power,Maine,Oxford,Lincoln Plantation,88,176,1657.36,65472.0,2018,10
Central Maine Power,Maine,Somerset,Highland Plantation,51,102,272.66,36720.0,2021,4
Versant Power,Maine,Piscataquis,Williamsburg Twp,55,61,60.03,40973.98,2021,3
Versant Power,Maine,Piscataquis,Atkinson,185,201,220.46,133200.0,2021,6
Versant Power,Maine,Hancock,Mariaville,360,1087,10115.16,268259.16,2017,10
Versant Power,Maine,Washington,Machias,55,59,34.48,39600.0,2017,11
Central Maine Power,Maine,Franklin,Fayette,1,2,2.84,744.0,2021,12
Versant Power,Maine,Hancock,Winter Harbor,607,661,2909.65,422638.97,2020,2
Central Maine Power,Maine,Somerset,Starks,307,951,18541.33,221545.16,2020,4
Central Maine Power,Maine,Penobscot,Kenduskeag,117,188,422.31,84585.33,2018,9
Central Maine Power,Maine,Sagadahoc,Phippsburg,2053,2236,16900.88,1478563.33,2020,9
Versant Power,Maine,Piscataquis,Dover-foxcroft,17,19,152.59,9583.94,2023,9
Central Maine Power,Maine,Penobscot,Plymouth,696,2197,42874.33,518260.95,2017,12
Versant Power,Maine,Piscataquis,Brownville,871,873,1661.41,648642.27,2020,10
Versant Power,Maine,Penobscot,West Enfield,262,271,2157.76,188640.0,2019,11
Central Maine Power,Maine,Somerset,New Portland,661,754,4797.75,476042.47,2020,6
Central Maine Power,Maine,Piscataquis,Blanchard Plantation,110,170,85.02,81840.0,2019,5
Central Maine Power,Maine,York,Kennebunk,1689,3807,50919.91,1256615.94,2022,12
Versant Power,Maine,Hancock,Franklin,1090,1263,16350.08,784799.98,2018,11
Central Maine Power,Maine,Somerset,Caratunk Plantation,173,174,81.89,128712.0,2019,10
Central Maine Power,Maine,Somerset,Lexington,154,351,3384.95,111521.83,2018,11
Versant Power,Maine,Washington,Machias,16,28,32.67,11774.67,2017,9
Eastern Maine Power Cooperative,Maine,Washington,Calais,10,68,200.81,7440.0,2020,1
Versant Power,Maine,Aroostook,Mapleton,971,1010,509.64,699394.31,2019,4
Versant Power,Maine,Aroostook,Winterville,237,279,508.97,176328.0,2019,3
Central Maine Power,Maine,Waldo,Belmont,539,1027,4021.44,401016.0,2022,12
Versant Power,Maine,Penobscot,Hudson,841,1652,1795.56,1252987.58,2021,7
Versant Power,Maine,Hancock,Swans Island,500,1003,12241.0,372021.5,2017,10
Central Maine Power,Maine,Franklin,Phillips,700,1431,1249.24,521325.35,2022,3
Central Maine Power,Maine,Somerset,Starks,303,642,1797.86,225432.0,2019,12
Central Maine Power,Maine,Somerset,Canaan,1192,1249,3787.75,858240.0,2018,11
Central Maine Power,Maine,Hancock,Castine,763,1526,635.62,549360.0,2018,4
Versant Power,Maine,Penobscot,Eddington,1257,2588,4872.17,935375.78,2021,10
Central Maine Power,Maine,Franklin,Farmington,4086,7738,128714.92,3040182.52,2020,12
Central Maine Power,Maine,York,Acton,2446,5361,70346.52,1820199.65,2020,12
Central Maine Power,Maine,Piscataquis,Dover-foxcroft,2649,2778,2701.19,1780312.47,2019,2
Central Maine Power,Maine,Franklin,Carthage,343,589,537.4,246960.0,2021,4
Versant Power,Maine,Hancock,Prospect Harbor,244,490,1468.58,181708.65,2019,1
Eastern Maine Power Cooperative,Maine,Aroostook,Sherman,260,546,493.98,176029.61,2023,2
Central Maine Power,Maine,Somerset,Norridgewock,1742,1888,2323.43,1296789.68,2020,8
Central Maine Power,Maine,Somerset,Dennistown Plantation,22,92,164.87,16486.33,2017,12
Central Maine Power,Maine,Oxford,Sweden,383,794,2494.69,285490.99,2017,12
Central Maine Power,Maine,Lincoln,Edgecomb,991,2035,23272.6,738013.63,2022,12
Versant Power,Maine,Hancock,Otis,830,1593,2986.46,557760.0,2019,2
Central Maine Power,Maine,Oxford,Hanover,277,513,844.8,199929.33,2017,11
Central Maine Power,Maine,Oxford,Magalloway Plantation,73,75,1094.6,52560.0,2020,4
Versant Power,Maine,Hancock,Great Pond,65,130,378.97,46905.15,2022,11
Central Maine Power,Maine,Piscataquis,Harfords Point,139,142,256.05,103428.66,2020,7
Versant Power,Maine,Unknown,Cedar Lake Twp,424,619,1545.47,82906.55,2016,11
Central Maine Power,Maine,Somerset,Misery Gore,10,20,31.67,7440.0,2020,5
Eastern Maine Power Cooperative,Maine,Aroostook,Crystal,923,1142,0.0,681137.45,2023,7
Central Maine Power,Maine,Kennebec,Readfield,1552,2602,904.48,1042944.0,2019,2
Central Maine Power,Maine,Oxford,Gilead,174,210,487.53,130012.49,2020,1
Versant Power,Maine,Waldo,Winterport,307,326,423.96,206304.0,2023,2
Versant Power,Maine,Washington,Cutler,426,529,2967.1,317038.98,2018,3
Versant Power,Maine,Washington,Deblois,63,99,365.99,46872.0,2021,10
Eastern Maine Power Cooperative,Maine,Washington,Indian Township,44,95,70.22,31297.73,2023,4
Versant Power,Maine,Piscataquis,Brownville,873,907,2080.46,650221.5,2021,5
Versant Power,Maine,Hancock,Otis,811,1705,4848.3,583920.0,2022,11
Central Maine Power,Maine,Cumberland,North Yarmouth,1674,6153,69026.09,1205279.95,2017,11
Versant Power,Maine,Aroostook,Smyrna Mills,92,460,10178.23,68448.0,2018,5
Versant Power,Maine,Aroostook,Ludlow,18,36,14.97,12960.0,2022,11
Versant Power,Maine,Unknown,T28 Md,8,11,19.31,5952.0,2018,12
Versant Power,Maine,Washington,Northfield,214,216,470.55,154442.82,2021,4
Central Maine Power,Maine,Franklin,Freeman,256,394,685.49,146524.94,2023,9
Central Maine Power,Maine,Androscoggin,Mechanic Falls,1595,2151,25742.65,1187081.92,2022,12
Central Maine Power,Maine,Franklin,Canton,1,3,3.17,218.15,2020,12
Versant Power,Maine,Unknown,Pretty Marsh,101,495,732.87,75144.0,2018,5
Central Maine Power,Maine,Oxford,Porter,939,1132,2659.0,698724.19,2021,7
Versant Power,Maine,Penobscot,Orono,3565,4950,15254.51,2567015.83,2023,4
Versant Power,Maine,Piscataquis,Medford,158,478,5593.0,113760.0,2019,11
Central Maine Power,Maine,Somerset,Mercer,458,2421,38564.81,330419.99,2020,4
Versant Power,Maine,Piscataquis,Grand Falls Twp,17,48,68.26,12240.0,2021,6
Central Maine Power,Maine,Waldo,Lincolnville,1883,2108,19401.87,1076482.59,2023,9
Central Maine Power,Maine,Sagadahoc,Bowdoinham,1805,5930,77023.2,1299599.93,2017,11
Central Maine Power,Maine,Piscataquis,Frenchtown,110,220,221.41,79200.0,2020,4
Versant Power,Maine,Unknown,"T17, R3, 12",765,2824,65673.67,550800.0,2017,11
Versant Power,Maine,Hancock,Winter Harbor,7,8,13.67,3898.33,2017,8
Eastern Maine Power Cooperative,Maine,Penobscot,Lakeville,326,345,452.19,235276.14,2022,11
Versant Power,Maine,Aroostook,Ludlow,18,39,65.39,13392.0,2021,12
Central Maine Power,Maine,Oxford,Lovell,1388,7537,103477.76,1033211.47,2022,12
Central Maine Power,Maine,Oxford,Stoneham,375,736,2451.03,279000.0,2019,12
Central Maine Power,Maine,Penobscot,Kenduskeag,133,135,44.35,95873.97,2020,6
Versant Power,Maine,Penobscot,East Millinocket,926,928,158.4,622810.82,2019,2
Versant Power,Maine,Hancock,Brooksville,949,1996,24050.79,684526.1,2020,4
Versant Power,Maine,Aroostook,Benedicta Twp,193,215,175.61,143911.65,2022,12
Central Maine Power,Maine,Somerset,Sapling,14,434,10416.0,10416.0,2018,1
Central Maine Power,Maine,Somerset,Misery Gore,10,18,39.67,7440.0,2018,8
Versant Power,Maine,Piscataquis,Medford,174,594,5393.12,129456.0,2022,12
Versant Power,Maine,Penobscot,East Millinocket,646,938,600.84,469945.33,2017,11
Versant Power,Maine,Aroostook,Crystal,112,117,255.17,83649.98,2022,12
Versant Power,Maine,Penobscot,Stillwater,9,26,217.66,7121.83,2017,9
Versant Power,Maine,Unknown,Saint John,162,486,1026.62,120528.0,2018,10
Versant Power,Maine,Unknown,Waltham,3297,37738,242504.62,2382881.94,2016,12
Central Maine Power,Maine,Franklin,Kingfield,873,1332,295.71,642160.93,2023,7
Central Maine Power,Maine,Piscataquis,Cambridge,1,2,5.34,194.49,2021,2
Central Maine Power,Maine,Penobscot,Dexter,2290,3790,59019.03,1704384.73,2020,12
Central Maine Power,Maine,Piscataquis,Frenchtown,105,261,517.03,76252.78,2019,4
Central Maine Power,Maine,Waldo,Lincolnville,1777,2862,7755.24,1322167.31,2018,10
Versant Power,Maine,Aroostook,Smyrna Mills,90,92,188.17,40254.17,2017,8
Central Maine Power,Maine,Waldo,Northport,1333,1584,20793.56,960292.17,2019,11
Central Maine Power,Maine,Oxford,Peru,1030,1590,4957.04,717470.67,2020,2
Versant Power,Maine,Aroostook,Allagash,281,297,531.92,202652.68,2022,9
Versant Power,Maine,Unknown,Saint John,162,314,392.02,116640.0,2019,9
Versant Power,Maine,Piscataquis,Brownville Junction,337,642,1538.9,250728.0,2020,3
Central Maine Power,Maine,Oxford,Greenwood,906,945,1759.63,652339.3,2022,9
Central Maine Power,Maine,Cumberland,Yarmouth,4454,8940,153579.53,3314515.22,2017,10
Central Maine Power,Maine,Lincoln,Boothbay Harbor,2579,3283,29861.94,1919110.95,2022,12
Central Maine Power,Maine,Piscataquis,Frenchtown,99,294,4081.0,73658.33,2017,10
Central Maine Power,Maine,Franklin,Salem,184,388,771.45,137061.01,2018,8
Versant Power,Maine,Penobscot,Indian Island,71,741,10163.7,46552.17,2017,10
Eastern Maine Power Cooperative,Maine,Aroostook,Sherman,146,168,337.03,108060.95,2022,5
Eastern Maine Power Cooperative,Maine,Washington,Baileyville,100,289,2745.66,71506.84,2022,4
Versant Power,Maine,Penobscot,Passadumkeag,84,261,3580.61,60323.67,2018,11
Central Maine Power,Maine,Waldo,Waldo,411,1287,15245.93,295920.0,2017,11
Central Maine Power,Maine,Somerset,Solon,707,1473,23804.07,526104.12,2020,12
Versant Power,Maine,Aroostook,Nashville,37,45,18.05,27528.0,2019,1
Central Maine Power,Maine,Franklin,Temple,316,631,8326.5,235104.0,2017,10
Versant Power,Maine,Penobscot,Grindstone Twp,50,201,235.92,37200.0,2022,5
Central Maine Power,Maine,Piscataquis,Shirley,235,268,285.98,174918.3,2022,12
Central Maine Power,Maine,Oxford,Albany,357,380,714.6,265887.5,2020,3
Central Maine Power,Maine,Cumberland,Standish,5364,9592,131630.0,3991114.08,2022,12
Central Maine Power,Maine,Penobscot,Exeter,26,30,58.02,19344.0,2018,8
Central Maine Power,Maine,Oxford,Sumner,601,1925,28587.25,447530.33,2022,12
Central Maine Power,Maine,Oxford,Hanover,274,609,3417.69,197459.49,2018,11
Central Maine Power,Maine,Kennebec,Belgrade,2625,8803,139681.09,1953099.72,2020,12
Central Maine Power,Maine,Piscataquis,Willimantic,289,466,3727.4,164873.48,2023,9
Versant Power,Maine,Aroostook,Sheridan,62,63,10.52,46594.98,2019,1
Central Maine Power,Maine,Sagadahoc,Georgetown,1195,1415,1733.27,889125.03,2017,12
Central Maine Power,Maine,Piscataquis,Greenville,1824,1894,10485.08,1313744.46,2020,6
Eastern Maine Power Cooperative,Maine,Aroostook,Houlton,1,3,0.0,908.3,2022,2
Versant Power,Maine,Unknown,T17 R4,482,572,1916.83,358362.0,2017,10
Versant Power,Maine,Aroostook,Smyrna Mills,92,93,380.24,68448.0,2018,10
Versant Power,Maine,Hancock,Aurora,101,144,0.38,72644.05,2023,7
Eastern Maine Power Cooperative,Maine,Aroostook,Weston,5,60,30.29,4173.47,2021,10
Central Maine Power,Maine,Somerset,Pittsfield,2125,2588,12792.72,1530634.58,2019,11
Central Maine Power,Maine,Oxford,Andover,653,658,1107.87,470211.16,2019,6
Central Maine Power,Maine,Franklin,Weld,613,2814,41362.42,456072.0,2020,12
Central Maine Power,Maine,Kennebec,Randolph,951,1875,29344.67,707560.33,2017,10
Central Maine Power,Maine,Piscataquis,Monson,593,1201,2489.51,441833.14,2020,5
Central Maine Power,Maine,Oxford,Greenwood,895,1189,11080.27,644557.97,2020,4
Versant Power,Maine,Washington,Eastport,1251,1255,5673.21,930836.47,2019,12
Versant Power,Maine,Unknown,Sutton Island,26,806,19344.0,19344.0,2017,12
Central Maine Power,Maine,Oxford,Brownfield,1044,2104,5709.18,777318.63,2017,12
Versant Power,Maine,Unknown,Town Hill,329,355,4865.65,236880.0,2017,11
Eastern Maine Power Cooperative,Maine,Washington,Cooper,33,250,123.54,21624.78,2021,10
Central Maine Power,Maine,Waldo,Thorndike,415,875,705.87,298800.0,2018,4
Versant Power,Maine,Hancock,Penobscot,83,266,772.67,59940.0,2017,11
Versant Power,Maine,Aroostook,Saint Francis,309,915,1422.56,230185.81,2022,1
Central Maine Power,Maine,Piscataquis,Blanchard Plantation,111,588,10212.92,79920.0,2020,4
Versant Power,Maine,Washington,Roque Bluffs,25,255,390.54,19265.48,2017,12
Central Maine Power,Maine,Oxford,Canton,519,633,1839.65,349143.52,2019,2
Central Maine Power,Maine,Piscataquis,Willimantic,287,288,7.55,202108.84,2023,7
Central Maine Power,Maine,Somerset,Tomhegan,178,336,750.71,132656.66,2018,1
Central Maine Power,Maine,Somerset,Moscow,402,691,1780.61,299192.97,2022,10
Eastern Maine Power Cooperative,Maine,Penobscot,Mattawamkeag,163,166,0.0,123406.21,2023,5
Central Maine Power,Maine,Franklin,Jay,2475,3167,46440.07,1842190.47,2020,12
Central Maine Power,Maine,Cumberland,Pownal,836,843,3364.42,621989.31,2023,3
Versant Power,Maine,Penobscot,Dexter,41,128,2930.17,29520.0,2017,11
Central Maine Power,Maine,Franklin,Strong,707,815,2871.02,526605.01,2018,5
Central Maine Power,Maine,Oxford,Upton,183,232,1335.93,136152.0,2019,10
Central Maine Power,Maine,Kennebec,Mt Vernon,1329,3713,6578.24,989431.01,2020,3
Central Maine Power,Maine,Somerset,Highland Plantation,51,63,672.28,37944.0,2021,3
Central Maine Power,Maine,Waldo,Troy,526,528,2619.49,378847.98,2018,9
Versant Power,Maine,Hancock,Sorrento,347,692,1385.44,258666.17,2022,10
Central Maine Power,Maine,Somerset,Moscow,407,814,1183.28,273504.0,2023,2
Central Maine Power,Maine,Somerset,Embden,1050,2307,26625.19,599016.2,2023,9
Central Maine Power,Maine,Cumberland,Saco,1,2,0.85,744.0,2021,7
Versant Power,Maine,Penobscot,Veazie,930,1861,16449.78,669599.99,2019,11
Central Maine Power,Maine,Lincoln,Westport,636,652,2012.41,427892.96,2022,2
Versant Power,Maine,Hancock,Otis,775,2374,25664.99,577088.49,2017,10
Versant Power,Maine,Piscataquis,Orneville Twp,268,1422,23569.95,193165.01,2020,4
Central Maine Power,Maine,Piscataquis,Wellington,183,868,16361.42,136477.77,2020,12
Central Maine Power,Maine,Knox,Cushing,1073,1351,13697.37,798723.03,2023,3
Central Maine Power,Maine,Waldo,Burnham,762,3169,51217.54,549225.31,2020,4
Versant Power,Maine,Penobscot,Winn,236,1475,33985.33,169920.0,2017,11
Central Maine Power,Maine,Knox,Hope,1059,3041,14165.22,605267.05,2023,9
Central Maine Power,Maine,Androscoggin,Fayette,2,12,65.04,1488.0,2022,12
Versant Power,Maine,Aroostook,E Twp,58,59,206.43,42020.61,2021,9
Versant Power,Maine,Hancock,Winter Harbor,607,628,2704.99,451644.99,2021,3
Versant Power,Maine,Washington,Eastport,1237,1251,632.81,920517.83,2019,3
Versant Power,Maine,Penobscot,Greenfield Twp,142,447,709.16,102240.0,2018,11
Versant Power,Maine,Washington,Columbia,208,223,933.6,149760.0,2018,11
Versant Power,Maine,Hancock,Swans Island,521,617,2279.51,387688.02,2021,3
Versant Power,Maine,Piscataquis,Milo,1359,1430,1936.56,1011096.0,2018,1
Central Maine Power,Maine,Knox,Owls Head,1292,1390,8424.88,961609.6,2023,3
Central Maine Power,Maine,York,Dayton,949,1048,4436.99,683586.32,2020,4
Central Maine Power,Maine,York,Newfield,1278,4155,51928.88,950854.27,2020,8
Versant Power,Maine,Piscataquis,Atkinson,185,666,7965.07,133851.95,2019,11
Central Maine Power,Maine,Cumberland,Cumberland,3491,7595,128347.09,2597570.59,2017,10
Central Maine Power,Maine,Somerset,Palmyra,1091,1319,2940.23,812039.12,2020,5
Versant Power,Maine,Waldo,Winterport,308,629,2247.27,221760.0,2019,6
Versant Power,Maine,Washington,Perry,401,466,630.85,298919.98,2020,5
Central Maine Power,Maine,Franklin,Perkins,17,35,618.41,12240.0,2020,4
Central Maine Power,Maine,Franklin,Salem,193,211,732.25,139645.95,2021,4
Central Maine Power,Maine,Somerset,Sapling,15,60,121.17,10800.0,2019,11
Central Maine Power,Maine,Somerset,Pittsfield,2114,4249,58515.52,1573393.14,2017,10
Central Maine Power,Maine,Lincoln,Waldoboro,2991,5055,80392.15,2153519.83,2017,11
Central Maine Power,Maine,Oxford,Lower Cupsuptic,8,32,292.06,5760.0,2018,11
Central Maine Power,Maine,Piscataquis,Elliottsville,95,190,379.98,68587.52,2022,11
Versant Power,Maine,Unknown,"Squa Pan T11, R4,7,8",127,186,4464.0,94488.0,2018,1
Central Maine Power,Maine,Waldo,Liberty,839,2413,1751.8,604432.27,2022,6
Central Maine Power,Maine,Lincoln,Whitefield,1290,3652,32260.08,960371.59,2022,12
Versant Power,Maine,Aroostook,Silver Ridge,40,1035,23775.5,23847.83,2017,10
Central Maine Power,Maine,Cumberland,Falmouth,5808,11592,194418.62,4316897.14,2017,10
Versant Power,Maine,Hancock,Cranberry Isles,196,203,915.83,141756.66,2019,11
Central Maine Power,Maine,Sagadahoc,Woolwich,1736,2012,4412.33,1291496.86,2021,3
Versant Power,Maine,Aroostook,Oxbow North Twp,73,146,395.58,52560.0,2022,4
Central Maine Power,Maine,Oxford,Magalloway Plantation,75,76,0.0,56148.32,2023,7
Central Maine Power,Maine,Cumberland,New Gloucester,2778,5549,54073.5,2000753.97,2017,11
Versant Power,Maine,Aroostook,Westmanland,117,232,77.43,87048.0,2018,7
Central Maine Power,Maine,Knox,St George,2355,3785,53727.55,1695730.59,2019,11
Versant Power,Maine,Aroostook,Saint Francis,301,350,3399.58,217347.15,2019,4
Versant Power,Maine,Unknown,T1 R8 Wels,20,520,12443.87,14880.0,2017,12
Versant Power,Maine,Unknown,Grand Falls Twp,17,34,48.07,12648.0,2019,1
Versant Power,Maine,Washington,Cutler,435,440,5443.45,313812.27,2020,4
Central Maine Power,Maine,Kennebec,Palermo,3,6,2.01,2760.14,2021,7
Versant Power,Maine,Penobscot,Greenbush,755,1697,2326.31,561924.63,2022,3
Eastern Maine Power Cooperative,Maine,Aroostook,Oakfield,12,14,4.42,4315.57,2021,10
Central Maine Power,Maine,Somerset,Caratunk Plantation,174,349,4080.12,125496.34,2020,4
Central Maine Power,Maine,Penobscot,Plymouth,714,1183,10748.8,531561.65,2022,12
Central Maine Power,Maine,Waldo,Searsmont,834,1863,21161.46,620801.66,2017,10
Versant Power,Maine,Washington,Trescott Twp,194,285,884.21,139680.0,2019,4
Versant Power,Maine,Piscataquis,Medford,171,259,694.68,114912.0,2022,2
Versant Power,Maine,Penobscot,Charleston,614,830,1812.65,456816.0,2019,1
Versant Power,Maine,Hancock,Otter Creek,163,370,5047.51,121272.0,2019,10
Versant Power,Maine,Piscataquis,Ebeemee Twp,181,234,403.05,134664.0,2021,10
Central Maine Power,Maine,Somerset,Detroit,468,1393,25031.75,337435.51,2020,4
Central Maine Power,Maine,Somerset,Bingham,627,1291,1279.37,467035.84,2018,1
Central Maine Power,Maine,Androscoggin,Livermore,1282,2202,5344.64,954228.97,2018,1
Central Maine Power,Maine,Kennebec,Farmingdale,1618,1653,12699.91,1165621.15,2020,4
Central Maine Power,Maine,Kennebec,Litchfield,2247,3458,34547.76,1672121.01,2022,12
Versant Power,Maine,Penobscot,Lee,593,637,724.53,441192.0,2018,10
Central Maine Power,Maine,Androscoggin,Turner,2994,5692,77918.0,2155887.96,2020,4
Eastern Maine Power Cooperative,Maine,Aroostook,Monticello,35,41,0.0,26149.42,2023,7
Versant Power,Maine,Penobscot,Orrington,2093,3136,13534.17,1169500.77,2023,9
Versant Power,Maine,Unknown,"T16, R4, 5,6,8,9",252,536,401.89,187488.0,2018,10
Eastern Maine Power Cooperative,Maine,Washington,Waite,154,181,0.0,114827.82,2023,5
Central Maine Power,Maine,Piscataquis,Bowerbank,29,696,14944.67,21025.67,2017,11
Central Maine Power,Maine,York,Kennebunkport,3753,9017,121893.67,2792376.35,2023,1
Versant Power,Maine,Unknown,Township 8,61,188,1136.51,43920.0,2018,11
Central Maine Power,Maine,Hancock,Penobscot,860,1337,5442.93,619200.0,2020,6
Central Maine Power,Maine,Androscoggin,Jay,14,24,0.0,10020.53,2023,6
Central Maine Power,Maine,Franklin,Alder Stream,10,20,411.67,7440.0,2017,10
Versant Power,Maine,Penobscot,Charleston,614,1483,4653.16,442080.0,2018,11
Versant Power,Maine,Penobscot,Glenburn,143,4214,51972.68,114163.96,2017,10
Central Maine Power,Maine,Somerset,Sapling,24,49,70.71,17856.0,2021,12
Central Maine Power,Maine,Franklin,Davis,34,204,3415.82,24480.0,2017,11
Versant Power,Maine,Aroostook,E Twp,57,59,259.08,42719.65,2020,8
Versant Power,Maine,Unknown,T30 Md Bpp,1884,25029,169705.89,1223209.83,2016,12
Central Maine Power,Maine,Franklin,Kingfield,876,981,2959.72,503134.54,2023,9
Versant Power,Maine,Penobscot,Exeter,508,1254,7301.99,366264.31,2018,11
Versant Power,Maine,Washington,Whitneyville,6,60,1415.34,4464.0,2017,12
Versant Power,Maine,Unknown,Masardis,311,330,361.9,108377.08,2016,11
Versant Power,Maine,Hancock,Fletchers Landing Twp,20,620,14880.0,14880.0,2017,12
Versant Power,Maine,Penobscot,Glenburn,62,69,117.33,14818.0,2017,9
Central Maine Power,Maine,Kennebec,Monmouth,2318,4897,60940.64,1724516.29,2017,10
Versant Power,Maine,Washington,Machiasport,106,109,146.66,47124.83,2017,8
Versant Power,Maine,Penobscot,Corinna,18,54,294.32,13392.0,2020,10
Central Maine Power,Maine,Piscataquis,Kineo,35,70,113.31,26040.0,2022,1
Versant Power,Maine,Piscataquis,Atkinson,182,350,2600.27,135791.6,2022,12
Versant Power,Maine,Washington,Deblois,64,96,53.76,47625.66,2020,7
Central Maine Power,Maine,Penobscot,Newburgh,68,209,1678.62,49391.38,2022,12
Versant Power,Maine,Washington,Beddington,241,482,2005.32,173768.6,2022,9
Central Maine Power,Maine,Cumberland,Falmouth,6083,13184,211576.69,4525858.8,2019,10
Eastern Maine Power Cooperative,Maine,Washington,Wesley,318,578,52.01,213696.0,2023,2
Versant Power,Maine,Unknown,Long A Twp,52,409,8609.34,37440.0,2017,11
Central Maine Power,Maine,Sagadahoc,Litchfield,3,4,34.83,2232.0,2022,12
Versant Power,Maine,Aroostook,New Limerick,14,28,44.27,10080.0,2018,6
Versant Power,Maine,Unknown,T2 R8 Nwp,8,10,58.18,5827.95,2018,11
Versant Power,Maine,Hancock,Sullivan,680,970,8616.04,489599.99,2019,11
Central Maine Power,Maine,Somerset,Madison,1176,1314,20998.48,875509.04,2020,12
Versant Power,Maine,Hancock,Brooklin,26,115,248.67,18571.66,2017,8
Versant Power,Maine,Aroostook,T9 R5 Wels,2,4,11.0,1488.0,2020,8
Central Maine Power,Maine,Lincoln,Somerville,341,385,475.75,245520.0,2018,6
Versant Power,Maine,Aroostook,Portage,528,537,208.82,392832.0,2018,5
Central Maine Power,Maine,Oxford,Milton,74,599,13911.73,55056.0,2018,1
Versant Power,Maine,Unknown,Lake View Plt,0,45,0.0,387.0,2017,9
Central Maine Power,Maine,Somerset,Brassua,1,2,21.83,720.0,2022,4
Versant Power,Maine,Unknown,T28 Md,8,248,5952.0,5952.0,2018,1
Central Maine Power,Maine,Oxford,Hartford,763,768,2226.65,567730.48,2022,8
Central Maine Power,Maine,Lincoln,South Bristol,1171,2303,11741.4,871335.7,2021,10
Central Maine Power,Maine,Piscataquis,Cove Point,7,175,3497.68,5040.0,2017,11
Central Maine Power,Maine,Somerset,Tomhegan,240,481,780.76,178560.0,2022,10
Central Maine Power,Maine,Androscoggin,Auburn,13088,20385,131800.45,9738014.2,2022,12
Central Maine Power,Maine,Somerset,Lexington,168,277,2921.79,96714.64,2023,9
Versant Power,Maine,Aroostook,Benedicta Twp,193,214,1401.89,138960.0,2022,6
Central Maine Power,Maine,Knox,Appleton,740,766,7630.52,551121.13,2019,8
Versant Power,Maine,Aroostook,T9 R5 Wels,2,4,6.7,1488.0,2021,7
Eastern Maine Power Cooperative,Maine,Washington,Charlotte,1254,1262,1270.12,933065.04,2022,8
Central Maine Power,Maine,Kennebec,Randolph,978,2965,2141.97,704725.42,2021,6
Eastern Maine Power Cooperative,Maine,Washington,Alexander,100,182,25.64,70381.09,2020,2
Central Maine Power,Maine,Franklin,Wyman,158,214,1668.21,113760.0,2018,11
Central Maine Power,Maine,Piscataquis,Elliottsville,93,583,2812.08,69226.68,2021,3
Versant Power,Maine,Hancock,Deer Isle,1933,2320,4709.6,1391933.05,2022,9
Central Maine Power,Maine,Kennebec,Mercer,2,4,0.0,1483.56,2023,5
Versant Power,Maine,Hancock,Sorrento,353,711,778.0,254129.41,2023,7
Central Maine Power,Maine,Somerset,Starks,304,579,781.67,226342.33,2018,8
Eastern Maine Power Cooperative,Maine,Aroostook,Cary,411,666,1023.37,221439.59,2023,9
Versant Power,Maine,Penobscot,Cedar Lake Twp,69,70,668.07,49680.0,2020,9
Central Maine Power,Maine,York,North Berwick,2543,4179,58676.43,1892636.66,2022,12
Central Maine Power,Maine,Sagadahoc,Woolwich,1712,4167,42868.31,1232907.97,2019,11
Central Maine Power,Maine,Waldo,Swanville,889,893,246.49,661563.97,2018,3
Versant Power,Maine,Piscataquis,Levant,25,28,58.11,18000.0,2021,9
Central Maine Power,Maine,Kennebec,Fayette,911,1509,7909.16,678360.48,2018,1
Versant Power,Maine,Hancock,Orland,46,142,2044.84,33677.3,2020,4
Versant Power,Maine,Penobscot,Herseytown,14,434,10416.0,10416.0,2018,3
Central Maine Power,Maine,Piscataquis,Garland,1,3,3.34,672.0,2022,2
Versant Power,Maine,Aroostook,Fort Fairfield,2008,3088,24314.8,1494039.1,2022,12
Versant Power,Maine,Penobscot,Dixmont,111,132,982.91,63180.89,2023,9
Central Maine Power,Maine,York,Eliot,3765,4453,41746.76,2801435.21,2018,3
Versant Power,Maine,Aroostook,Silver Ridge,47,1316,31584.0,31584.0,2018,2
Central Maine Power,Maine,Knox,St George,2382,3938,2897.25,1772688.03,2021,10
Central Maine Power,Maine,Oxford,Brownfield,1112,1565,6444.22,827327.98,2021,3
Versant Power,Maine,Hancock,Lamoine,1172,4121,42303.37,844381.25,2020,4
Versant Power,Maine,Piscataquis,Atkinson,182,715,4445.99,131040.0,2017,11
Versant Power,Maine,Aroostook,New Sweden,345,660,220.28,256680.0,2018,7
Central Maine Power,Maine,Androscoggin,Durham,1873,7523,85970.83,1393511.89,2022,12
Central Maine Power,Maine,Waldo,Thorndike,412,417,83.99,306912.87,2019,12
Central Maine Power,Maine,Piscataquis,Parkman,489,1838,34105.92,352080.0,2020,4
Central Maine Power,Maine,Penobscot,Newport,2143,3719,9153.53,1594744.6,2020,5
Versant Power,Maine,Unknown,Deblois,0,1,1.5,236.0,2017,9
Central Maine Power,Maine,Lincoln,Alna,408,963,7430.39,293877.01,2019,11
Versant Power,Maine,Hancock,Amherst,157,487,5727.66,117057.83,2017,10
Versant Power,Maine,Aroostook,Masardis,189,193,908.92,136080.0,2018,11
Central Maine Power,Maine,Oxford,Adamstown,66,67,0.0,48988.28,2023,7
Central Maine Power,Maine,Lincoln,Dresden,918,2530,34647.89,683727.8,2017,10
Versant Power,Maine,Hancock,Brooksville,816,993,5018.8,607446.48,2019,10
Central Maine Power,Maine,Oxford,Waterford,1502,5232,82606.24,1118064.1,2020,12
Eastern Maine Power Cooperative,Maine,Penobscot,Lakeville,173,440,3455.56,97956.62,2023,9
Eastern Maine Power Cooperative,Maine,Washington,Danforth,297,409,1155.12,220968.0,2020,3
Central Maine Power,Maine,Waldo,Freedom,388,398,78.48,288819.32,2019,12
Central Maine Power,Maine,Sagadahoc,Woolwich,1766,4746,66508.63,1313958.63,2022,12
Versant Power,Maine,Washington,Cutler,431,659,1337.35,320664.0,2020,3
Eastern Maine Power Cooperative,Maine,Aroostook,Sherman,183,550,323.82,133916.42,2023,3
Central Maine Power,Maine,Piscataquis,Blanchard Plantation,109,159,584.9,81707.5,2018,5
Central Maine Power,Maine,Somerset,TAUNTON   RAYNHAM ACADEMY GRANT,604,607,605.79,449759.98,2022,5
Versant Power,Maine,Washington,Trescott Twp,190,191,604.78,137093.66,2018,4
Central Maine Power,Maine,York,North Berwick,2549,5326,79523.63,1896860.22,2023,1
Versant Power,Maine,Penobscot,Woodville,119,236,334.07,89099.49,2021,5
Eastern Maine Power Cooperative,Maine,Washington,Charlotte,147,687,564.43,87543.91,2020,2
Central Maine Power,Maine,Somerset,Moscow,400,513,1335.76,297600.0,2022,5
Central Maine Power,Maine,Somerset,Clinton,3,6,30.65,2232.0,2022,12
Central Maine Power,Maine,York,South Berwick,3280,3511,63998.96,2414668.28,2017,10
Central Maine Power,Maine,Somerset,Brassua,1,2,3.83,744.0,2019,8
Central Maine Power,Maine,York,South Berwick,3495,7009,88582.42,2600652.19,2022,12
Central Maine Power,Maine,Oxford,Hebron,548,1548,3279.0,408084.29,2020,7
Versant Power,Maine,Piscataquis,Williamsburg Twp,57,65,114.69,41445.28,2022,6
Versant Power,Maine,Hancock,Mariaville,421,1541,23311.19,303611.58,2020,4
Versant Power,Maine,Penobscot,Enfield,631,1410,9235.71,454320.0,2017,11
Versant Power,Maine,Penobscot,Carmel,41,93,1541.6,30697.8,2022,12
Central Maine Power,Maine,Knox,Washington,954,1133,6865.74,710032.45,2021,3
Central Maine Power,Maine,Franklin,Avon,296,420,1392.04,169674.44,2023,9
Central Maine Power,Maine,Piscataquis,Beaver Cove Plantation,261,523,1116.86,194319.69,2022,1
Central Maine Power,Maine,Knox,South Thomaston,1115,1397,1129.46,829785.16,2021,3
Central Maine Power,Maine,Penobscot,Etna,654,813,1929.75,439994.96,2022,2
Versant Power,Maine,Unknown,T17 R4,2430,3204,8644.05,1771979.6,2016,12
Central Maine Power,Maine,Hancock,Ellsworth,5,25,443.76,3720.0,2020,12
Versant Power,Maine,Aroostook,Easton,720,1421,19905.98,535847.25,2022,12
Versant Power,Maine,Penobscot,Hampden,289,7886,84995.71,194655.39,2017,10
Central Maine Power,Maine,Somerset,Highland Plantation,45,92,797.29,34009.98,2019,1
Versant Power,Maine,Penobscot,Lagrange,246,1197,11414.83,181633.16,2017,10
Versant Power,Maine,Penobscot,Seboeis Plt,57,112,1177.64,42408.0,2020,10
Versant Power,Maine,Aroostook,Dyer Brook,54,720,17280.0,38880.0,2017,11
Central Maine Power,Maine,Waldo,Troy,536,2119,43167.98,385919.99,2020,4
Versant Power,Maine,Washington,Jonesboro,5,139,591.84,4010.5,2017,10
Versant Power,Maine,Piscataquis,Ebeemee Twp,182,726,4760.6,131040.0,2019,11
Central Maine Power,Maine,York,Acton,2438,2713,6907.49,1813971.79,2021,1
Versant Power,Maine,Penobscot,Dexter,41,82,239.02,27552.0,2018,2
Central Maine Power,Maine,Oxford,Gilead,175,282,678.05,126000.0,2019,4
Central Maine Power,Maine,Knox,Friendship,960,961,3154.6,714807.99,2019,8
Central Maine Power,Maine,Knox,Union,1485,1556,3027.03,1105068.1,2021,10
Versant Power,Maine,Penobscot,Clifton,548,952,2193.38,408476.65,2021,10
Versant Power,Maine,Unknown,Bowerbank,109,490,458.67,73135.5,2017,9
Central Maine Power,Maine,Franklin,Starks,1,2,18.83,744.0,2022,10
Central Maine Power,Maine,Kennebec,Oakland,3617,3731,58973.92,2604239.86,2017,11
Eastern Maine Power Cooperative,Maine,Washington,Vanceboro,90,234,156.0,66263.18,2022,7
Central Maine Power,Maine,Waldo,Thorndike,412,1383,21795.32,297144.48,2020,4
Central Maine Power,Maine,York,Newfield,1285,4162,52749.62,956399.41,2020,12
Central Maine Power,Maine,Piscataquis,Beaver Cove Plantation,266,878,3072.83,191520.0,2019,11
Versant Power,Maine,Penobscot,Hudson,844,1204,4308.84,1257080.44,2023,1
Central Maine Power,Maine,Kennebec,Wayne,951,1645,3514.86,707598.47,2020,8
Central Maine Power,Maine,Oxford,Mason,50,52,267.01,37960.36,2021,1
Central Maine Power,Maine,Penobscot,Hermon,2927,4429,21947.85,2177974.32,2022,12
Central Maine Power,Maine,Waldo,Thorndike,415,417,349.66,309393.83,2018,5
Versant Power,Maine,Piscataquis,Williamsburg Twp,44,102,1561.83,1833.17,2017,10
Versant Power,Maine,Aroostook,Caribou,4470,4523,6801.64,3326171.16,2022,3
Versant Power,Maine,Washington,Eastport,1250,2522,15730.12,930376.65,2022,12
Central Maine Power,Maine,Sagadahoc,Bowdoin,1477,1510,7400.0,1063755.99,2022,11
Central Maine Power,Maine,Somerset,Tomhegan,176,346,4238.5,130944.0,2017,10
Versant Power,Maine,Penobscot,Seboeis Plt,55,81,339.51,40920.0,2019,7
Versant Power,Maine,Piscataquis,Dover-foxcroft,17,41,0.0,12555.85,2023,5
Central Maine Power,Maine,Waldo,Searsmont,894,2735,15068.62,665657.52,2022,12
Central Maine Power,Maine,Cumberland,Raymond,3521,7597,81353.7,2620349.77,2022,12
Versant Power,Maine,Unknown,"T2, R4, 6,7,8",57,63,42.15,42408.0,2018,10
Versant Power,Maine,Aroostook,Stockholm,170,583,966.65,126480.0,2022,7
Versant Power,Maine,Unknown,"T16, R4, 5,6,8,9",252,764,2871.27,181440.0,2018,11
Versant Power,Maine,Hancock,Aurora,111,137,1615.44,79920.0,2019,11
Central Maine Power,Maine,Franklin,Weld,619,1256,2097.1,460749.36,2021,7
Versant Power,Maine,Penobscot,Dixmont,110,166,481.78,81280.28,2023,5
Versant Power,Maine,Unknown,Ebeemee Twp,39,367,334.51,26638.5,2017,9
Versant Power,Maine,Unknown,Allagash,5084,9658,35382.72,3697352.97,2016,12
Eastern Maine Power Cooperative,Maine,Aroostook,Unknown,2860,5449,39956.64,2127839.81,2020,12
Central Maine Power,Maine,Oxford,Lovell,1352,2157,1965.11,1006570.78,2021,7
Versant Power,Maine,Penobscot,Woodville,114,165,1296.57,85188.33,2018,10
Central Maine Power,Maine,York,Parsonsfield,1310,1313,4785.97,975178.64,2021,3
Versant Power,Maine,Aroostook,Island Falls,740,976,27.5,550560.0,2018,10
Central Maine Power,Maine,Waldo,Palermo,1010,1339,5425.43,751473.14,2019,10
Central Maine Power,Maine,Sagadahoc,Richmond,1994,2405,4761.93,1436128.54,2021,6
Versant Power,Maine,Penobscot,Grindstone Twp,50,100,73.67,36000.0,2022,11
Eastern Maine Power Cooperative,Maine,Washington,Baileyville,291,347,1064.49,211691.19,2023,5
Eastern Maine Power Cooperative,Maine,Aroostook,Weston,604,1475,12.14,440890.15,2023,5
Central Maine Power,Maine,Hancock,Penobscot,847,1704,734.43,609840.0,2018,4
Central Maine Power,Maine,Penobscot,Corinth,20,40,56.63,14400.0,2021,9
Central Maine Power,Maine,Franklin,New Sharon,786,1623,22722.65,584788.66,2017,10
Versant Power,Maine,Washington,Centerville,14,17,0.0,10368.2,2019,9
Versant Power,Maine,Hancock,Bucksport,161,234,1728.76,119784.0,2019,10
Versant Power,Maine,Piscataquis,Williamsburg Twp,59,61,94.77,43583.83,2023,8
Central Maine Power,Maine,Oxford,Hanover,280,521,757.13,201805.98,2019,11
Central Maine Power,Maine,Oxford,Stoneham,379,539,3018.88,272880.0,2017,11
Eastern Maine Power Cooperative,Maine,Washington,Brookton,16,31,245.05,9486.67,2023,9
Central Maine Power,Maine,York,Parsonsfield,1352,7168,98410.75,1006253.84,2022,12
Central Maine Power,Maine,Waldo,Frankfort,669,1154,19667.0,497755.5,2017,10
Central Maine Power,Maine,Sagadahoc,Georgetown,1250,1519,14993.85,925802.99,2023,5
Central Maine Power,Maine,Oxford,Mexico,1519,2558,28940.74,1130765.54,2022,12
Central Maine Power,Maine,Oxford,Stoneham,360,2785,48337.97,267840.0,2022,12
Central Maine Power,Maine,Franklin,Washington Twp,18,36,197.99,13037.01,2018,11
Central Maine Power,Maine,Somerset,The Forks Plantation,204,453,3074.25,137088.0,2022,2
Central Maine Power,Maine,Piscataquis,Willimantic,276,280,381.08,206063.84,2020,3
Versant Power,Maine,Piscataquis,Brownville,775,3586,54807.97,560888.35,2020,4
Central Maine Power,Maine,Kennebec,Mt Vernon,1390,1462,307.46,1019026.77,2023,7
Versant Power,Maine,Hancock,Stonington,1169,1903,15590.8,842254.32,2017,11
Central Maine Power,Maine,Waldo,Winterport,1677,2983,4551.49,1207828.95,2022,9
Central Maine Power,Maine,Sagadahoc,Phippsburg,2012,6518,87598.7,1448639.95,2017,11
Central Maine Power,Maine,Somerset,Concord,127,240,4085.98,94665.28,2020,12
Central Maine Power,Maine,Kennebec,Litchfield,2156,2215,17444.42,1552354.78,2019,11
Central Maine Power,Maine,Somerset,Moose River,215,217,37.07,160597.95,2020,8
Central Maine Power,Maine,Oxford,Mexico,1510,2733,3858.0,1123617.28,2020,7
Versant Power,Maine,Hancock,Tremont,248,261,470.86,172608.0,2020,2
Versant Power,Maine,Piscataquis,T1 R9 Wels,353,887,2619.7,254302.35,2022,11
Versant Power,Maine,Hancock,Sullivan,843,2162,20135.67,607368.37,2020,4
Versant Power,Maine,Penobscot,Hudson,834,1016,4349.3,1201087.56,2020,11
Central Maine Power,Maine,Sagadahoc,Georgetown,1201,1220,8894.75,893544.0,2018,10
Versant Power,Maine,Penobscot,Alton,417,591,2361.58,300892.99,2020,9
Versant Power,Maine,Unknown,T1 R8 Wels,20,45,459.82,14880.0,2018,10
Central Maine Power,Maine,Somerset,West Forks Plantation,116,230,298.55,86304.0,2018,8
Versant Power,Maine,Aroostook,Frenchville,632,662,737.69,470537.38,2022,1
Central Maine Power,Maine,Penobscot,Carmel,1446,1508,3300.59,972328.85,2022,2
Central Maine Power,Maine,Penobscot,Kenduskeag,133,411,2824.84,99575.65,2020,12
Central Maine Power,Maine,Sagadahoc,Georgetown,1255,3772,21655.03,676704.33,2023,9
Versant Power,Maine,Washington,Jonesport,701,1834,1262.53,518699.82,2018,1
Central Maine Power,Maine,Oxford,Lincoln Plantation,88,446,2068.93,66116.99,2020,8
Central Maine Power,Maine,Somerset,The Forks Plantation,213,243,2937.88,159194.2,2020,12
Versant Power,Maine,Washington,Beddington,243,342,1181.01,180792.0,2020,3
Central Maine Power,Maine,Oxford,Lower Cupsuptic,7,14,13.99,5208.0,2020,3
Versant Power,Maine,Hancock,Waltham,241,462,1358.23,179887.15,2023,1
Central Maine Power,Maine,Knox,Warren,2245,4413,52493.72,1670903.26,2019,10
Central Maine Power,Maine,Somerset,TAUNTON   RAYNHAM ACADEMY GRANT,608,611,0.0,450708.91,2023,7
Central Maine Power,Maine,Somerset,Jackman,773,2082,3507.28,556923.71,2019,9
Central Maine Power,Maine,Franklin,Perkins,17,35,44.78,12648.0,2020,10
Eastern Maine Power Cooperative,Maine,Aroostook,Sherman,121,153,718.59,65113.17,2023,9
Central Maine Power,Maine,Somerset,New Portland,646,808,10699.25,465120.0,2017,11
Central Maine Power,Maine,Somerset,Harmony,582,857,11678.35,433008.0,2018,5
Versant Power,Maine,Washington,Edmunds Twp,173,402,4171.64,128712.0,2022,12
Versant Power,Maine,Penobscot,Stacyville,140,411,1947.49,104359.89,2020,12
Versant Power,Maine,Penobscot,Corinth,1403,6116,96358.05,1010419.57,2020,4
Central Maine Power,Maine,Franklin,Weld,611,785,1447.02,454868.32,2019,7
Central Maine Power,Maine,Knox,Camden,3798,4536,75362.8,2734984.02,2020,4
Versant Power,Maine,Piscataquis,Brownville,11,37,77.37,7280.33,2017,8
Versant Power,Maine,Unknown,T4 R9 Nwp,272,283,223.08,202525.07,2018,5
Central Maine Power,Maine,Franklin,Dallas Plantation,483,601,633.13,359947.68,2019,12
Versant Power,Maine,Hancock,Great Pond,55,165,559.83,40920.0,2018,3
Versant Power,Maine,Unknown,Ta R7 Wels,10,281,6687.67,7407.33,2017,11
Central Maine Power,Maine,Oxford,Albany,358,812,4469.39,257881.99,2020,4
Central Maine Power,Maine,Oxford,Mexico,1517,1596,6728.97,1128953.81,2021,3
Versant Power,Maine,Hancock,Amherst,167,397,5966.64,124248.0,2019,10
Versant Power,Maine,Washington,Steuben,970,1000,4061.31,722211.61,2020,12
Versant Power,Maine,Washington,Edmunds Twp,170,293,311.18,122400.0,2022,6
Central Maine Power,Maine,Oxford,Peru,1024,1338,4278.24,762587.26,2018,5
Versant Power,Maine,Piscataquis,Sebec,501,692,1131.17,372744.0,2018,1
Central Maine Power,Maine,York,Saco,10222,10424,136002.32,7605038.92,2017,10
Versant Power,Maine,Aroostook,T11 R4 Wels,127,128,85.8,94592.64,2022,1
Central Maine Power,Maine,Kennebec,Wayne,935,1701,5167.43,695880.49,2018,1
Central Maine Power,Maine,Piscataquis,Blanchard Plantation,117,234,1340.03,67350.89,2023,9
Versant Power,Maine,Hancock,Corea,12,47,79.01,8724.9,2018,11
Central Maine Power,Maine,Lincoln,Bremen,667,2459,32700.61,496768.03,2019,10
Central Maine Power,Maine,Oxford,Dixfield,1258,1408,4473.52,935951.99,2018,10
Versant Power,Maine,Unknown,T1 R9 Wels,5051,8907,17644.51,3708278.95,2016,12
Central Maine Power,Maine,Cumberland,Sebago,1778,2387,5157.02,1195114.25,2023,2
Central Maine Power,Maine,Penobscot,Corinth,20,40,75.92,14880.0,2020,5
Central Maine Power,Maine,Franklin,Jim Pond,3,6,3.98,2232.0,2020,3
Central Maine Power,Maine,Knox,Hope,1022,1141,3878.87,735893.66,2019,11
Central Maine Power,Maine,Waldo,Camden,2,6,84.16,1488.0,2022,12
Central Maine Power,Maine,Oxford,Stoneham,383,753,3278.66,284952.0,2019,8
Central Maine Power,Maine,Somerset,Solon,696,942,6744.98,517824.0,2019,1
Central Maine Power,Maine,Waldo,Searsport,1891,3565,27261.3,1406903.94,2022,12
Versant Power,Maine,Unknown,Wallagrass Plt,382,578,846.51,284197.3,2018,10
Versant Power,Maine,Washington,Machias,53,100,143.5,39575.67,2017,10
Versant Power,Maine,Piscataquis,Bowerbank,342,689,7207.64,246240.0,2018,11
Central Maine Power,Maine,Penobscot,Corinna,1214,4577,89709.48,874572.57,2020,4
Versant Power,Maine,Washington,Steuben,875,1178,7244.38,651410.25,2019,10
Central Maine Power,Maine,Somerset,Rockwood Strip T1r1,11,22,34.84,8184.0,2020,5
Versant Power,Maine,Penobscot,Lagrange,391,695,1049.67,281886.53,2020,11
Central Maine Power,Maine,Franklin,Stetsontown,74,397,1524.9,55537.65,2020,8
Central Maine Power,Maine,Somerset,Attean,1,2,3.33,720.0,2019,9
Versant Power,Maine,Unknown,T22 Md,1823,25029,216083.57,1247009.92,2016,12
Versant Power,Maine,Unknown,Edmunds Twp,17992,41937,107496.52,3258457.41,2016,12
Central Maine Power,Maine,Somerset,Mercer,472,1412,1387.24,339840.0,2021,6
Central Maine Power,Maine,Oxford,Lincoln Plantation,86,87,0.0,62404.02,2023,7
Central Maine Power,Maine,Somerset,Moose River,189,567,1449.22,136080.0,2021,4
Versant Power,Maine,Piscataquis,Derby,93,1410,33840.0,66960.0,2017,11
Central Maine Power,Maine,Somerset,Misery Gore,10,260,6166.76,7440.0,2018,3
Eastern Maine Power Cooperative,Maine,Penobscot,Springfield,1110,1133,186.95,826567.41,2021,8
Versant Power,Maine,Aroostook,Castle Hill,240,7080,168229.63,178560.0,2017,12
Central Maine Power,Maine,Franklin,Industry,582,2028,35062.85,419600.98,2020,4
Versant Power,Maine,Penobscot,Mattamiscontis Twp,19,56,898.66,917.33,2017,10
Versant Power,Maine,Unknown,Larrabee,17,36,205.36,12648.0,2018,8
Versant Power,Maine,Penobscot,Maxfield,66,115,975.69,49104.0,2020,10
Versant Power,Maine,Unknown,T 3 R 9 Nwp,1,29,679.84,744.0,2017,12
Central Maine Power,Maine,Penobscot,Kenduskeag,144,488,2281.71,107714.56,2022,12
Eastern Maine Power Cooperative,Maine,Penobscot,Unknown,1506,4202,12592.83,1088264.87,2018,11
Central Maine Power,Maine,Somerset,Sapling,24,48,84.7,17856.0,2022,1
Central Maine Power,Maine,Piscataquis,Little Squaw,150,382,933.62,108000.0,2018,11
Central Maine Power,Maine,Somerset,Long Pond,94,567,4521.82,68085.83,2018,11
Central Maine Power,Maine,York,Eliot,3847,3912,32300.73,2862414.84,2020,12
Versant Power,Maine,Hancock,Harborside,191,192,171.95,142104.0,2019,3
Central Maine Power,Maine,Knox,Warren,2265,4889,74057.83,1631275.16,2020,4
Eastern Maine Power Cooperative,Maine,Aroostook,Macwahoc,32,157,306.63,23030.1,2022,2
Central Maine Power,Maine,Somerset,The Forks Plantation,210,420,813.46,156240.0,2018,8
Versant Power,Maine,Aroostook,Sherman,459,1001,693.13,331046.09,2022,11
Central Maine Power,Maine,Oxford,Fryeburg,2241,4295,53794.75,1667318.63,2017,10
Central Maine Power,Maine,Oxford,Upton,183,367,1247.84,136244.84,2021,10
Central Maine Power,Maine,Franklin,Wyman,163,4299,99611.5,117360.0,2017,11
Versant Power,Maine,Unknown,T4 Indian Purchase Twp,240,356,994.74,178560.0,2018,10
Central Maine Power,Maine,Somerset,West Forks Plantation,126,465,2002.5,93744.0,2022,12
Central Maine Power,Maine,Oxford,Grafton,2,6,55.32,1488.0,2018,5
Central Maine Power,Maine,Penobscot,Stetson,725,1539,9909.07,540148.38,2022,12
Central Maine Power,Maine,Knox,Cushing,1020,2318,34285.95,758962.13,2019,10
Versant Power,Maine,Washington,Dennysville,193,194,0.16,138787.59,2023,4
Versant Power,Maine,Hancock,Castine,1,4,8.52,744.0,2021,10
Central Maine Power,Maine,Kennebec,Smithfield,2,4,11.84,1440.0,2021,6
Versant Power,Maine,Aroostook,Masardis,196,242,573.36,146290.3,2021,12
Central Maine Power,Maine,Cumberland,Denmark,2,8,116.98,1488.0,2022,12
Central Maine Power,Maine,Knox,St George,2416,3584,4586.7,1770656.97,2023,7
Central Maine Power,Maine,Piscataquis,Big Squaw,68,73,124.2,50605.84,2019,8
Versant Power,Maine,Hancock,Cranberry Isles,419,599,6338.89,304648.73,2023,5
Versant Power,Maine,Unknown,Dover-foxcroft,11,14,76.35,7920.0,2018,11
Central Maine Power,Maine,Somerset,Taunton & Raynham Academy Grant,591,1829,2489.54,426064.86,2020,11
Central Maine Power,Maine,Somerset,Caratunk Plantation,179,265,3334.66,120531.81,2022,2
Versant Power,Maine,Hancock,Waltham,203,209,175.2,151032.0,2018,8
Central Maine Power,Maine,Androscoggin,Hebron,3,9,5.48,2160.0,2022,6
Versant Power,Maine,Washington,Edmunds Twp,171,269,354.3,127224.0,2022,1
Central Maine Power,Maine,Waldo,Searsport,1775,3551,58534.83,1320879.13,2017,10
Central Maine Power,Maine,Piscataquis,Sebec,18,106,1738.24,12960.0,2020,4
Versant Power,Maine,Penobscot,Bradley,779,1057,2183.21,561208.62,2021,6
Versant Power,Maine,Penobscot,Lagrange,397,921,6189.45,285840.0,2019,11
Versant Power,Maine,Unknown,Woodville,1939,4274,9467.21,1440229.69,2017,1
Central Maine Power,Maine,Lincoln,Westport,615,1272,6834.04,458199.37,2018,3
Versant Power,Maine,Unknown,T8 Sd,15,17,28.28,11846.98,2019,10
Central Maine Power,Maine,Somerset,Anson,722,2083,3923.05,537448.45,2020,7
Central Maine Power,Maine,Franklin,Alder Stream,10,12,26.01,7606.99,2018,9
Versant Power,Maine,Hancock,Waltham,249,361,558.8,139202.63,2023,9
Central Maine Power,Maine,Waldo,Montville,579,1426,21965.16,430785.33,2017,10
Central Maine Power,Maine,Franklin,Salem,190,382,274.26,141716.04,2020,10
Central Maine Power,Maine,Kennebec,Sidney,2198,4270,75585.32,1636034.98,2017,10
Central Maine Power,Maine,Somerset,Harmony,580,1310,21207.83,431520.0,2017,10
Central Maine Power,Maine,Oxford,Adamstown,63,64,32.16,47020.81,2022,7
Central Maine Power,Maine,York,Alfred,1608,2401,1679.93,1196936.16,2018,8
Central Maine Power,Maine,Oxford,Lower Cupsuptic,8,32,273.16,5952.0,2017,10
Central Maine Power,Maine,Oxford,Sweden,385,451,2211.32,286484.05,2019,1
Central Maine Power,Maine,Franklin,Davis,37,141,1508.25,27528.0,2022,12
Eastern Maine Power Cooperative,Maine,Penobscot,Stacyville,21,30,30.12,14243.41,2022,2
Versant Power,Maine,Hancock,T7 Sd Bpp,23,47,431.89,11534.28,2020,4
Central Maine Power,Maine,Hancock,Penobscot,855,1468,3815.61,636847.03,2021,10
Central Maine Power,Maine,Franklin,Madrid,211,326,464.33,141792.0,2023,2
Versant Power,Maine,Hancock,Hancock,1006,1129,11014.08,724319.98,2018,11
Versant Power,Maine,Aroostook,Westmanland,121,259,568.95,87120.0,2022,11
Eastern Maine Power Cooperative,Maine,Penobscot,Lakeville,192,326,0.0,137425.26,2021,9
Central Maine Power,Maine,Hancock,Ellsworth,5,10,108.83,3600.0,2019,11
Central Maine Power,Maine,Somerset,Harmony,604,2579,52703.46,449676.23,2020,12
Versant Power,Maine,Hancock,Amherst,166,488,915.54,124156.65,2021,7
Central Maine Power,Maine,Oxford,Peru,1046,1136,4707.61,779009.56,2022,10
Central Maine Power,Maine,Lincoln,Alna,391,611,11199.83,291645.67,2017,10
Central Maine Power,Maine,Somerset,Mercer,458,473,482.3,341023.32,2019,8
Central Maine Power,Maine,Piscataquis,Kingsbury Plantation,48,215,4545.56,35712.0,2020,12
Versant Power,Maine,Hancock,Sedgwick,903,1029,2686.44,672154.96,2021,10
Central Maine Power,Maine,Penobscot,Newburgh,62,64,524.1,44640.0,2019,11
Central Maine Power,Maine,Androscoggin,OXFORD,3,8,12.39,2056.15,2021,9
Versant Power,Maine,Penobscot,Patten,386,645,268.96,277920.0,2022,11
Versant Power,Maine,Hancock,Brooklin,905,3444,38292.8,673319.93,2022,12
Central Maine Power,Maine,Penobscot,Kenduskeag,131,262,498.95,97464.0,2020,5
Central Maine Power,Maine,Androscoggin,Livermore,1320,1959,1651.96,982195.16,2021,1
Eastern Maine Power Cooperative,Maine,Aroostook,Littleton,448,921,995.0,328578.33,2022,7
Versant Power,Maine,Hancock,Surry,1207,1312,7026.74,898110.96,2019,8
Versant Power,Maine,Washington,Harrington,31,448,10460.73,23064.0,2017,12
Central Maine Power,Maine,Somerset,Moxie Gore,27,84,882.11,19440.0,2019,11
Versant Power,Maine,Washington,Perry,408,471,345.38,274806.79,2022,2
Central Maine Power,Maine,Sagadahoc,Bowdoinham,1651,3067,35139.99,1228621.57,2022,12
Versant Power,Maine,Piscataquis,Bowerbank,341,1068,12561.71,253795.16,2018,10
Versant Power,Maine,Hancock,Deer Isle,443,3809,59621.91,327456.3,2017,10
Versant Power,Maine,Aroostook,Littleton,386,5726,135084.99,287184.0,2018,1
Versant Power,Maine,Washington,Steuben,938,1861,22040.61,675867.74,2020,4
Versant Power,Maine,Unknown,Dover-foxcroft,11,15,5.67,8184.0,2019,8
Central Maine Power,Maine,Somerset,Rockwood Strip T1r1,11,55,910.79,8184.0,2020,12
Versant Power,Maine,Aroostook,Madawaska Lake Twp,257,508,411.45,185040.0,2022,9
Versant Power,Maine,Unknown,Hancock Point,33,66,191.23,24552.0,2018,3
Versant Power,Maine,Aroostook,Ludlow,16,496,11904.0,11904.0,2017,12
Central Maine Power,Maine,Franklin,Temple,322,1058,7273.67,239568.0,2018,10
Central Maine Power,Maine,Androscoggin,Lewiston,18759,23156,174829.49,13957082.08,2020,12
Central Maine Power,Maine,Cumberland,Gray,4647,10119,117465.59,3345839.78,2017,11
Central Maine Power,Maine,Cumberland,Bridgton,5118,7552,27501.95,3808363.68,2020,8
Central Maine Power,Maine,Franklin,Stetsontown,72,147,249.18,52494.98,2021,6
Central Maine Power,Maine,Oxford,Otisfield,1517,1898,16865.85,1092427.45,2019,11
Central Maine Power,Maine,Piscataquis,Frenchtown,121,122,0.0,89629.0,2023,7
Central Maine Power,Maine,Somerset,Sapling,24,69,136.45,17856.0,2021,10
Central Maine Power,Maine,Franklin,Carthage,340,1274,10744.54,244800.0,2019,11
Central Maine Power,Maine,Cumberland,Standish,5343,8903,45281.39,3975783.69,2022,7
Central Maine Power,Maine,Lincoln,Westport,623,793,1267.15,448617.63,2019,4
Central Maine Power,Maine,Cumberland,Harrison,2011,2628,38157.0,1483161.96,2017,10
Versant Power,Maine,Penobscot,Milford,14,83,268.67,8747.33,2017,8
Versant Power,Maine,Penobscot,Burlington,248,621,5444.98,185071.81,2020,12
Central Maine Power,Maine,Somerset,Tomhegan,237,579,870.46,177025.98,2021,12
Central Maine Power,Maine,Somerset,Mercer,463,1111,1720.47,345132.35,2020,8
Central Maine Power,Maine,Knox,Washington,952,1003,6872.41,685970.21,2020,9
Central Maine Power,Maine,Androscoggin,Sabattus,2611,3269,31269.36,1943252.52,2022,12
Versant Power,Maine,Hancock,Great Pond,66,125,0.38,48486.0,2023,7
Versant Power,Maine,Hancock,Islesford,188,571,5436.0,139872.0,2018,3
Versant Power,Maine,Hancock,Bucksport,157,162,317.62,113040.0,2023,4
Central Maine Power,Maine,Cumberland,Pownal,837,1644,7024.46,622927.53,2022,10
Versant Power,Maine,Unknown,Saint John,162,320,5200.0,120528.0,2017,10
Central Maine Power,Maine,Waldo,Islesboro,996,2102,3695.49,741023.99,2020,10
Versant Power,Maine,Penobscot,Lee,596,603,412.19,429250.14,2021,6
Versant Power,Maine,Unknown,"T15, R5, 6,8,9",2,12,0.0,2646.93,2019,11
Central Maine Power,Maine,Oxford,Sumner,566,576,8330.97,407520.0,2017,11
Versant Power,Maine,Washington,Jonesport,10,23,44.0,7440.0,2017,10
Central Maine Power,Maine,Somerset,Jackman,775,1451,16325.92,558175.46,2019,11
Versant Power,Maine,Penobscot,Argyle Twp,144,319,5184.85,103901.34,2020,4
Central Maine Power,Maine,York,York,10359,11881,192764.61,7710708.66,2017,10
Versant Power,Maine,Hancock,Brooklin,949,1626,7031.91,683279.98,2019,11
Central Maine Power,Maine,Waldo,Islesboro,980,2364,25642.38,706046.49,2018,11
Versant Power,Maine,Washington,Berry Twp,5,6,7.97,3600.0,2022,4
Versant Power,Maine,Hancock,Fletchers Landing,0,1,0.0,0.0,2020,4
Versant Power,Maine,Penobscot,Edinburg,79,81,129.91,59190.29,2022,1
Versant Power,Maine,Hancock,Waltham,222,488,929.1,149184.0,2019,2
Versant Power,Maine,Hancock,Stonington,1182,2586,7957.72,879737.25,2022,1
Central Maine Power,Maine,Hancock,Bucksport,2742,4586,44241.92,2040194.82,2022,12
Versant Power,Maine,Penobscot,Maxfield,67,110,304.62,45145.98,2022,2
Central Maine Power,Maine,Lincoln,South Bristol,1167,1328,3502.56,840365.54,2022,4
Central Maine Power,Maine,Franklin,Phillips,695,1480,22438.85,517567.95,2019,10
Eastern Maine Power Cooperative,Maine,Aroostook,Linneus,1533,1535,1538.84,1140851.38,2022,1
Versant Power,Maine,Hancock,Otter Creek,159,2608,62183.17,62183.17,2017,10
Versant Power,Maine,Penobscot,Dedham,874,898,289.32,650256.0,2018,5
Versant Power,Maine,Washington,Berry Twp,5,10,7.84,3600.0,2020,6
Central Maine Power,Maine,Cumberland,Sebago,1737,4377,35549.24,1292547.43,2020,8
Central Maine Power,Maine,Waldo,Islesboro,944,2491,5158.5,679680.0,2017,11
Central Maine Power,Maine,Waldo,Palermo,1011,1050,8637.84,728531.3,2019,11
Versant Power,Maine,Hancock,Cranberry Isles,420,458,121.52,312871.68,2023,1
Central Maine Power,Maine,Oxford,Norway,3419,7887,124905.9,2544413.61,2022,12
Central Maine Power,Maine,Franklin,Davis,33,101,1222.3,24003.34,2018,11
Central Maine Power,Maine,Kennebec,West Gardiner,1909,3354,44060.4,1374852.08,2020,4
Central Maine Power,Maine,Sagadahoc,Bowdoin,1475,1794,1202.69,1098083.94,2021,12
Versant Power,Maine,Unknown,T8 Sd,5,10,10.01,3600.0,2018,6
Versant Power,Maine,Penobscot,Orono,52,250,604.5,36974.83,2017,9
Versant Power,Maine,Hancock,Sullivan,914,1000,1956.53,658262.14,2020,9
Versant Power,Maine,Aroostook,Oxbow North Twp,72,73,172.58,52528.62,2021,11
Versant Power,Maine,Hancock,Sunset,17,68,90.66,12240.0,2018,4
Versant Power,Maine,Hancock,Sunset,17,34,538.0,614.83,2017,10
Central Maine Power,Maine,Penobscot,Levant,1373,1392,8356.18,1021823.96,2020,8
Central Maine Power,Maine,Somerset,Attean,1,2,0.84,744.0,2020,5
Central Maine Power,Maine,Lincoln,WARREN,2,3,0.0,1892.16,2023,3
Central Maine Power,Maine,Kennebec,Mt Vernon,1312,1441,5816.01,976599.64,2018,5
Central Maine Power,Maine,York,Lyman,2416,5537,16293.77,1798185.39,2022,10
Versant Power,Maine,Penobscot,Veazie,929,935,331.57,669035.82,2019,6
Central Maine Power,Maine,Oxford,Grafton,2,4,5.33,1488.0,2019,5
Central Maine Power,Maine,Piscataquis,Little Squaw,139,156,365.18,79945.62,2023,9
Central Maine Power,Maine,Franklin,Wyman,162,408,1537.04,121270.6,2020,12
Versant Power,Maine,Hancock,Bar Harbor,856,887,10771.37,616319.99,2017,11
Central Maine Power,Maine,Somerset,Starks,311,1835,15824.46,231507.3,2022,12
Central Maine Power,Maine,Somerset,Mercer,459,933,15700.1,330486.17,2019,11
Central Maine Power,Maine,Cumberland,Sebago,1764,4146,15571.4,1312349.29,2022,7
Central Maine Power,Maine,Somerset,Moose River,188,808,2211.17,140339.69,2021,3
Versant Power,Maine,Aroostook,Grand Isle,95,285,285.83,16734.83,2017,8
Central Maine Power,Maine,Somerset,Tomhegan,313,1553,6934.49,225360.0,2019,11
Versant Power,Maine,Aroostook,T16 R5 Wels,31,60,85.3,23064.0,2022,1
Versant Power,Maine,Penobscot,Orono,610,12943,103464.3,434372.92,2017,10
Central Maine Power,Maine,Somerset,Parlin Pond,26,52,420.49,18720.0,2018,11
Eastern Maine Power Cooperative,Maine,Penobscot,Drew,302,690,2449.41,224688.0,2022,12
Versant Power,Maine,Penobscot,Enfield,631,1149,5356.14,469464.0,2019,10
Central Maine Power,Maine,Cumberland,Frye Island,538,730,4509.67,387472.17,2017,11
Eastern Maine Power Cooperative,Maine,Washington,Princeton,112,628,1415.14,75927.45,2020,2
Central Maine Power,Maine,Somerset,Brassua,1,4,6.83,720.0,2019,11
Central Maine Power,Maine,Somerset,Norridgewock,1736,5462,90810.02,1250387.18,2020,4
Versant Power,Maine,Piscataquis,Derby,93,704,14479.77,69192.0,2018,1
Versant Power,Maine,Hancock,Hancock,1663,2133,21063.43,1197359.94,2019,11
Central Maine Power,Maine,Waldo,Monroe,536,2344,36679.5,385920.0,2017,11
Versant Power,Maine,Penobscot,Eddington,3,9,16.5,1677.33,2017,8
Versant Power,Maine,Aroostook,Hamlin,106,315,507.23,76320.0,2019,9
Central Maine Power,Maine,Franklin,Stetsontown,75,318,3120.69,54000.0,2018,11
Versant Power,Maine,Penobscot,Greenfield Twp,141,427,6944.0,101520.0,2017,11
Versant Power,Maine,Penobscot,Clifton,627,747,3920.01,466488.0,2018,10
Central Maine Power,Maine,Somerset,TAUNTON   RAYNHAM ACADEMY GRANT,603,1230,6282.86,405423.92,2022,2
Central Maine Power,Maine,Oxford,Andover,649,742,5435.88,482855.99,2019,10
Versant Power,Maine,Unknown,T9 Sd,16,434,10416.0,11904.0,2018,1
Central Maine Power,Maine,Franklin,Strong,712,865,1607.79,529910.98,2018,7
Central Maine Power,Maine,Somerset,The Forks Plantation,204,616,2850.05,151776.0,2022,5
Central Maine Power,Maine,Penobscot,Glenburn,210,258,75.19,150846.39,2023,6
Versant Power,Maine,Penobscot,Dedham,1352,2428,26719.46,729349.27,2023,9
Versant Power,Maine,Penobscot,Edinburg,69,141,2158.63,49680.0,2019,11
Versant Power,Maine,Piscataquis,Lake View Plt,475,479,3308.51,353986.36,2021,3
Central Maine Power,Maine,Waldo,Liberty,824,1305,11048.39,613523.65,2019,10
Central Maine Power,Maine,Franklin,Industry,568,1546,10277.34,423012.66,2017,10
Central Maine Power,Maine,Waldo,Monroe,554,561,1037.66,399580.15,2022,9
Central Maine Power,Maine,Franklin,Davis,37,53,309.06,27528.0,2022,5
Central Maine Power,Maine,Waldo,Knox,407,1132,13211.12,293040.0,2017,11
Central Maine Power,Maine,Hancock,Castine,788,838,3623.42,586314.7,2021,3
Versant Power,Maine,Piscataquis,Barnard Twp,38,40,0.17,28811.33,2019,8
Central Maine Power,Maine,Franklin,Weld,613,805,1521.8,456219.82,2019,8
Central Maine Power,Maine,Somerset,Cambridge,269,444,4590.77,200402.64,2017,12
Versant Power,Maine,Hancock,East Blue Hill,30,67,33.8,22176.0,2017,9
Central Maine Power,Maine,Piscataquis,Big Squaw,68,215,766.79,49678.99,2019,11
Versant Power,Maine,Hancock,Islesford,189,193,931.36,136569.82,2018,11
Central Maine Power,Maine,Kennebec,Bowdoin,2,4,6.32,502.95,2021,4
Central Maine Power,Maine,Kennebec,Pittston,1473,1537,3575.81,1096160.41,2021,8
Central Maine Power,Maine,Waldo,Brooks,631,1881,1682.99,469541.66,2020,7
Central Maine Power,Maine,Somerset,Hartland,1145,3922,84557.47,824702.64,2020,4
Central Maine Power,Maine,Franklin,Avon,290,602,592.93,215760.0,2022,3
Central Maine Power,Maine,Kennebec,WALES,3,7,60.32,2232.0,2022,12
Central Maine Power,Maine,Franklin,Kingfield,837,1512,4598.76,582551.99,2020,2
Versant Power,Maine,Penobscot,Millinocket,998,1378,2347.5,709655.5,2017,9
Eastern Maine Power Cooperative,Maine,Washington,Alexander,19,22,3.84,3413.68,2020,1
Versant Power,Maine,Penobscot,Clifton,544,676,10408.93,405475.65,2020,12
Central Maine Power,Maine,Lincoln,Bremen,667,1214,9010.25,480847.31,2019,11
Versant Power,Maine,Penobscot,Seboeis Plt,55,110,709.49,39600.0,2019,4
Central Maine Power,Maine,Sagadahoc,Arrowsic,310,366,425.4,231272.85,2021,10
Central Maine Power,Maine,Cumberland,Chebeague Island,581,592,63.04,432656.78,2021,3
Central Maine Power,Maine,Sagadahoc,Phippsburg,2042,6796,60939.39,1470727.75,2020,4
Versant Power,Maine,Unknown,T3 Indian Purchase,89,102,142.13,66339.0,2017,12
Versant Power,Maine,Unknown,"T15, R5, 6,8,9",114,127,1249.26,82681.29,2018,11
Versant Power,Maine,Penobscot,Lowell,265,460,924.04,197160.0,2023,1
Versant Power,Maine,Penobscot,Maxfield,66,84,1269.89,49104.0,2020,12
Eastern Maine Power Cooperative,Maine,Penobscot,Drew,151,302,299.9,109481.02,2022,5
Central Maine Power,Maine,Piscataquis,Dover-foxcroft,2659,5501,79399.05,1914523.76,2020,4
Versant Power,Maine,Washington,Pembroke,538,1505,2262.65,387876.01,2022,4
Central Maine Power,Maine,Somerset,Brighton Plantation,50,200,3433.22,36000.0,2020,4
Central Maine Power,Maine,Waldo,Stockton Springs,1134,1235,3143.63,817006.65,2021,6
Central Maine Power,Maine,Franklin,Davis,35,75,805.64,26040.0,2020,7
Central Maine Power,Maine,Waldo,Belmont,522,541,2857.71,375840.0,2020,9
Versant Power,Maine,Hancock,Aurora,101,360,4456.23,75748.66,2022,12
Central Maine Power,Maine,York,Scarborough,13,26,136.44,9672.0,2022,12
Central Maine Power,Maine,Androscoggin,Sabattus,2605,3090,14438.6,1938183.12,2022,10
Central Maine Power,Maine,Piscataquis,Elliottsville,97,98,115.52,72168.0,2019,7
Versant Power,Maine,Hancock,Mariaville,445,807,3556.24,319879.9,2023,7
Versant Power,Maine,Aroostook,T28 Md Bpp,22,44,157.61,17008.52,2021,10
Versant Power,Maine,Unknown,T1 R8 Wels,4239,5400,5403.14,3136349.82,2017,3
Central Maine Power,Maine,Androscoggin,Lisbon,4673,5807,49956.49,3477123.38,2020,8
Versant Power,Maine,Unknown,Township 8,61,1830,43920.0,43920.0,2017,11
Versant Power,Maine,Aroostook,Littleton,386,11811,283464.0,287184.0,2017,12
Central Maine Power,Maine,Franklin,Perkins,19,570,13680.0,13680.0,2017,11
Central Maine Power,Maine,Oxford,Magalloway Plantation,74,226,136.16,55056.0,2018,7
Versant Power,Maine,Penobscot,T4 Indian Purchase Twp,257,361,535.85,185040.0,2022,11
Central Maine Power,Maine,Somerset,Parlin Pond,26,29,38.84,18720.0,2020,4
Central Maine Power,Maine,Cumberland,Sebago,1699,3804,28213.62,1223765.92,2019,11
Central Maine Power,Maine,Somerset,Rockwood Strip T1r1,11,22,110.84,7392.0,2022,2
Central Maine Power,Maine,York,Shapleigh,2386,2478,19956.59,1717960.52,2020,6
Versant Power,Maine,Penobscot,Lee,593,1194,9102.39,427350.04,2020,4
Central Maine Power,Maine,Piscataquis,Shirley,216,6696,160704.0,160704.0,2017,12
Versant Power,Maine,Aroostook,Eagle Lake,173,765,892.5,45662.5,2017,8
Versant Power,Maine,Unknown,Chester,1014,1015,2596.02,182840.7,2016,11
Central Maine Power,Maine,Penobscot,Levant,1399,1782,2681.48,1007287.53,2021,9
Central Maine Power,Maine,Penobscot,Plymouth,732,775,1344.51,542729.99,2017,9
Versant Power,Maine,Unknown,Manset,5987,34489,164899.33,4247126.25,2016,12
Versant Power,Maine,Unknown,Township 8,61,132,142.11,43920.0,2018,6
Versant Power,Maine,Penobscot,Dexter,9,123,1246.79,6890.67,2017,10
Versant Power,Maine,Hancock,Brooklin,911,1064,6514.62,678206.58,2022,1
Versant Power,Maine,Aroostook,T9 R3 Wels,21,24,241.0,15624.0,2021,3
Central Maine Power,Maine,Waldo,Palermo,1037,1639,17501.76,771792.82,2020,10
Versant Power,Maine,Piscataquis,Medford,109,362,4298.33,81709.0,2017,10
Versant Power,Maine,Waldo,Winterport,308,373,2211.22,221760.0,2019,11
Versant Power,Maine,Penobscot,Chester,315,335,168.24,226800.0,2020,6
Eastern Maine Power Cooperative,Maine,Washington,Forest City Landing,4,8,40.14,1951.58,2022,2
Versant Power,Maine,Hancock,Osborn,41,120,1694.0,30134.05,2020,4
Versant Power,Maine,Washington,Machiasport,282,445,4358.49,208818.87,2018,3
Versant Power,Maine,Unknown,Enfield,2980,30352,264374.45,1142749.11,2016,12
Versant Power,Maine,Washington,Machias,797,943,11073.3,574683.07,2018,11
Versant Power,Maine,Hancock,Otis,810,3095,29039.85,603199.18,2022,12
Central Maine Power,Maine,Hancock,Penobscot,868,994,1159.87,646147.25,2022,7
Central Maine Power,Maine,Kennebec,Fayette,963,3744,40832.02,716829.92,2022,12
Central Maine Power,Maine,Cumberland,Sebago,1778,3410,7520.06,1322831.95,2023,1
Versant Power,Maine,Hancock,Eastbrook,500,799,15282.57,360000.0,2017,11
Central Maine Power,Maine,Franklin,Livermore,3,9,11.98,2229.29,2023,5
Central Maine Power,Maine,Cumberland,Harpswell,4682,4790,1321.91,3146807.8,2022,2
Versant Power,Maine,Aroostook,Benedicta,188,376,723.49,135360.0,2018,6
Central Maine Power,Maine,Piscataquis,Elliottsville,95,98,224.09,70808.31,2020,7
Versant Power,Maine,Washington,Roque Bluffs,289,295,189.54,215747.31,2020,12
Versant Power,Maine,Aroostook,Madawaska Lake Twp,254,1008,13154.27,189258.79,2022,12
Versant Power,Maine,Aroostook,Monticello,341,365,1192.29,253720.96,2020,12
Central Maine Power,Maine,Somerset,Brassua,1,2,1.5,744.0,2018,7
Central Maine Power,Maine,Oxford,Sweden,385,763,3136.58,286440.0,2018,1
Versant Power,Maine,Hancock,Fletchers Landing Twp,99,108,188.55,73656.0,2022,1
Central Maine Power,Maine,Waldo,Thorndike,415,548,2056.63,309283.99,2019,10
Versant Power,Maine,Washington,Harrington,687,823,909.66,495088.85,2022,4
Versant Power,Maine,Aroostook,Woodland,340,690,238.62,253161.83,2018,7
Versant Power,Maine,Washington,Cutler,427,431,147.9,307733.66,2018,4
Central Maine Power,Maine,Piscataquis,Kingsbury Plantation,44,1016,21746.84,31680.0,2017,11
Versant Power,Maine,Penobscot,Glenburn,2022,2099,3514.84,1455839.98,2018,4
Central Maine Power,Maine,Oxford,Upton,188,378,1074.89,139899.47,2022,8
Central Maine Power,Maine,Kennebec,Oakland,3690,6591,116357.38,2657281.36,2020,4
Central Maine Power,Maine,Somerset,Highland Plantation,44,1190,26556.26,32878.66,2017,12
Versant Power,Maine,Washington,Pembroke,267,538,280.01,192142.33,2017,10
Central Maine Power,Maine,York,Newfield,1259,2440,5897.34,906563.2,2019,4
Versant Power,Maine,Hancock,Otter Creek,163,1964,45709.45,121272.0,2017,12
Central Maine Power,Maine,Knox,St George,2327,4318,49346.53,1732020.45,2017,10
Versant Power,Maine,Penobscot,Hampden,3714,5174,12544.65,2674079.92,2019,6
Versant Power,Maine,Hancock,Islesford,191,198,1025.11,137520.0,2019,11
Eastern Maine Power Cooperative,Maine,Aroostook,New Limerick,3,5,2.0,2160.0,2022,9
Versant Power,Maine,Hancock,Salsbury Cove,393,800,5336.29,282960.0,2018,11
Central Maine Power,Maine,Waldo,Belmont,536,540,991.23,386439.59,2022,9
Versant Power,Maine,Aroostook,Benedicta Twp,194,233,90.89,144686.99,2023,1
Versant Power,Maine,Unknown,Derby,4301,9427,1571.16,3062075.27,2017,6
Central Maine Power,Maine,Oxford,Stoneham,383,463,1594.63,284952.0,2019,7
Central Maine Power,Maine,Somerset,Canaan,1173,2513,42411.65,872718.99,2017,10
Central Maine Power,Maine,York,Lebanon,3115,7243,125036.97,2242799.91,2017,11
Central Maine Power,Maine,Somerset,Sapling,14,305,6874.67,10080.0,2017,11
Central Maine Power,Maine,Lincoln,Bremen,673,1011,13931.82,501259.53,2020,12
Versant Power,Maine,Unknown,T19 Md Bpp,26,237,3634.02,19860.4,2018,3
Central Maine Power,Maine,Oxford,Milton,76,102,1589.39,56544.0,2019,10
Central Maine Power,Maine,Waldo,Liberty,809,816,753.82,601896.0,2020,5
Central Maine Power,Maine,Somerset,Moose River,206,214,162.59,148320.0,2020,4
Central Maine Power,Maine,Somerset,Tomhegan,315,316,262.19,234724.64,2019,3
Central Maine Power,Maine,Hancock,Castine,764,1466,25172.74,550244.01,2020,4
Versant Power,Maine,Hancock,Sunset,4,14,0.0,3561.67,2020,3
Central Maine Power,Maine,Franklin,Madrid,211,466,443.23,156984.0,2022,3
Central Maine Power,Maine,Piscataquis,Harfords Point,139,140,811.57,100080.0,2020,6
Versant Power,Maine,Aroostook,Saint John Plt,164,483,751.08,122016.0,2022,1
Central Maine Power,Maine,Knox,Union,1505,3679,27634.33,1120250.62,2022,12
Central Maine Power,Maine,Lincoln,Alna,409,410,811.86,294552.61,2019,4
Versant Power,Maine,Hancock,Sunset,17,31,744.0,12648.0,2017,12
Versant Power,Maine,Piscataquis,Long A Twp,58,92,0.0,42797.23,2023,5
Central Maine Power,Maine,Kennebec,Readfield,1583,3603,50743.23,1177989.41,2020,12
Versant Power,Maine,Penobscot,Mattamiscontis Twp,37,38,52.06,26640.0,2019,11
Central Maine Power,Maine,Kennebec,Pittston,1453,2671,40739.74,1046630.82,2020,4
Versant Power,Maine,Hancock,Hulls Cove,30,34,35.67,22532.0,2017,8
Versant Power,Maine,Washington,Northfield,100,219,348.4,76078.41,2018,1
Versant Power,Maine,Hancock,Fletchers Landing Twp,20,42,43.53,14400.0,2018,6
Versant Power,Maine,Aroostook,T11 R4 Wels,127,635,8314.74,94900.85,2022,12
Versant Power,Maine,Hancock,Fletchers Landing Twp,20,64,387.67,14400.0,2018,11
Central Maine Power,Maine,Sagadahoc,Phippsburg,2042,2671,9400.88,1519804.79,2020,3
Versant Power,Maine,Hancock,Bar Harbor,880,2229,15099.96,633842.81,2018,11
Central Maine Power,Maine,York,Kennebunkport,3664,5684,57250.87,2726147.93,2019,10
Central Maine Power,Maine,Oxford,Gilead,176,256,1874.28,131599.17,2018,5
Versant Power,Maine,Unknown,T1 R9 Wels,335,951,7345.46,249240.0,2018,10
Central Maine Power,Maine,Oxford,Waterford,1522,2809,7863.74,1095889.4,2021,9
Central Maine Power,Maine,Androscoggin,Fryeburg,1,3,2.51,744.0,2021,1
Central Maine Power,Maine,Oxford,Upton,184,361,1097.67,132480.0,2021,11
Central Maine Power,Maine,Somerset,Taunton Raynham Academy Grant,593,1207,4328.79,411033.49,2021,3
Versant Power,Maine,Penobscot,Garland,492,1029,2986.5,354240.0,2018,4
Central Maine Power,Maine,Franklin,Dixfield,22,54,236.07,16733.26,2022,12
Versant Power,Maine,Hancock,Harborside,190,560,2253.29,141779.99,2018,3
Central Maine Power,Maine,Somerset,Sapling,14,56,33.06,10416.0,2018,5
Central Maine Power,Maine,Somerset,Starks,302,589,5853.36,217440.0,2018,11
Versant Power,Maine,Penobscot,Veazie,216,1805,31858.5,31963.33,2017,10
Versant Power,Maine,Hancock,Southwest Harbor,33,60,80.67,24117.0,2017,9
Versant Power,Maine,Penobscot,Eddington,1362,3653,47380.26,980639.96,2019,11
Central Maine Power,Maine,Oxford,Gilead,175,2196,49918.0,126000.0,2017,11
Central Maine Power,Maine,Oxford,Andover,659,728,5892.8,490548.55,2020,12
Versant Power,Maine,Penobscot,Dexter,43,86,174.53,28896.0,2023,2
Versant Power,Maine,Penobscot,Lincoln,1856,1973,4182.82,1376071.95,2019,1
Central Maine Power,Maine,Somerset,Clinton,4,6,10.02,2880.0,2021,9
Versant Power,Maine,Unknown,Marion Twp,4594,17113,24304.03,3312536.27,2016,12
Central Maine Power,Maine,Somerset,Tomhegan,241,248,648.62,173278.62,2023,4
Central Maine Power,Maine,Franklin,Sandy River Plantation,384,602,9113.75,277136.34,2019,11
Versant Power,Maine,Hancock,Amherst,168,728,7634.77,125190.8,2022,12
Central Maine Power,Maine,Sagadahoc,Arrowsic,307,846,12070.32,228447.67,2019,10
Versant Power,Maine,Penobscot,Millinocket,2700,2876,2337.61,1814834.91,2021,2
Central Maine Power,Maine,Piscataquis,Frenchtown,112,123,249.92,80640.0,2020,11
Versant Power,Maine,Piscataquis,Atkinson,182,213,1007.67,122515.94,2023,2
Central Maine Power,Maine,Cumberland,Baldwin,868,1137,9911.07,646038.13,2020,8
Central Maine Power,Maine,Waldo,Palermo,1071,2041,21110.85,797517.26,2022,12
Versant Power,Maine,Aroostook,Hamlin,108,109,308.98,80694.14,2020,12
Versant Power,Maine,Penobscot,Millinocket,1197,1249,6250.16,890567.98,2017,10
Versant Power,Maine,Penobscot,Passadumkeag,51,105,89.85,36876.94,2018,4
Central Maine Power,Maine,Cumberland,Baldwin,847,1026,1972.09,630588.91,2019,3
Central Maine Power,Maine,Kennebec,Litchfield,2181,2797,26809.12,1622817.82,2020,8
Central Maine Power,Maine,Penobscot,Hampden,18,28,287.52,14011.93,2020,12
Versant Power,Maine,Washington,T30 Md Bpp,1,2,24.69,1150.39,2023,3
Versant Power,Maine,Hancock,Sedgwick,773,977,2577.8,538008.0,2020,2
Central Maine Power,Maine,Penobscot,Stetson,715,905,1354.77,515018.82,2021,9
Central Maine Power,Maine,Penobscot,Etna,632,1265,2402.64,470208.0,2020,5
Versant Power,Maine,Washington,Marshfield,289,738,6947.33,215567.86,2022,12
Central Maine Power,Maine,Androscoggin,Lisbon,4473,7082,83417.77,3328646.9,2017,10
Versant Power,Maine,Hancock,Ellsworth,135,656,1078.75,96290.67,2017,9
Versant Power,Maine,Unknown,T19 Md Bpp,9,270,6480.0,6480.0,2017,11
Central Maine Power,Maine,Cumberland,Brunswick,11601,16074,173478.34,8631734.67,2022,12
Eastern Maine Power Cooperative,Maine,Aroostook,Amity,164,492,410.27,112857.88,2020,3
Versant Power,Maine,Washington,Edmunds Twp,161,172,1247.01,116306.78,2020,4
Central Maine Power,Maine,Knox,Washington,936,1068,3045.57,696845.99,2019,7
Versant Power,Maine,Hancock,Waltham,222,607,615.52,165168.0,2020,3
Central Maine Power,Maine,Piscataquis,Kineo,35,70,352.68,23520.0,2022,2
Central Maine Power,Maine,Sagadahoc,Arrowsic,305,666,3224.31,212343.34,2020,2
Central Maine Power,Maine,Somerset,West Forks Plantation,123,228,1058.14,91973.97,2022,5
Versant Power,Maine,Hancock,Eastbrook,511,2599,25156.02,380382.47,2022,12
Versant Power,Maine,Penobscot,Millinocket,2736,2791,3770.83,1969919.96,2018,6
Versant Power,Maine,Unknown,Manset,51,66,48.0,36930.17,2017,9
Versant Power,Maine,Aroostook,Madawaska Lake Twp,251,500,1021.87,186744.0,2020,12
Central Maine Power,Maine,Somerset,Long Pond,88,101,167.6,65472.0,2022,5
Versant Power,Maine,Unknown,Lakeview Plantation,457,10054,238734.33,340008.0,2018,3
Central Maine Power,Maine,York,Acton,2370,2649,17887.85,1593274.64,2018,2
Versant Power,Maine,Aroostook,Westfield,2,3,3.5,1127.0,2017,8
Eastern Maine Power Cooperative,Maine,Aroostook,Oakfield,175,201,186.54,126000.0,2022,4
Central Maine Power,Maine,Somerset,Taunton & Raynham Academy Grant,586,608,1507.38,421920.0,2019,6
Versant Power,Maine,Piscataquis,T1 R9 Wels,347,436,862.09,233230.02,2021,2
Central Maine Power,Maine,Franklin,Canton,1,2,4.57,744.0,2021,7
Central Maine Power,Maine,Oxford,Lincoln Plantation,85,235,245.25,63240.0,2022,7
Central Maine Power,Maine,Kennebec,Pittston,1454,2914,2762.86,1081833.63,2020,7
Central Maine Power,Maine,Oxford,Grafton,2,4,9.67,1488.0,2019,12
Versant Power,Maine,Penobscot,Hudson,831,2178,14971.9,1237483.76,2020,10
Central Maine Power,Maine,Oxford,Stoneham,381,1355,18325.53,274320.0,2018,11
Central Maine Power,Maine,Waldo,Islesboro,1140,1183,8324.45,848552.83,2019,10
Central Maine Power,Maine,Somerset,Rockwood Strip T2r1,44,72,341.31,32244.15,2019,6
Central Maine Power,Maine,Knox,St George,2357,3696,41177.21,1753658.55,2019,10
Versant Power,Maine,Piscataquis,Bowerbank,347,690,1233.95,251898.44,2023,7
Central Maine Power,Maine,Somerset,The Forks Plantation,204,389,655.01,151776.0,2022,3
Central Maine Power,Maine,Somerset,Brassua,1,3,29.15,744.0,2022,12
Versant Power,Maine,Hancock,Corea,5,7,5.16,3720.0,2018,3
Central Maine Power,Maine,Penobscot,Kenduskeag,149,150,0.0,107152.89,2023,6
Central Maine Power,Maine,Somerset,Tomhegan,234,470,920.23,174268.81,2021,10
Central Maine Power,Maine,Piscataquis,Greenville,1790,4602,17537.32,1289524.8,2018,11
Versant Power,Maine,Washington,Jonesport,759,802,2483.53,564696.0,2019,1
Versant Power,Maine,Aroostook,Perham,122,210,301.03,88169.16,2018,4
Central Maine Power,Maine,Franklin,Weld,604,1340,5850.0,449376.0,2017,10
Central Maine Power,Maine,Oxford,Magalloway Plantation,72,73,109.52,53815.66,2019,5
Versant Power,Maine,Penobscot,Orono,3557,4163,12476.78,2561734.27,2020,11
Versant Power,Maine,Washington,Eastport,1252,1275,1573.83,932214.98,2022,1
Versant Power,Maine,Hancock,Trenton,1169,1177,1177.67,869814.3,2019,3
Versant Power,Maine,Penobscot,Hampden,3714,7102,91036.34,2674079.78,2017,11
Central Maine Power,Maine,Cumberland,Gray,4857,8837,81501.54,3614253.92,2020,12
Central Maine Power,Maine,Kennebec,Mt Vernon,1367,2176,3495.22,1017196.69,2021,12
Versant Power,Maine,Hancock,East Blue Hill,68,70,585.12,50592.0,2019,1
Versant Power,Maine,Unknown,T10 Sd,61,63,98.5,43920.0,2017,9
Central Maine Power,Maine,Somerset,Cambridge,267,594,9180.67,198795.66,2017,10
Central Maine Power,Maine,Penobscot,Newport,2142,2295,1160.82,1542906.51,2020,6
Versant Power,Maine,Penobscot,Herseytown Twp,20,33,42.74,14880.0,2022,12
Versant Power,Maine,Hancock,Great Pond,57,58,171.36,39728.32,2020,2
Versant Power,Maine,Penobscot,Costigan,13,32,353.52,9360.0,2019,11
Versant Power,Maine,Hancock,Little Deer Isle,90,96,364.05,64800.0,2019,9
Versant Power,Maine,Washington,Lubec,1285,1654,7200.03,956651.12,2018,3
Central Maine Power,Maine,Penobscot,Glenburn,211,687,1170.31,157725.15,2022,12
Versant Power,Maine,Aroostook,Merrill,75,152,252.34,54028.32,2018,6
Versant Power,Maine,Penobscot,Burlington,253,382,906.57,188232.0,2018,3
Versant Power,Maine,Aroostook,Merrill,76,148,198.98,54720.0,2018,11
Versant Power,Maine,Hancock,Bucksport,161,246,256.88,115920.0,2018,6
Versant Power,Maine,Penobscot,Argyle Twp,146,510,1105.99,105120.0,2022,6
Versant Power,Maine,Hancock,Brooklin,949,1817,14156.82,683279.99,2018,11
Versant Power,Maine,Penobscot,Edinburg,79,200,2392.89,59514.82,2022,12
Central Maine Power,Maine,York,Kennebunkport,3611,7012,113994.64,2687776.93,2017,10
Central Maine Power,Maine,Oxford,Adamstown,68,136,136.27,50592.0,2020,3
Central Maine Power,Maine,Somerset,Taunton & Raynham Academy Grant,585,2424,7042.74,421916.96,2019,11
Versant Power,Maine,Unknown,T10 Sd,61,250,868.17,45843.66,2017,10
Central Maine Power,Maine,Cumberland,Yarmouth,4453,10643,108442.03,3206159.77,2017,11
Versant Power,Maine,Unknown,E Plantation,56,166,720.53,40713.99,2018,11
Central Maine Power,Maine,Somerset,Moxie Gore,27,81,698.7,19440.0,2018,11
Central Maine Power,Maine,Somerset,Sapling,24,54,170.72,17856.0,2022,12
Central Maine Power,Maine,Oxford,Gilead,170,692,6579.36,127100.65,2020,12
Central Maine Power,Maine,Somerset,Mercer,482,943,915.38,323904.0,2023,2
Versant Power,Maine,Aroostook,T16 R6 Wels,1,2,3.17,744.0,2022,8
Versant Power,Maine,Penobscot,Clifton,627,2268,45133.98,451439.99,2017,11
Central Maine Power,Maine,Oxford,Stoneham,374,683,2325.85,278480.02,2020,3
Central Maine Power,Maine,Piscataquis,Elliottsville,95,168,604.36,68646.67,2018,11
Eastern Maine Power Cooperative,Maine,Aroostook,Merrill,65,80,51.84,46280.3,2023,4
Eastern Maine Power Cooperative,Maine,Aroostook,Reed,171,199,60.12,113921.48,2020,1
Central Maine Power,Maine,Waldo,Northport,1338,1819,15538.06,995760.45,2019,10
Central Maine Power,Maine,Kennebec,Oakland,3620,5815,80000.24,2694014.58,2017,10
Central Maine Power,Maine,Kennebec,Mt Vernon,1321,2101,970.28,982885.48,2019,7
Versant Power,Maine,Unknown,Mariaville,4779,45509,311732.18,3470802.26,2016,12
Central Maine Power,Maine,Franklin,New Sharon,817,1347,12357.35,588595.96,2019,11
Versant Power,Maine,Piscataquis,Grand Falls Twp,18,72,469.48,13392.0,2020,12
Central Maine Power,Maine,Lincoln,Boothbay Harbor,2564,7355,67308.42,1907615.96,2017,10
Versant Power,Maine,Washington,Dennysville,191,382,2493.2,126110.75,2022,12
Central Maine Power,Maine,Franklin,Carthage,333,357,664.63,247950.84,2018,8
Versant Power,Maine,Hancock,Sorrento,332,2356,56544.0,247008.0,2017,12
Central Maine Power,Maine,Lincoln,Edgecomb,963,4693,46352.6,693781.65,2020,4
Central Maine Power,Maine,Penobscot,Newburgh,62,297,5752.4,44640.0,2020,4
Versant Power,Maine,Washington,T19 Md Bpp,40,81,0.19,29016.49,2023,7
Central Maine Power,Maine,Penobscot,Stetson,690,2834,46774.5,496800.0,2017,11
Central Maine Power,Maine,Franklin,Coplin Plantation,214,337,2627.62,154299.84,2020,4
Central Maine Power,Maine,Somerset,Long Pond,95,232,263.47,70680.0,2020,10
Central Maine Power,Maine,Franklin,Canton,1,2,20.66,744.0,2022,12
Versant Power,Maine,Hancock,Southwest Harbor,91,3028,24176.94,81281.04,2017,10
Versant Power,Maine,Penobscot,Medway,728,1230,4708.77,524159.99,2018,11
Versant Power,Maine,Aroostook,Sherman,458,503,2790.35,340752.0,2021,10
Versant Power,Maine,Penobscot,Levant,24,66,731.28,17280.0,2019,11
Versant Power,Maine,Hancock,Mariaville,441,1205,1643.68,328104.0,2022,8
Central Maine Power,Maine,Piscataquis,Frenchtown,104,105,69.47,77360.95,2019,3
Central Maine Power,Maine,Somerset,Attean,1,2,4.5,720.0,2021,4
Versant Power,Maine,Penobscot,Clifton,627,1009,1086.95,451440.0,2019,6
Versant Power,Maine,Aroostook,Island Falls,740,782,344.69,532800.0,2018,11
Central Maine Power,Maine,Cumberland,Gray,4999,11226,89805.99,3719626.02,2022,12
Central Maine Power,Maine,Penobscot,Levant,1383,1781,9693.42,1029211.42,2021,3
Central Maine Power,Maine,Penobscot,Corinna,1214,1218,3263.29,903726.68,2020,8
Versant Power,Maine,Penobscot,Burlington,251,387,629.43,181432.98,2021,6
Versant Power,Maine,Unknown,Manset,314,635,9488.49,234035.96,2019,10
Versant Power,Maine,Unknown,Otis,3568,36720,279630.1,2547930.29,2016,12
Central Maine Power,Maine,Piscataquis,Big Squaw,70,80,169.89,52080.0,2022,12
Central Maine Power,Maine,Franklin,Rangeley Plantation,575,1104,9180.96,414132.99,2018,11
Central Maine Power,Maine,Oxford,Buckfield,1079,1225,3891.81,776880.0,2019,11
Versant Power,Maine,Piscataquis,Williamsburg Twp,51,82,430.98,36720.0,2018,9
Versant Power,Maine,Penobscot,Dedham,874,1872,23623.5,629279.97,2019,11
Versant Power,Maine,Washington,Dennysville,182,211,353.0,130978.4,2017,11
Central Maine Power,Maine,Waldo,Liberty,814,889,2809.28,606224.14,2020,10
Central Maine Power,Maine,Sagadahoc,Phippsburg,2036,7219,117703.08,1515347.57,2019,10
Central Maine Power,Maine,Androscoggin,Turner,3021,5505,72259.51,2247760.88,2020,12
Versant Power,Maine,Penobscot,Burlington,253,1044,14203.41,182160.0,2019,11
Central Maine Power,Maine,Androscoggin,Minot,1199,1884,26863.1,892055.99,2017,10
Central Maine Power,Maine,Somerset,Mercer,479,527,3027.38,356783.64,2022,1
Versant Power,Maine,Unknown,T17 R5,301,688,9186.06,216720.0,2019,11
Versant Power,Maine,Penobscot,Exeter,31,1038,13454.1,22799.5,2017,10
Versant Power,Maine,Unknown,Alton,158,316,244.64,15186.65,2016,11
Versant Power,Maine,Penobscot,Greenbush,746,1259,4998.14,537794.76,2022,4
Versant Power,Maine,Aroostook,Fort Kent,2393,2973,2213.63,1780391.99,2018,7
Versant Power,Maine,Washington,Harrington,579,602,7439.05,430776.0,2019,10
Versant Power,Maine,Hancock,Sunset,17,18,204.18,12240.0,2019,11
Central Maine Power,Maine,Kennebec,Mt Vernon,1335,2322,11568.66,961626.34,2020,9
Versant Power,Maine,Piscataquis,Long A Twp,55,279,3570.11,41071.31,2020,12
Central Maine Power,Maine,Waldo,Searsmont,896,1043,1956.59,645124.3,2022,9
Central Maine Power,Maine,Kennebec,Fayette,904,1864,23382.15,672587.65,2017,10
Central Maine Power,Maine,Franklin,Salem,184,546,2039.7,136896.0,2017,8
Central Maine Power,Maine,Oxford,Magalloway Plantation,73,74,123.4,54454.65,2020,12
Eastern Maine Power Cooperative,Maine,Aroostook,Unknown,2860,3345,5175.39,2059199.92,2020,9
Central Maine Power,Maine,York,Cornish,916,2853,21009.23,681503.99,2020,12
Versant Power,Maine,Aroostook,Frenchville,134,713,986.33,50311.84,2017,8
Central Maine Power,Maine,Franklin,Chain Of Ponds,3,6,123.5,2232.0,2017,10
Central Maine Power,Maine,Waldo,Northport,1324,3186,6846.53,985168.67,2018,10
Central Maine Power,Maine,Oxford,Stoneham,360,430,89.2,257911.24,2023,6
Versant Power,Maine,Aroostook,Cyr Plt,59,63,65.8,44442.85,2022,7
Central Maine Power,Maine,Cumberland,Cape Elizabeth,4399,10808,174190.61,3273513.3,2019,10
Central Maine Power,Maine,Somerset,Tomhegan,179,180,60.65,133303.66,2018,3
Versant Power,Maine,Hancock,Seal Cove,334,416,594.04,248496.0,2018,5
Central Maine Power,Maine,Somerset,The Forks Plantation,209,374,864.86,156098.33,2018,7
Central Maine Power,Maine,Lincoln,Bremen,683,1139,1937.11,492403.7,2022,11
Versant Power,Maine,Penobscot,Lincoln,1861,2183,6338.4,1384583.93,2019,7
Versant Power,Maine,Unknown,Ebeemee Twp,4801,31052,135204.99,3321559.27,2016,12
Versant Power,Maine,Penobscot,Bradford,622,2292,19453.86,463265.47,2020,12
Versant Power,Maine,Aroostook,Littleton,416,417,1323.72,299781.76,2021,9
Central Maine Power,Maine,Somerset,Pleasant Ridge Plantation,64,86,1159.12,46143.16,2019,11
Versant Power,Maine,Piscataquis,T1 R9 Wels,355,709,311.69,241358.59,2023,5
Central Maine Power,Maine,Oxford,Stow,262,376,2255.99,140641.35,2023,9
Versant Power,Maine,Unknown,Costigan,634,635,1004.04,55301.71,2016,11
Central Maine Power,Maine,Penobscot,Newburgh,63,174,2252.0,46872.0,2017,10
Central Maine Power,Maine,Piscataquis,Monson,593,1324,23627.1,426959.99,2020,4
Central Maine Power,Maine,Piscataquis,Sebec,13,39,54.08,9533.42,2022,12
Versant Power,Maine,Hancock,Cranberry Isles,421,2000,36782.73,313224.0,2022,12
Central Maine Power,Maine,Androscoggin,Sabattus,2482,5781,39506.92,1845893.98,2020,12
Versant Power,Maine,Unknown,Town Hill,4,8,19.66,2880.0,2017,9
Central Maine Power,Maine,Franklin,Freeman,229,455,5612.67,170376.0,2017,10
Central Maine Power,Maine,Franklin,Weld,632,1517,4369.29,425319.37,2023,2
Central Maine Power,Maine,Sagadahoc,Arrowsic,305,311,566.91,219845.66,2019,6
Versant Power,Maine,Aroostook,Benedicta Twp,193,386,289.23,143592.0,2022,5
Central Maine Power,Maine,Kennebec,China,2668,3161,23468.2,1985264.48,2020,12
Versant Power,Maine,Hancock,Amherst,167,198,1922.29,120940.16,2019,11
Central Maine Power,Maine,Somerset,Cornville,693,1162,4913.76,516220.51,2021,3
Versant Power,Maine,Hancock,Swans Island,503,1025,21300.34,362160.0,2017,11
Versant Power,Maine,Aroostook,Allagash,280,560,1122.73,208612.63,2022,7
Versant Power,Maine,Washington,Perry,420,765,4554.14,302736.5,2020,4
Central Maine Power,Maine,Somerset,Palmyra,1091,4414,79096.07,785519.96,2020,4
Central Maine Power,Maine,Oxford,Dixfield,1294,2590,2905.9,920817.31,2023,7
Central Maine Power,Maine,Somerset,Brassua,1,2,3.24,744.0,2022,1
Versant Power,Maine,Aroostook,Perham,161,252,260.19,115920.0,2019,4
Versant Power,Maine,Unknown,Oxbow Plantation,73,144,505.45,52560.0,2019,4
Versant Power,Maine,Aroostook,Washburn,171,234,656.53,122532.0,2017,9
Central Maine Power,Maine,Somerset,Industry,15,52,500.73,11160.0,2022,12
Central Maine Power,Maine,Lincoln,Pittston,2,8,4.99,1440.0,2021,6
Versant Power,Maine,Hancock,Fletchers Landing Twp,20,600,14400.0,14400.0,2017,11
Versant Power,Maine,Washington,Pembroke,518,1115,6320.36,385392.0,2019,10
Versant Power,Maine,Piscataquis,Brownville Junction,337,640,533.69,242359.73,2020,4
Versant Power,Maine,Unknown,T1 R9 Wels,334,359,1066.15,248496.0,2017,12
Central Maine Power,Maine,Franklin,New Vineyard,517,548,4497.22,384776.48,2018,5
Eastern Maine Power Cooperative,Maine,Washington,Codyville Plantation,76,193,546.44,50399.3,2022,2
Central Maine Power,Maine,Piscataquis,Willimantic,278,1238,15668.72,207357.47,2020,12
Central Maine Power,Maine,Franklin,Stetsontown,71,142,427.24,47712.0,2023,2
Central Maine Power,Maine,Cumberland,Windham,8895,17196,297027.33,6609389.14,2017,10
Central Maine Power,Maine,Oxford,Lincoln Plantation,86,344,318.54,63649.86,2023,5
Central Maine Power,Maine,Franklin,Chain Of Ponds,3,81,1826.5,2160.0,2017,11
Versant Power,Maine,Penobscot,Veazie,956,962,968.98,688830.25,2020,11
Versant Power,Maine,Penobscot,Alton,421,582,616.52,303312.18,2021,6
Versant Power,Maine,Aroostook,Allagash,276,1104,2273.78,205319.49,2018,10
Versant Power,Maine,Aroostook,Caribou,2260,3344,27927.86,1627199.9,2018,11
Versant Power,Maine,Hancock,Little Deer Isle,89,91,1.5,64080.0,2018,4
Versant Power,Maine,Hancock,Deer Isle,1927,2087,2269.2,1388083.38,2022,4
Versant Power,Maine,Penobscot,Passadumkeag,226,290,1072.12,163418.72,2020,9
Central Maine Power,Maine,Somerset,Moose River,187,389,519.89,139128.0,2022,5
Versant Power,Maine,Piscataquis,Atkinson,184,274,1456.68,123648.0,2022,2
Versant Power,Maine,Penobscot,Corinna,16,31,744.0,11904.0,2017,12
Central Maine Power,Maine,Waldo,Troy,525,724,1779.13,391024.34,2018,7
Central Maine Power,Maine,Somerset,Starks,310,1004,17019.77,231483.31,2020,12
Versant Power,Maine,Penobscot,Chester,247,432,607.18,183389.22,2018,12
Central Maine Power,Maine,Cumberland,Naples,3626,4056,33241.25,2698046.66,2020,8
Central Maine Power,Maine,Somerset,Cambridge,277,349,4242.75,206726.32,2018,5
Versant Power,Maine,Piscataquis,Medford,166,216,677.25,119624.15,2020,11
Versant Power,Maine,Unknown,Devereaux Twp,8,26,0.0,5663.91,2020,4
Versant Power,Maine,Aroostook,Masardis,152,288,215.2,112830.72,2018,5
Versant Power,Maine,Hancock,Brooklin,904,1188,2752.43,673060.48,2023,1
Central Maine Power,Maine,Piscataquis,Willimantic,276,791,910.6,205750.35,2018,10
Central Maine Power,Maine,Oxford,Lower Cupsuptic,13,26,43.53,9360.0,2022,4
Central Maine Power,Maine,York,Kittery,6388,9714,92928.81,4753134.48,2020,12
Versant Power,Maine,Aroostook,T15 R6 Wels,13,26,38.94,9360.0,2022,11
Versant Power,Maine,Penobscot,Lee,590,1196,2796.1,439546.78,2018,3
Versant Power,Maine,Piscataquis,Orneville Twp,266,350,145.24,191520.0,2019,4
Central Maine Power,Maine,Knox,Appleton,765,820,819.22,569759.98,2021,12
Versant Power,Maine,Aroostook,Bridgewater,368,434,1544.16,274351.19,2022,12
Versant Power,Maine,Aroostook,Sherman,456,646,1611.86,339503.46,2021,3
Central Maine Power,Maine,York,Limington,2056,4113,21927.79,1529815.74,2022,7
Versant Power,Maine,Washington,Perry,426,449,981.73,307204.64,2022,11
Central Maine Power,Maine,Piscataquis,Monson,604,1049,16802.97,449538.96,2020,12
Versant Power,Maine,Hancock,Southwest Harbor,1885,1906,2331.6,1402642.2,2021,3
Versant Power,Maine,Penobscot,Maxfield,68,121,233.97,50592.0,2023,3
Versant Power,Maine,Penobscot,Grindstone Twp,50,52,93.35,37200.0,2022,1
Central Maine Power,Maine,Franklin,Stetsontown,75,150,225.25,54000.0,2019,4
Versant Power,Maine,Hancock,Brooksville,812,1085,4056.94,604128.0,2018,1
Versant Power,Maine,Unknown,T22 Md,28,84,532.48,20160.0,2018,11
Versant Power,Maine,Hancock,Aurora,111,152,1863.41,82584.0,2019,10
Versant Power,Maine,Penobscot,Hudson,833,4692,47131.78,1240904.28,2020,12
Versant Power,Maine,Aroostook,Saint Francis,301,590,984.9,216720.0,2018,6
Central Maine Power,Maine,York,Parsonsfield,1305,3187,36459.39,971145.92,2020,8
Versant Power,Maine,Piscataquis,Lake View Plt,189,5022,120528.0,140616.0,2017,12
Versant Power,Maine,Aroostook,Saint Francis,311,971,1267.7,223949.15,2020,6
Versant Power,Maine,Piscataquis,Brownville Junction,337,339,122.17,242640.0,2019,4
Versant Power,Maine,Hancock,Osborn,39,40,86.59,29047.15,2020,8
Versant Power,Maine,Hancock,Waltham,230,448,1525.97,154560.0,2022,2
Central Maine Power,Maine,Somerset,Starks,300,886,7786.0,216000.0,2017,11
Eastern Maine Power Cooperative,Maine,Aroostook,New Limerick,4,12,2.99,3196.91,2022,12
Central Maine Power,Maine,Piscataquis,Beaver Cove Plantation,265,532,355.63,191257.14,2021,6
Central Maine Power,Maine,Piscataquis,Lily Bay,114,228,352.14,84816.0,2021,1
Central Maine Power,Maine,Somerset,Sapling,13,104,279.52,9360.0,2018,11
Versant Power,Maine,Penobscot,Bradley,774,2276,35481.97,557341.96,2020,4
Versant Power,Maine,Unknown,Lucerne,417,435,141.36,310248.0,2018,5
Central Maine Power,Maine,Somerset,Concord,127,180,448.13,94488.0,2022,10
Versant Power,Maine,Aroostook,Allagash,285,1411,875.9,208261.29,2023,5
Versant Power,Maine,Penobscot,Cedar Lake Twp,70,140,129.91,52080.0,2022,7
Central Maine Power,Maine,Sagadahoc,West Bath,1322,2495,4811.55,983833.31,2018,3
Central Maine Power,Maine,Kennebec,Albion,1129,1674,5384.58,840323.12,2022,12
Central Maine Power,Maine,Hancock,Castine,762,2192,33869.01,548640.0,2017,11
Versant Power,Maine,Hancock,Swans Island,503,1674,16550.11,374232.0,2018,3
Central Maine Power,Maine,Oxford,West Paris,976,1059,2397.35,726223.94,2021,3
Central Maine Power,Maine,Somerset,Highland Plantation,44,90,224.97,33338.33,2018,7
Central Maine Power,Maine,Franklin,Eustis,876,924,4874.86,631241.33,2020,9
Versant Power,Maine,Aroostook,Sherman,461,472,519.75,343173.8,2022,12
Versant Power,Maine,Aroostook,Oxbow North Twp,73,145,0.0,53958.56,2023,5
Central Maine Power,Maine,Kennebec,Fayette,909,3079,42448.8,654479.99,2017,11
Central Maine Power,Maine,Somerset,Moxie Gore,27,54,67.88,20088.0,2020,5
Versant Power,Maine,Penobscot,T3 Indian Purchase Twp,154,259,113.95,114339.87,2023,5
Versant Power,Maine,Hancock,Harborside,191,225,73.84,137520.0,2018,4
Central Maine Power,Maine,Sagadahoc,Phippsburg,2038,3182,15217.85,1467916.56,2019,11
Central Maine Power,Maine,Sagadahoc,Bowdoin,1469,2105,3542.54,1058132.29,2021,9
Central Maine Power,Maine,Knox,Appleton,751,3115,43136.42,540719.99,2020,4
Central Maine Power,Maine,Lincoln,Whitefield,1293,1493,4173.48,953827.17,2023,5
Central Maine Power,Maine,Waldo,Appleton,4,8,6.64,2976.0,2022,10
Central Maine Power,Maine,Kennebec,Mercer,2,4,1.96,1440.0,2022,11
Eastern Maine Power Cooperative,Maine,Aroostook,Ludlow,13,14,5.0,1773.55,2020,1
Central Maine Power,Maine,Somerset,Rockwood Strip T2r1,3,6,7.99,2232.0,2022,8
Central Maine Power,Maine,Knox,Washington,950,3031,25346.69,707201.17,2020,12
Central Maine Power,Maine,Cumberland,Cumberland,3916,4608,55534.06,2914250.3,2022,12
Versant Power,Maine,Washington,Dennysville,191,209,730.89,137520.0,2021,6
Versant Power,Maine,Washington,Dennysville,192,533,863.69,138348.54,2022,4
Central Maine Power,Maine,Kennebec,China,2586,7154,115776.61,1862237.81,2017,11
Versant Power,Maine,Hancock,Cranberry Isles,416,770,944.5,309843.31,2020,8
Central Maine Power,Maine,Somerset,Mercer,465,908,915.44,335041.48,2020,11
Eastern Maine Power Cooperative,Maine,Penobscot,Mount Chase,245,256,238.36,176418.62,2022,9
Versant Power,Maine,Unknown,Lakeview Plt,454,455,824.68,338333.65,2020,3
Central Maine Power,Maine,Somerset,Rockwood Strip T2r1,46,170,227.41,33120.0,2020,11
Central Maine Power,Maine,Lincoln,BRUNSWICK,1,2,7.33,743.0,2022,12
Versant Power,Maine,Aroostook,Allagash,277,542,992.41,206088.0,2020,3
Central Maine Power,Maine,Franklin,Weld,606,703,2094.12,436467.98,2018,4
Central Maine Power,Maine,Oxford,Magalloway Plantation,73,146,146.27,54312.0,2020,3
Versant Power,Maine,Hancock,Sunset,17,48,417.52,12648.0,2019,10
Versant Power,Maine,Unknown,Somes Sound,64,128,833.9,46080.0,2018,11
Central Maine Power,Maine,Knox,Union,1409,2445,32511.69,1048298.31,2017,10
Central Maine Power,Maine,Piscataquis,Shirley,217,218,1264.53,156240.0,2020,6
Versant Power,Maine,Hancock,Mount Desert,121,1438,13879.81,87572.5,2017,10
Versant Power,Maine,Piscataquis,Grand Falls Twp,18,24,157.13,13392.0,2020,10
Versant Power,Maine,Penobscot,Exeter,509,520,3255.86,378755.48,2018,12
Versant Power,Maine,Aroostook,Td R2 Wels,14,16,59.53,10416.0,2022,12
Central Maine Power,Maine,Franklin,Carthage,342,1059,15056.68,246240.0,2020,4
Versant Power,Maine,Aroostook,Sheridan,1,2,5.0,505.33,2017,10
Central Maine Power,Maine,Somerset,Rockwood Strip T1r1,11,22,35.61,8184.0,2022,1
Central Maine Power,Maine,Oxford,Upton,181,212,2179.7,126111.99,2020,2
Central Maine Power,Maine,Penobscot,DOVER-FOXCROFT,2,4,44.32,1488.0,2022,12
Central Maine Power,Maine,Somerset,New Portland,654,810,4299.27,455404.62,2020,2
Central Maine Power,Maine,Oxford,Grafton,2,58,1346.34,1488.0,2017,12
Central Maine Power,Maine,Oxford,Woodstock,1080,1979,27864.51,803568.75,2022,12
Central Maine Power,Maine,Knox,St George,2357,4744,3982.48,1753935.63,2020,5
Central Maine Power,Maine,Kennebec,Winthrop,3811,4119,7090.97,2835805.76,2021,3
Versant Power,Maine,Aroostook,Littleton,416,830,1527.81,310153.81,2022,5
Central Maine Power,Maine,Cumberland,Harpswell,4645,8077,38432.61,3233502.02,2020,2
Central Maine Power,Maine,Somerset,New Sharon,1,2,0.86,72.68,2021,1
Central Maine Power,Maine,Hancock,Orland,1543,2870,2129.49,1111086.13,2018,4
Central Maine Power,Maine,Piscataquis,Cove Point,7,21,51.32,5040.0,2018,11
Central Maine Power,Maine,Piscataquis,Beaver Cove Plantation,263,719,560.66,195672.0,2022,3
Central Maine Power,Maine,Penobscot,Newburgh,63,296,5190.84,45360.0,2017,11
Central Maine Power,Maine,Franklin,Weld,607,612,2030.5,437131.31,2019,4
Central Maine Power,Maine,Piscataquis,Lily Bay,113,244,232.66,84072.0,2021,12
Versant Power,Maine,Unknown,Eastbrook,241,499,24.0,170193.33,2017,9
Central Maine Power,Maine,Somerset,Johnson Mountain,7,26,28.01,5208.0,2017,12
Central Maine Power,Maine,Waldo,Islesboro,1002,1067,2081.16,721968.34,2021,11
Central Maine Power,Maine,Somerset,Starks,300,318,298.01,223812.99,2019,5
Versant Power,Maine,Unknown,Somes Sound,65,67,187.36,46800.0,2019,11
Central Maine Power,Maine,Franklin,New Vineyard,519,1253,11020.21,386250.16,2018,10
Versant Power,Maine,Unknown,T30 Md Bpp,1,2,28.84,744.0,2019,10
Central Maine Power,Maine,Knox,Hope,1026,1150,3501.2,714435.47,2020,2
Versant Power,Maine,Penobscot,Clifton,92,1294,19497.82,70321.84,2017,10
Versant Power,Maine,Hancock,Sedgwick,135,447,1015.33,97223.67,2017,9
Versant Power,Maine,Aroostook,Caswell,13,28,66.5,9199.87,2018,2
Central Maine Power,Maine,York,South Berwick,3505,9600,136785.97,2608310.39,2023,1
Versant Power,Maine,Penobscot,Holden,1812,4390,86962.74,1304639.87,2017,11
Versant Power,Maine,Hancock,Franklin,966,1193,6759.27,719182.4,2018,3
Central Maine Power,Maine,Lincoln,Westport,647,1614,18808.04,481749.02,2022,12
Central Maine Power,Maine,Piscataquis,Lily Bay,111,112,121.2,80235.04,2023,4
Versant Power,Maine,Aroostook,New Canada,171,334,222.58,127224.0,2022,10
Central Maine Power,Maine,Somerset,Cornville,708,1293,12812.56,527237.46,2022,12
Versant Power,Maine,Washington,Milbridge,1142,1554,15358.7,850376.97,2022,12
Eastern Maine Power Cooperative,Maine,Penobscot,Mount Chase,244,266,126.55,180290.63,2023,5
Versant Power,Maine,Hancock,Stonington,1185,2575,34163.88,882308.28,2022,12
Central Maine Power,Maine,Androscoggin,Leeds,1142,2921,17124.59,822239.98,2017,11
Central Maine Power,Maine,Somerset,Canaan,1231,1239,12062.0,916148.47,2019,10
Versant Power,Maine,Washington,Steuben,990,1068,2816.09,713302.78,2021,9
Eastern Maine Power Cooperative,Maine,Penobscot,Mount Chase,295,637,544.86,165898.57,2023,9
Central Maine Power,Maine,Waldo,Monroe,558,1948,27977.63,415151.99,2022,12
Central Maine Power,Maine,Sagadahoc,Phippsburg,2052,2686,2359.69,1526894.41,2020,8
Versant Power,Maine,Unknown,Saint John,20,159,24.25,14608.39,2020,3
Central Maine Power,Maine,Oxford,Hiram,980,1695,23066.03,729756.32,2017,10
Eastern Maine Power Cooperative,Maine,Penobscot,Springfield,1134,1143,15.86,844318.57,2021,12
Versant Power,Maine,Aroostook,Hamlin,106,107,303.14,79258.33,2019,12
Versant Power,Maine,Penobscot,Bradford,650,896,13489.82,467999.98,2017,11
Central Maine Power,Maine,Somerset,Embden,956,983,4245.87,688674.34,2018,11
Versant Power,Maine,Washington,Pembroke,518,754,1810.44,372960.0,2019,11
Central Maine Power,Maine,Piscataquis,Blanchard Plantation,111,181,389.78,83286.49,2020,5
Central Maine Power,Maine,Oxford,Bridgton,32,57,75.67,18139.96,2023,9
Versant Power,Maine,Penobscot,Lee,593,630,436.14,441192.0,2018,8
Versant Power,Maine,Penobscot,Hudson,207,759,1743.5,142436.0,2017,8
Central Maine Power,Maine,Somerset,The Forks Plantation,207,643,8512.96,149041.51,2019,11
Central Maine Power,Maine,Androscoggin,New Gloucester,5,8,2.66,3600.0,2022,4
Versant Power,Maine,Hancock,T7 Sd Bpp,23,44,102.39,16560.0,2020,9
Versant Power,Maine,Penobscot,T2 R8 Nwp,3,9,90.99,1504.47,2020,4
Versant Power,Maine,Penobscot,Holden,132,275,356.05,98595.98,2017,8
Versant Power,Maine,Aroostook,Mars Hill,87,641,1068.67,66754.5,2017,9
Versant Power,Maine,Washington,Pembroke,534,570,2003.63,384839.18,2021,6
Versant Power,Maine,Penobscot,Chester,85,87,123.03,63240.0,2018,1
Versant Power,Maine,Aroostook,Winterville,237,289,443.31,170640.0,2019,4
Central Maine Power,Maine,Hancock,Bucksport,2620,5753,80344.04,1886399.95,2017,11
Versant Power,Maine,Hancock,Frenchboro,72,1479,33386.53,53568.0,2017,12
Central Maine Power,Maine,Lincoln,Jefferson,1842,2124,23699.55,1326860.77,2019,11
Versant Power,Maine,Washington,Harrington,681,1504,10394.37,507038.39,2022,12
Central Maine Power,Maine,Kennebec,Mt Vernon,1303,2166,22265.05,969971.32,2018,1
Central Maine Power,Maine,Hancock,Castine,780,1684,12113.58,580438.84,2020,12
Versant Power,Maine,Aroostook,Saint Francis,310,612,509.91,208655.37,2021,2
Central Maine Power,Maine,Waldo,Morrill,447,1114,12086.97,321840.0,2017,11
Versant Power,Maine,Hancock,Cranberry Isles,192,390,6055.51,143499.98,2019,10
Versant Power,Maine,Unknown,Castle Hill,1,4,0.0,796.67,2017,9
Central Maine Power,Maine,Oxford,Stoneham,373,1496,6009.24,268771.83,2020,4
Central Maine Power,Maine,Lincoln,Edgecomb,967,2833,6254.82,719765.21,2021,5
Versant Power,Maine,Unknown,"T9, R3, 4,5,7",24,44,27.33,17856.0,2019,12
Versant Power,Maine,Hancock,Amherst,166,326,636.45,124079.18,2022,5
Central Maine Power,Maine,Lincoln,Alna,410,1190,16928.73,295200.0,2020,4
Central Maine Power,Maine,Waldo,Liberty,816,3996,27839.85,607157.89,2020,12
Central Maine Power,Maine,Androscoggin,Minot,1214,1411,2509.95,874373.49,2018,9
Central Maine Power,Maine,Hancock,Ellsworth,5,25,462.37,3600.0,2020,4
Central Maine Power,Maine,Somerset,Caratunk Plantation,184,185,2.31,136604.64,2023,8
Central Maine Power,Maine,York,Kennebunkport,3688,4622,8627.27,2744162.99,2020,8
Central Maine Power,Maine,Piscataquis,Wellington,187,273,479.44,134913.3,2021,9
Central Maine Power,Maine,Somerset,Concord,127,253,659.9,94488.0,2018,1
Versant Power,Maine,Hancock,Lamoine,1183,1328,8081.06,880618.24,2020,12
Central Maine Power,Maine,Sagadahoc,Phippsburg,2101,7110,76404.39,1563682.72,2022,12
Central Maine Power,Maine,Piscataquis,Little Squaw,172,520,1412.4,124089.85,2019,11
Central Maine Power,Maine,Penobscot,Corinth,20,25,50.0,14880.0,2018,3
Central Maine Power,Maine,Waldo,Palermo,993,2056,37744.16,738799.0,2017,10
Versant Power,Maine,Unknown,Pretty Marsh,101,108,130.32,72720.0,2019,4
Versant Power,Maine,Piscataquis,Bowerbank,342,1179,2773.4,254490.15,2019,1
Versant Power,Maine,Penobscot,Mattawamkeag,424,640,5634.14,315456.0,2022,12
Versant Power,Maine,Waldo,Winterport,308,569,1199.26,221760.0,2018,11
Central Maine Power,Maine,Franklin,Wilton,2285,2333,10461.52,1645188.84,2021,9
Central Maine Power,Maine,Androscoggin,Minot,1207,1538,2331.81,898342.48,2017,12
Central Maine Power,Maine,Piscataquis,Cove Point,7,14,18.65,5208.0,2022,8
Central Maine Power,Maine,Somerset,East Moxie,6,12,16.01,4464.0,2018,8
Eastern Maine Power Cooperative,Maine,Aroostook,Linneus,1535,1540,3.62,1105200.0,2022,11
Versant Power,Maine,Penobscot,Mattamiscontis Twp,38,39,77.58,28623.3,2021,10
Versant Power,Maine,Hancock,Trenton,1317,2954,28501.7,948828.84,2020,4
Versant Power,Maine,Penobscot,Dexter,41,44,116.84,30850.32,2019,1
Versant Power,Maine,Washington,Harrington,685,1072,3754.32,385525.47,2023,9
Versant Power,Maine,Aroostook,Westmanland,117,123,168.58,84240.0,2018,6
Eastern Maine Power Cooperative,Maine,Aroostook,Silver Ridge,13,23,119.97,7106.08,2023,9
Versant Power,Maine,Unknown,Grand Falls Twp,17,34,227.42,12648.0,2018,3
Central Maine Power,Maine,Waldo,Thorndike,416,891,9058.28,309622.35,2020,12
Central Maine Power,Maine,Somerset,Misery Gore,10,20,31.64,7200.0,2019,6
Central Maine Power,Maine,Somerset,Misery Gore,10,30,39.98,7200.0,2020,11
Versant Power,Maine,Unknown,Cedar Lake Twp,67,201,670.26,48240.0,2019,4
Versant Power,Maine,Penobscot,Maxfield,69,70,175.16,39179.94,2023,9
Versant Power,Maine,Washington,Jonesboro,411,787,4499.4,295762.32,2020,4
Central Maine Power,Maine,Cumberland,Buxton,19,25,260.34,14136.0,2022,12
Versant Power,Maine,Aroostook,Sherman,457,806,544.54,340304.66,2022,5
Central Maine Power,Maine,Kennebec,Randolph,981,994,1148.97,706580.97,2021,11
Versant Power,Maine,Piscataquis,Levant,25,88,60.39,18557.44,2023,3
Versant Power,Maine,Hancock,Swans Island,521,522,4237.56,375376.49,2021,4
Central Maine Power,Maine,Lincoln,Dresden,926,2298,5912.55,622894.98,2018,2
Versant Power,Maine,Unknown,Cyr Plantation,14,56,0.0,9863.26,2020,2
Central Maine Power,Maine,Somerset,Rockwood Strip T2r1,46,60,185.59,34224.0,2020,8
Central Maine Power,Maine,Somerset,Bigelow,1,3,3.66,744.0,2021,12
Central Maine Power,Maine,Somerset,Moscow,400,446,1114.14,297600.0,2022,3
Versant Power,Maine,Hancock,Penobscot,60,87,148.18,43200.0,2022,11
Versant Power,Maine,Unknown,"T16, R4, 5,6,8,9",22,482,714.41,15764.94,2017,10
Central Maine Power,Maine,Kennebec,Mt Vernon,1343,3128,52181.87,999156.62,2020,12
Versant Power,Maine,Aroostook,Oxbow North Twp,74,219,14.69,40452.35,2023,9
Central Maine Power,Maine,Waldo,Troy,549,1400,11117.44,408945.04,2020,12
Central Maine Power,Maine,Waldo,Morrill,472,702,6857.83,351461.44,2022,12
Central Maine Power,Maine,Oxford,Milton,76,115,1982.35,54720.0,2019,11
Central Maine Power,Maine,Oxford,Woodstock,1014,1190,8124.45,754960.67,2018,1
Versant Power,Maine,Washington,Milbridge,1008,1460,14362.57,750157.11,2019,10
Versant Power,Maine,Aroostook,Perham,123,128,43.36,92099.99,2018,8
Central Maine Power,Maine,Somerset,Tomhegan,181,183,1063.75,130902.16,2020,6
Central Maine Power,Maine,Oxford,Mason,51,136,2001.88,37944.0,2022,12
Versant Power,Maine,Washington,Pleasant Point,349,698,837.73,251712.98,2021,11
Versant Power,Maine,Hancock,Corea,3,4,6.5,2232.0,2017,10
Versant Power,Maine,Unknown,"Squa Pan T11, R4,7,8",127,264,3332.61,85344.0,2018,2
Central Maine Power,Maine,Androscoggin,Hartford,1,5,32.51,744.0,2022,12
Versant Power,Maine,Unknown,"T2, R4, 6,7,8",57,224,5376.0,38304.0,2018,2
Versant Power,Maine,Washington,Beals,11,23,51.17,8932.67,2017,8
Central Maine Power,Maine,Waldo,Jackson,280,551,9360.33,209059.33,2017,10
Versant Power,Maine,Washington,Pembroke,517,543,928.38,372441.5,2017,11
Versant Power,Maine,Penobscot,Herseytown Twp,20,42,33.14,14880.0,2022,5
Versant Power,Maine,Washington,Eastport,9,44,60.67,1818.83,2017,8
Central Maine Power,Maine,Penobscot,Exeter,24,128,2589.36,17280.0,2020,4
Central Maine Power,Maine,Penobscot,Dixmont,503,588,13519.83,374523.3,2017,12
Versant Power,Maine,Aroostook,Smyrna Mills,92,2760,66240.0,66240.0,2018,4
Central Maine Power,Maine,Cumberland,Cumberland,3656,6106,80429.22,2720516.67,2019,10
Central Maine Power,Maine,Sagadahoc,Arrowsic,308,411,998.72,229152.0,2021,3
Versant Power,Maine,Aroostook,Allagash,286,342,3.66,212839.45,2023,7
Versant Power,Maine,Penobscot,Dixmont,110,214,558.24,81840.0,2023,3
Versant Power,Maine,Hancock,Hancock,926,3941,26212.41,665242.97,2017,11
Versant Power,Maine,Hancock,Eastbrook,508,553,796.52,377952.0,2022,3
Versant Power,Maine,Penobscot,Herseytown,14,70,1495.8,10416.0,2018,5
Versant Power,Maine,Hancock,Islesford,190,381,828.68,141441.31,2019,1
Versant Power,Maine,Aroostook,Eagle Lake,780,1553,1288.71,580320.0,2022,10
Eastern Maine Power Cooperative,Maine,Washington,Alexander,211,411,54.99,153870.56,2023,7
Central Maine Power,Maine,Somerset,Rockwood Strip T1r1,10,50,134.93,7200.0,2019,4
Versant Power,Maine,Penobscot,Lee,601,618,719.5,432923.74,2023,4
Versant Power,Maine,Piscataquis,Ebeemee Twp,180,931,13302.77,134517.04,2020,12
Central Maine Power,Maine,Somerset,Detroit,467,516,3543.45,336687.02,2020,9
Versant Power,Maine,Unknown,Lake View Plt,10884,11339,125001.99,8097695.4,2017,3
Versant Power,Maine,Aroostook,Allagash,277,849,11812.39,199440.0,2019,11
Central Maine Power,Maine,Hancock,Ellsworth,5,11,111.79,3720.0,2022,12
Central Maine Power,Maine,Oxford,Lincoln Plantation,89,259,261.58,64080.0,2020,11
Versant Power,Maine,Penobscot,Argyle Twp,143,329,2073.29,106868.83,2020,12
Central Maine Power,Maine,Waldo,Searsmont,840,2321,29696.05,604799.99,2017,11
Central Maine Power,Maine,Waldo,Burnham,772,1597,6044.83,556523.71,2021,6
Central Maine Power,Maine,Franklin,Salem,190,948,9761.87,141984.65,2020,12
Versant Power,Maine,Hancock,Waltham,222,430,4445.51,159840.0,2019,11
Central Maine Power,Maine,Franklin,Chain Of Ponds,3,6,78.49,2160.0,2018,11
Versant Power,Maine,Piscataquis,Bowerbank,345,360,1386.97,256680.0,2020,3
Versant Power,Maine,Penobscot,Eddington,1246,2602,3252.66,897295.7,2020,11
Central Maine Power,Maine,Somerset,Pleasant Ridge Plantation,66,132,1731.48,49104.0,2022,12
Versant Power,Maine,Unknown,T28 Md,8,112,2678.96,5952.0,2018,3
Versant Power,Maine,Penobscot,Argyle Twp,146,281,444.75,105591.63,2021,4
Central Maine Power,Maine,Franklin,Rangeley Plantation,575,1631,18219.71,414425.88,2019,11
Central Maine Power,Maine,Knox,Friendship,964,1059,12593.8,694809.62,2020,4
Versant Power,Maine,Penobscot,Chester,119,157,143.46,88979.73,2018,10
Versant Power,Maine,Unknown,E Plantation,25,169,1753.1,18601.33,2019,11
Central Maine Power,Maine,Somerset,Brighton Plantation,51,102,187.34,36720.0,2019,4
Versant Power,Maine,Washington,T30 Md Bpp,1,2,8.33,720.0,2022,9
Versant Power,Maine,Unknown,T3 Indian Purchase,205,346,856.93,152569.52,2018,5
Central Maine Power,Maine,Oxford,Peru,1041,1395,849.19,774694.14,2021,10
Central Maine Power,Maine,Somerset,Mercer,481,1171,8994.91,358223.47,2022,12
Eastern Maine Power Cooperative,Maine,Washington,Crawford,735,2249,21366.75,525570.7,2022,4
Versant Power,Maine,Piscataquis,Long A Twp,55,110,19.69,40920.0,2020,10
Versant Power,Maine,Unknown,Grand Falls Plt,23955,28234,130287.3,833947.43,2016,12
Versant Power,Maine,Penobscot,Cedar Lake Twp,69,138,24.71,51336.0,2020,10
Central Maine Power,Maine,Penobscot,Newport,2159,2233,5289.04,1450621.65,2019,2
Central Maine Power,Maine,Oxford,Woodstock,1047,3568,38448.98,779749.01,2020,12
Versant Power,Maine,Aroostook,Eagle Lake,760,1004,723.85,566086.64,2020,7
Central Maine Power,Maine,Oxford,Andover,671,703,2832.04,483246.31,2021,11
Versant Power,Maine,Piscataquis,Lake View Plt,189,337,870.08,136080.0,2019,6
Central Maine Power,Maine,Somerset,Mercer,479,926,429.22,355987.39,2023,5
Central Maine Power,Maine,Oxford,Wilton,4,6,7.69,2976.0,2021,12
Versant Power,Maine,Penobscot,Mattamiscontis Twp,36,60,46.18,25920.0,2020,6
Central Maine Power,Maine,Knox,St George,2340,3129,8212.87,1741241.86,2018,3
Central Maine Power,Maine,Piscataquis,Willimantic,277,409,3374.83,199440.0,2020,9
Central Maine Power,Maine,Penobscot,Corinth,20,41,210.03,14880.0,2021,3
Versant Power,Maine,Piscataquis,Barnard Twp,41,145,2026.39,30504.0,2020,12
Central Maine Power,Maine,Penobscot,Garland,60,71,555.57,43200.0,2018,11
Central Maine Power,Maine,Sagadahoc,Phippsburg,2103,4205,15473.54,1558764.93,2023,5
Central Maine Power,Maine,Oxford,Bethel,2520,3932,38714.42,1875247.68,2021,3
Versant Power,Maine,Unknown,Sutton Island,442,512,3941.47,313663.3,2017,4
Versant Power,Maine,Hancock,Otis,830,890,1700.61,597600.0,2018,11
Versant Power,Maine,Aroostook,Ludlow,18,26,17.49,13392.0,2021,3
Central Maine Power,Maine,Piscataquis,Blanchard Plantation,109,496,11904.0,81096.0,2017,12
Central Maine Power,Maine,Somerset,Sapling,14,392,9408.0,9408.0,2018,2
Versant Power,Maine,Hancock,T22 Md Bpp,16,32,114.63,11904.0,2021,10
Central Maine Power,Maine,Piscataquis,Willimantic,275,737,1185.35,204607.16,2020,5
Versant Power,Maine,Aroostook,Saint Francis,297,597,1004.83,214328.67,2017,9
Versant Power,Maine,Washington,Roque Bluffs,252,301,2774.54,187783.98,2019,10
Central Maine Power,Maine,Kennebec,Belgrade,2643,2768,10186.98,1903172.74,2021,6
Versant Power,Maine,Unknown,Beddington,1825,25449,213222.22,1246201.4,2016,12
Versant Power,Maine,Washington,Lubec,1278,1289,5103.16,920817.46,2020,11
Versant Power,Maine,Aroostook,Island Falls,734,1461,713.07,528582.42,2022,11
Versant Power,Maine,Hancock,Franklin,951,1164,17331.48,707543.98,2017,10
Versant Power,Maine,Piscataquis,Brownville Junction,333,679,6290.67,247841.0,2017,10
Central Maine Power,Maine,Oxford,Andover,649,715,8144.31,467279.99,2020,4
Central Maine Power,Maine,Somerset,Harmony,604,941,5775.39,449770.34,2022,12
Central Maine Power,Maine,Waldo,Waldo,424,1250,10559.44,315918.65,2020,12
Central Maine Power,Maine,Penobscot,Brooks,2,4,1.68,1259.29,2021,6
Central Maine Power,Maine,Somerset,Canaan,1176,2674,47584.17,846719.99,2017,11
Versant Power,Maine,Washington,Dennysville,86,172,85.67,63020.67,2017,10
Versant Power,Maine,Aroostook,New Canada,167,329,510.63,124256.8,2021,3
Central Maine Power,Maine,Lincoln,Boothbay,2805,8424,91697.67,2087642.94,2017,10
Versant Power,Maine,Hancock,Seal Cove,309,361,621.71,214765.62,2020,2
Central Maine Power,Maine,York,Kennebunkport,3752,4635,70584.13,2791624.61,2022,12
Eastern Maine Power Cooperative,Maine,Aroostook,Bancroft,419,420,535.23,245099.7,2020,1
Eastern Maine Power Cooperative,Maine,Washington,Danforth,167,516,600.92,122749.19,2020,1
Versant Power,Maine,Hancock,Hancock,1791,3200,30047.3,1005293.97,2023,9
Versant Power,Maine,Unknown,Caswell,135,171,87.5,154356.5,2017,8
Versant Power,Maine,Penobscot,Ta R7 Wels,8,18,196.85,4011.92,2020,4
Central Maine Power,Maine,Penobscot,Kenduskeag,126,131,284.09,87973.45,2020,2
Versant Power,Maine,Penobscot,Dexter,42,83,168.35,31248.0,2019,5
Versant Power,Maine,Piscataquis,Williamsburg Twp,51,74,121.87,37944.0,2019,5
Central Maine Power,Maine,Somerset,Harmony,580,1205,12725.5,417600.0,2017,11
Versant Power,Maine,Penobscot,Old Town,78,221,430.67,58964.5,2017,8
Central Maine Power,Maine,Franklin,Stetsontown,72,145,265.77,48384.0,2022,2
Central Maine Power,Maine,Androscoggin,Pownal,30,35,40.55,22320.0,2022,8
Versant Power,Maine,Unknown,Allagash,5087,5411,8578.24,3784727.9,2017,1
Versant Power,Maine,Hancock,Franklin,951,956,963.17,684720.0,2017,9
Central Maine Power,Maine,Knox,Lincolnville,3,6,71.48,2232.0,2022,12
Central Maine Power,Maine,Somerset,Concord,127,206,1526.54,94488.0,2018,5
Versant Power,Maine,Waldo,Winterport,68,579,8460.47,11619.17,2017,10
Versant Power,Maine,Aroostook,Ashland,880,983,343.03,654720.0,2019,1
Central Maine Power,Maine,Piscataquis,Big Squaw,71,72,96.69,52824.0,2022,3
Central Maine Power,Maine,Somerset,Mercer,480,1135,13705.1,261975.46,2023,9
Central Maine Power,Maine,Somerset,East Moxie,18,36,110.93,12096.0,2022,2
Central Maine Power,Maine,Piscataquis,Greenville,1943,3936,6762.74,1445591.99,2022,8
Versant Power,Maine,Hancock,Brooklin,908,1079,9015.96,506638.28,2023,9
Central Maine Power,Maine,Androscoggin,Freeport,1,3,9.34,722.33,2022,12
Versant Power,Maine,Hancock,Amherst,167,255,1314.38,120240.0,2018,11
Versant Power,Maine,Aroostook,Eagle Lake,774,1541,1332.94,576187.5,2022,5
Central Maine Power,Maine,Somerset,St Albans,1398,5760,110989.92,1006715.43,2020,4
Central Maine Power,Maine,Oxford,Adamstown,68,136,1280.68,50958.84,2018,10
Central Maine Power,Maine,Waldo,Liberty,831,906,1217.0,618657.46,2021,10
Central Maine Power,Maine,Sagadahoc,West Bath,1360,4629,45432.25,1012194.61,2022,12
Central Maine Power,Maine,Franklin,Eustis,868,1130,774.68,645874.96,2020,3
Versant Power,Maine,Penobscot,Orono,3546,6391,7063.47,2553695.48,2021,6
Central Maine Power,Maine,Somerset,Caratunk Plantation,180,181,241.33,129635.99,2022,6
Central Maine Power,Maine,Sagadahoc,Georgetown,1249,2131,24276.26,929255.99,2023,3
Versant Power,Maine,Washington,Pembroke,539,675,5441.02,401208.14,2022,12
Versant Power,Maine,Hancock,Brooklin,949,1789,4489.88,706055.99,2018,10
Versant Power,Maine,Hancock,Fletchers Landing Twp,98,128,824.69,72912.0,2022,12
Versant Power,Maine,Penobscot,Molunkus Twp,30,63,966.88,21600.0,2019,11
Versant Power,Maine,Washington,Northfield,210,214,40.07,156240.0,2019,7
Central Maine Power,Maine,Somerset,Moxie Gore,28,704,16203.67,20160.0,2017,11
Versant Power,Maine,Hancock,Eastbrook,500,954,8695.45,360000.0,2018,11
Central Maine Power,Maine,Piscataquis,Frenchtown,110,116,50.98,82119.67,2019,12
Central Maine Power,Maine,Oxford,Milton,77,101,170.74,56733.88,2023,7
Central Maine Power,Maine,Somerset,Industry,15,23,111.13,10800.0,2022,9
Central Maine Power,Maine,Somerset,The Forks Plantation,203,894,3521.89,151032.0,2022,12
Versant Power,Maine,Hancock,Orland,48,86,172.48,36244.65,2020,7
Central Maine Power,Maine,Oxford,Waterford,1464,3018,11950.77,1089649.67,2019,8
Eastern Maine Power Cooperative,Maine,Washington,Waite,2,3,14.01,1392.0,2020,2
Versant Power,Maine,Penobscot,Maxfield,60,121,168.27,43200.0,2019,4
Central Maine Power,Maine,Waldo,Freedom,383,949,13658.05,285294.65,2017,10
Central Maine Power,Maine,Somerset,Concord,127,1208,26533.43,95107.84,2017,12
Central Maine Power,Maine,Waldo,Islesboro,1139,2313,9701.92,820246.82,2019,11
Versant Power,Maine,Unknown,"T1, R6, 7,8",809,817,149.71,602428.6,2019,8
Central Maine Power,Maine,Cumberland,Windham,9785,9894,11896.72,7280648.8,2022,7
Versant Power,Maine,Hancock,Otis,830,2365,1874.45,617520.0,2018,8
Central Maine Power,Maine,Kennebec,Mercer,2,6,56.07,1096.76,2023,9
Central Maine Power,Maine,York,Newfield,1243,1317,3176.63,925110.99,2018,7
Central Maine Power,Maine,Hancock,Penobscot,856,965,3495.08,616320.0,2019,6
Central Maine Power,Maine,Oxford,Peru,1027,1273,3812.71,764088.0,2018,10
Versant Power,Maine,Penobscot,Dixmont,110,580,9656.46,79795.04,2020,4
Versant Power,Maine,Unknown,Woodville,3199,5400,5403.14,2346395.11,2017,3
Versant Power,Maine,Aroostook,Crouseville,0,1,0.0,434.67,2019,11
Versant Power,Maine,Penobscot,Greenbush,439,1729,20213.16,327236.83,2017,10
Central Maine Power,Maine,Franklin,Weld,617,623,1036.51,444926.62,2021,4
Central Maine Power,Maine,Lincoln,Newcastle,1243,4969,91260.34,894959.97,2017,11
Versant Power,Maine,Penobscot,East Millinocket,15,114,142.0,11752.5,2017,10
Central Maine Power,Maine,Waldo,Knox,420,898,5500.13,312480.0,2020,10
Central Maine Power,Maine,Somerset,Concord,129,144,981.74,96034.64,2021,3
Central Maine Power,Maine,Somerset,Brighton Plantation,50,52,70.09,34062.97,2022,2
Central Maine Power,Maine,Oxford,Paris,2969,3588,37160.33,2208954.91,2017,10
Central Maine Power,Maine,Franklin,Perkins,17,58,420.73,12240.0,2019,11
Versant Power,Maine,Unknown,"T17, R3, 12",765,4154,99696.0,569160.0,2018,1
Versant Power,Maine,Hancock,Lamoine,1215,2181,33519.84,904400.57,2022,12
Versant Power,Maine,Unknown,Marshfield,16176,17113,24304.03,2975639.26,2016,12
Central Maine Power,Maine,Lincoln,Nobleboro,1391,5734,69229.07,1001554.84,2020,4
Versant Power,Maine,Unknown,T30 Md Bpp,0,1,0.0,217.84,2020,4
Central Maine Power,Maine,Cumberland,Pownal,757,879,705.39,563400.16,2018,1
Central Maine Power,Maine,Piscataquis,Beaver Cove Plantation,263,279,28.66,189405.82,2022,4
Versant Power,Maine,Hancock,Fletchers Landing Twp,97,140,466.32,54797.51,2023,9
Versant Power,Maine,Aroostook,Smyrna Mills,92,2852,68448.0,68448.0,2018,3
Versant Power,Maine,Aroostook,Westfield,258,329,1447.52,185760.0,2018,11
Central Maine Power,Maine,Oxford,Roxbury,461,504,2718.75,343074.09,2020,12
Versant Power,Maine,Penobscot,Alton,418,540,3448.34,311015.16,2020,10
Versant Power,Maine,Penobscot,Winn,239,304,31.74,177020.46,2023,5
Versant Power,Maine,Piscataquis,Long A Twp,57,114,105.73,42596.69,2022,7
Central Maine Power,Maine,Cumberland,Durham,2,3,4.82,1440.0,2021,9
Versant Power,Maine,Washington,Pembroke,532,804,4706.65,298340.21,2023,9
Versant Power,Maine,Penobscot,Winn,241,1150,7074.04,179847.82,2022,12
Versant Power,Maine,Hancock,Mariaville,405,1139,950.99,301320.0,2018,8
Versant Power,Maine,Aroostook,Ludlow,16,496,11904.0,11904.0,2018,1
Central Maine Power,Maine,Hancock,Verona,324,1068,14363.5,233280.0,2017,11
Versant Power,Maine,Unknown,T9 Sd,16,48,610.65,11904.0,2019,10
Versant Power,Maine,Washington,Marion Twp,57,81,327.44,42408.0,2020,12
Central Maine Power,Maine,Knox,Lincolnville,3,5,16.04,1665.77,2023,9
Central Maine Power,Maine,Franklin,Wilton,2281,2328,25800.84,1697122.18,2018,5
Central Maine Power,Maine,Oxford,Magalloway Plantation,73,147,119.92,54312.0,2020,5
Versant Power,Maine,Washington,Columbia,18,37,76.0,4240.83,2017,10
Versant Power,Maine,Penobscot,Argyle Twp,145,299,1037.71,108559.97,2021,3
Central Maine Power,Maine,Somerset,Concord,127,272,3451.83,94488.0,2022,12
Central Maine Power,Maine,Franklin,Freeman,244,532,1806.47,181536.0,2020,10
Versant Power,Maine,Hancock,Tremont,1527,1560,13530.66,1125998.75,2023,5
Versant Power,Maine,Unknown,Lakeview Plt,452,504,303.76,336288.0,2019,7
Eastern Maine Power Cooperative,Maine,Penobscot,Unknown,1575,1590,2507.11,1171800.0,2019,8
Versant Power,Maine,Unknown,"T17, R3, 12",765,843,1265.2,569160.0,2018,5
Versant Power,Maine,Penobscot,Soldiertown Twp T2 R7 Wels,11,12,9.84,8790.39,2023,3
Versant Power,Maine,Unknown,T28 Md,8,248,5952.0,5952.0,2017,12
Central Maine Power,Maine,Piscataquis,Big Squaw,71,74,441.98,52824.0,2022,7
Central Maine Power,Maine,Oxford,POLAND,3,9,16.59,2056.15,2021,9
Central Maine Power,Maine,Oxford,Magalloway Plantation,73,147,188.25,54312.0,2019,12
Central Maine Power,Maine,Somerset,Long Pond,95,190,217.48,68400.0,2020,11
Versant Power,Maine,Aroostook,New Limerick,13,26,11.12,9360.0,2022,11
Eastern Maine Power Cooperative,Maine,Aroostook,Moro Plantation,170,259,138.57,124856.38,2022,12
Versant Power,Maine,Aroostook,Caswell,4,120,2880.0,2880.0,2017,11
Central Maine Power,Maine,Penobscot,Stetson,705,805,4760.44,524651.15,2021,3
Central Maine Power,Maine,Somerset,Smithfield,826,1701,24666.78,614800.88,2020,12
Central Maine Power,Maine,Sagadahoc,Phippsburg,2111,2165,1595.85,1467152.35,2023,7
Versant Power,Maine,Hancock,Hancock,1001,1301,6576.07,745200.89,2018,3
Central Maine Power,Maine,Waldo,Waldo,418,497,3459.34,300960.0,2019,11
Central Maine Power,Maine,Oxford,Adamstown,63,127,217.63,45360.0,2022,4
Central Maine Power,Maine,Piscataquis,Greenville,1780,4484,43899.49,1324944.65,2017,10
Versant Power,Maine,Penobscot,Greenfield Twp,142,144,152.57,105648.0,2019,1
Central Maine Power,Maine,Franklin,Carrabassett Valley,2459,3568,7749.47,1829437.37,2019,10
Versant Power,Maine,Washington,Trescott Twp,220,441,311.23,158969.84,2023,4
Central Maine Power,Maine,Franklin,Freeman,254,507,5368.49,189333.98,2022,12
Versant Power,Maine,Hancock,Blue Hill,2061,3968,49906.52,1534011.24,2017,10
Central Maine Power,Maine,Waldo,Northport,1302,2726,30622.1,937439.96,2017,11
Versant Power,Maine,Penobscot,Medway,305,766,1624.5,220273.5,2017,8
Central Maine Power,Maine,Somerset,Canaan,1220,1224,3111.79,900894.25,2023,7
Versant Power,Maine,Penobscot,Howland,322,431,3725.68,231840.0,2017,11
Versant Power,Maine,Hancock,Mariaville,405,728,3619.9,291600.0,2018,11
Central Maine Power,Maine,Piscataquis,Kineo,35,36,210.38,25200.0,2020,6
Central Maine Power,Maine,Penobscot,Garland,60,104,2263.0,43889.17,2017,11
Central Maine Power,Maine,Hancock,Castine,782,912,2788.47,582310.76,2021,10
Central Maine Power,Maine,Penobscot,Kenduskeag,144,146,292.27,103774.44,2022,4
Versant Power,Maine,Washington,Beddington,242,1292,22904.09,180048.0,2022,12
Eastern Maine Power Cooperative,Maine,Washington,Charlotte,1248,1341,4129.3,897296.16,2023,5
Versant Power,Maine,Piscataquis,Sebec,534,839,1074.82,382410.56,2023,7
Versant Power,Maine,Piscataquis,Long A Twp,56,224,533.84,41664.0,2021,3
Central Maine Power,Maine,Oxford,Magalloway Plantation,73,219,1197.97,54312.0,2020,7
Central Maine Power,Maine,Kennebec,Wayne,931,4330,52363.02,670319.98,2017,11
Versant Power,Maine,Hancock,Blue Hill,1844,4848,4635.95,1337903.97,2017,9
Central Maine Power,Maine,Cumberland,Brunswick,10965,21295,337023.69,8156915.21,2017,10
Central Maine Power,Maine,Lincoln,Edgecomb,962,1070,691.29,716104.51,2020,5
Central Maine Power,Maine,Somerset,Misery Gore,10,40,23.61,7440.0,2018,5
Versant Power,Maine,Unknown,Dover-foxcroft,6221,36278,236362.06,4493709.87,2016,12
Central Maine Power,Maine,Hancock,Penobscot,860,993,9715.78,640125.99,2019,10
Central Maine Power,Maine,Piscataquis,Bowerbank,31,32,555.64,23064.0,2020,10
Eastern Maine Power Cooperative,Maine,Aroostook,Ludlow,60,68,124.72,44640.0,2022,12
Versant Power,Maine,Hancock,Stonington,1181,3917,7774.89,850408.33,2022,9
Versant Power,Maine,Aroostook,Chapman,144,227,597.66,74501.33,2017,10
Versant Power,Maine,Aroostook,Sherman,452,800,1460.76,336288.0,2018,12
Central Maine Power,Maine,Somerset,Canaan,1215,1355,2261.98,875163.96,2021,9
Versant Power,Maine,Unknown,Ta R7 Wels,5810,13740,41392.52,4173668.32,2017,6
Versant Power,Maine,Aroostook,Smyrna Mills,92,2576,61824.0,61824.0,2018,2
Versant Power,Maine,Aroostook,Limestone,800,1286,1955.55,596658.79,2019,7
Central Maine Power,Maine,York,Lyman,2337,3367,16761.03,1739213.11,2020,8
Versant Power,Maine,Aroostook,T17 R3 Wels,138,274,546.9,99659.19,2021,4
Versant Power,Maine,Washington,Northfield,213,218,570.6,158472.0,2020,3
Versant Power,Maine,Penobscot,Dixmont,115,159,397.15,85560.0,2018,10
Central Maine Power,Maine,Franklin,Weld,632,1268,2878.87,470208.0,2023,1
Central Maine Power,Maine,Penobscot,Dixmont,512,1683,36053.36,369343.48,2020,4
Versant Power,Maine,Aroostook,Smyrna,88,266,995.92,65472.0,2020,12
Central Maine Power,Maine,Piscataquis,Lily Bay,113,226,470.86,84072.0,2018,5
Versant Power,Maine,Aroostook,Wade,142,277,2330.79,102240.0,2019,11
Versant Power,Maine,Aroostook,Presque Isle,5109,8948,34706.47,3801716.99,2020,12
Central Maine Power,Maine,Somerset,Canaan,1206,1258,116.83,897814.16,2020,3
Versant Power,Maine,Washington,Whitneyville,112,122,70.32,83612.44,2018,10
Central Maine Power,Maine,Lincoln,Dresden,951,1524,1775.6,708185.82,2020,7
Central Maine Power,Maine,Kennebec,Whitefield,3,4,2.47,2211.83,2023,5
Versant Power,Maine,Penobscot,Glenburn,2022,2971,14854.98,1455839.92,2018,11
Central Maine Power,Maine,Somerset,Harmony,598,600,2422.45,431161.51,2021,11
Central Maine Power,Maine,Somerset,Sapling,13,26,15.16,9672.0,2019,1
Central Maine Power,Maine,Lincoln,Bremen,685,710,463.42,486729.58,2023,7
Central Maine Power,Maine,Knox,Hope,1025,1112,16640.14,762599.98,2020,10
Central Maine Power,Maine,Franklin,Coplin Plantation,212,271,2033.23,152640.0,2019,11
Versant Power,Maine,Aroostook,Woodland,341,421,1084.63,245520.0,2018,9
Central Maine Power,Maine,Waldo,Islesboro,1014,1148,2558.85,755086.97,2023,3
Central Maine Power,Maine,Piscataquis,Greenville,1874,5746,31172.27,1394738.79,2021,3
Central Maine Power,Maine,Androscoggin,Pownal,30,53,147.14,20160.0,2021,2
Central Maine Power,Maine,York,Lebanon,3199,7402,20297.75,2380148.73,2019,7
Central Maine Power,Maine,Somerset,Brighton Plantation,49,400,4556.55,35993.49,2019,11
Central Maine Power,Maine,Oxford,Grafton,2,6,6.0,1440.0,2019,11
Central Maine Power,Maine,Piscataquis,Frenchtown,102,204,425.03,75888.0,2018,5
Versant Power,Maine,Piscataquis,Ebeemee Twp,182,366,833.72,136058.99,2020,3
Versant Power,Maine,Unknown,Somesville,368,887,7595.36,273792.0,2019,10
Central Maine Power,Maine,Piscataquis,Willimantic,277,372,1740.67,206088.0,2017,10
Versant Power,Maine,Aroostook,Saint Francis,314,773,935.46,230641.72,2023,5
Central Maine Power,Maine,Cumberland,Chebeague Island,559,1158,8277.33,415896.0,2017,10
Eastern Maine Power Cooperative,Maine,Washington,Vanceboro,123,146,97.89,88763.52,2022,9
Central Maine Power,Maine,Kennebec,Litchfield,2167,4178,55758.13,1560655.85,2020,4
Central Maine Power,Maine,Sagadahoc,Phippsburg,2042,4524,20480.98,1421505.63,2020,2
Versant Power,Maine,Penobscot,Orrington,2088,2174,773.72,1537855.49,2023,5
Versant Power,Maine,Hancock,Bar Harbor,812,1970,23248.32,604208.31,2017,10
Central Maine Power,Maine,Oxford,Gilead,174,390,2428.07,117409.22,2022,2
Central Maine Power,Maine,Somerset,Cornville,692,1843,34309.43,515247.6,2020,12
Central Maine Power,Maine,Piscataquis,Kineo,35,70,52.51,26040.0,2018,7
Versant Power,Maine,Piscataquis,Bowerbank,348,1337,5713.77,180614.29,2023,9
Eastern Maine Power Cooperative,Maine,Washington,Lambert Lake,57,221,48.36,42872.48,2021,8
Central Maine Power,Maine,Waldo,Thorndike,407,818,12583.34,293040.0,2017,11
Central Maine Power,Maine,Waldo,Monroe,532,1159,20887.51,395997.5,2017,10
Central Maine Power,Maine,Piscataquis,Shirley,233,467,622.06,173482.78,2022,8
Central Maine Power,Maine,Somerset,Moose River,208,416,103.94,154752.0,2018,7
Central Maine Power,Maine,Oxford,Lincoln Plantation,88,274,670.31,65472.0,2018,1
Versant Power,Maine,Unknown,Long A Twp,5809,12922,69901.6,4173668.05,2017,6
Versant Power,Maine,Penobscot,Hudson,847,1082,3061.84,1138368.0,2022,2
Central Maine Power,Maine,Waldo,Liberty,823,924,8679.49,592935.83,2019,11
Central Maine Power,Maine,Lincoln,Damariscotta,1736,3426,44432.55,1292317.42,2017,10
Central Maine Power,Maine,Franklin,Vienna,1,3,16.51,744.0,2022,12
Central Maine Power,Maine,Somerset,Brighton Plantation,49,147,1910.82,37006.86,2022,12
Versant Power,Maine,Unknown,Town Hill,332,523,3206.33,239040.0,2019,11
Central Maine Power,Maine,Franklin,Perkins,20,21,97.96,14900.81,2021,9
Central Maine Power,Maine,Somerset,Misery Gore,10,83,223.53,7200.0,2018,11
Versant Power,Maine,Washington,Berry Twp,5,15,96.99,3720.0,2022,12
Versant Power,Maine,Hancock,Penobscot,84,107,264.53,58464.0,2020,2
Central Maine Power,Maine,Oxford,Porter,923,1455,8327.79,665095.0,2019,11
Versant Power,Maine,Unknown,Sutton Island,26,51,931.37,19344.0,2019,10
Central Maine Power,Maine,Oxford,Lincoln Plantation,89,347,2249.25,66216.0,2019,10
Central Maine Power,Maine,Piscataquis,Kingsbury Plantation,47,199,3463.47,33840.0,2020,4
Central Maine Power,Maine,Oxford,Albany,375,2638,37809.24,279177.13,2022,12
Versant Power,Maine,Aroostook,Nashville Plt,34,68,131.79,24480.0,2022,4
Versant Power,Maine,Hancock,Northeast Harbor,778,782,2549.2,560160.0,2019,11
Versant Power,Maine,Unknown,Township 8,48,165,119.27,36153.14,2020,3
Central Maine Power,Maine,Franklin,Lang,63,106,123.44,46872.0,2021,3
Central Maine Power,Maine,Lincoln,Waldoboro,3142,4047,38177.31,2338037.77,2022,12
Central Maine Power,Maine,Somerset,Misery Gore,10,20,38.45,7440.0,2019,8
Central Maine Power,Maine,Knox,St George,2344,2461,2991.75,1575540.97,2019,2
Central Maine Power,Maine,Sagadahoc,Bowdoin,1466,3103,43342.75,1055619.78,2020,4
Central Maine Power,Maine,Oxford,Sweden,382,1313,15641.68,275040.0,2017,11
Versant Power,Maine,Penobscot,Garland,488,511,1267.01,363607.99,2020,5
Central Maine Power,Maine,Oxford,Stow,218,643,8470.67,162194.33,2017,10
Eastern Maine Power Cooperative,Maine,Aroostook,Orient,49,106,137.02,37162.31,2020,1
Central Maine Power,Maine,Cumberland,Freeport,4922,5989,15194.3,3307533.8,2021,2
Versant Power,Maine,Hancock,Mariaville,426,548,1759.69,317179.35,2020,7
Central Maine Power,Maine,Franklin,New Vineyard,510,687,11151.17,380179.33,2017,10
Versant Power,Maine,Hancock,Deer Isle,1840,2635,29083.66,1324799.94,2019,11
Eastern Maine Power Cooperative,Maine,Washington,Topsfield,20,30,5.5,10741.28,2023,9
Eastern Maine Power Cooperative,Maine,Aroostook,New Limerick,3,6,16.41,1786.25,2023,9
Versant Power,Maine,Washington,Columbia Falls,153,375,115.5,112960.5,2017,12
Central Maine Power,Maine,Penobscot,Newburgh,63,161,235.0,45360.0,2017,9
Versant Power,Maine,Hancock,Osborn,40,80,66.86,29760.0,2022,8
Central Maine Power,Maine,Waldo,Montville,605,621,6332.99,436245.64,2020,9
Versant Power,Maine,Penobscot,Seboeis Plt,57,112,94.05,42408.0,2022,1
Central Maine Power,Maine,Sagadahoc,Bowdoin,1427,3316,49139.32,1055232.98,2017,10
Versant Power,Maine,Aroostook,Eagle Lake,766,1758,10898.99,551520.0,2019,11
Central Maine Power,Maine,Knox,Warren,2355,2813,1513.35,1711389.66,2023,7
Versant Power,Maine,Aroostook,Saint Francis,302,303,1213.0,224903.33,2019,8
Central Maine Power,Maine,Androscoggin,Leeds,1223,1322,3363.94,686318.84,2023,9
Central Maine Power,Maine,Kennebec,Readfield,1569,3063,6328.64,1167555.12,2020,3
Central Maine Power,Maine,Somerset,Moose River,207,208,138.61,149714.16,2018,6
Versant Power,Maine,Aroostook,Stockholm,164,327,289.02,122016.0,2018,10
Versant Power,Maine,Hancock,Otis,793,830,2878.32,570957.27,2020,9
Versant Power,Maine,Unknown,Lowell,5171,30900,144528.84,1452097.16,2016,12
Central Maine Power,Maine,Somerset,Moscow,382,537,6535.56,284965.01,2018,10
Versant Power,Maine,Aroostook,Silver Ridge Twp,44,131,698.42,32736.0,2020,12
Central Maine Power,Maine,Waldo,Unity,1136,3049,49317.45,817997.59,2020,4
Eastern Maine Power Cooperative,Maine,Aroostook,Houlton,3,16,0.0,2353.02,2023,5
Eastern Maine Power Cooperative,Maine,Aroostook,Merrill,114,328,194.45,82080.0,2022,11
Versant Power,Maine,Unknown,Lucerne,137,230,168.85,90910.05,2020,4
Versant Power,Maine,Hancock,Penobscot,84,138,985.08,60480.0,2018,11
Central Maine Power,Maine,Sagadahoc,Arrowsic,305,306,2280.54,227295.66,2018,10
Central Maine Power,Maine,Waldo,Searsport,1782,6363,59999.34,1283039.94,2017,11
Central Maine Power,Maine,York,Lyman,2266,3256,5688.58,1631648.15,2018,9
Central Maine Power,Maine,Androscoggin,Mechanic Falls,1602,1605,1012.17,1145175.35,2023,6
Central Maine Power,Maine,Piscataquis,Kingsbury Plantation,38,152,1323.23,28707.18,2021,3
Central Maine Power,Maine,Oxford,Dixfield,1252,1447,1012.42,902096.82,2019,6
Versant Power,Maine,Piscataquis,Brownville Junction,317,669,682.5,231470.5,2017,9
Central Maine Power,Maine,Somerset,Embden,993,3169,57358.69,739239.42,2020,12
Versant Power,Maine,Aroostook,Stockholm,169,171,199.4,126315.62,2022,1
Versant Power,Maine,Unknown,Connor,5080,5197,8086.35,3697353.23,2016,12
Versant Power,Maine,Hancock,Brooksville,812,1245,5962.97,584640.0,2018,11
Versant Power,Maine,Washington,Eastport,1251,2313,6716.21,931155.03,2023,3
Central Maine Power,Maine,Cumberland,Otisfield,5,21,367.04,3720.0,2022,12
Versant Power,Maine,Penobscot,Seboeis Plt,55,58,27.37,39600.0,2018,9
Central Maine Power,Maine,Waldo,Northport,1327,1406,706.91,892136.98,2019,2
Central Maine Power,Maine,Somerset,Harmony,592,1867,29737.64,426526.8,2019,11
Central Maine Power,Maine,Kennebec,Pittston,1497,1822,8819.59,1108697.41,2023,5
Central Maine Power,Maine,Somerset,Misery Gore,10,25,63.64,7200.0,2020,9
Eastern Maine Power Cooperative,Maine,Washington,Alexander,228,372,227.99,169936.15,2021,12
Central Maine Power,Maine,Oxford,Bridgton,32,192,2864.59,23808.0,2022,12
Central Maine Power,Maine,Piscataquis,Lily Bay,114,130,469.19,82080.0,2020,9
Central Maine Power,Maine,Kennebec,Fayette,935,3829,55579.12,696196.45,2020,12
Versant Power,Maine,Aroostook,Benedicta Twp,193,384,218.99,138960.0,2022,11
Central Maine Power,Maine,Sagadahoc,Georgetown,1202,2797,29598.52,865586.96,2019,11
Central Maine Power,Maine,Oxford,Hanover,279,526,2506.63,207885.5,2018,1
Versant Power,Maine,Washington,Beddington,240,734,4612.66,172800.0,2018,11
Versant Power,Maine,Unknown,T22 Md,372,379,769.12,92559.98,2016,11
Versant Power,Maine,Piscataquis,Medford,170,267,506.68,95238.0,2023,9
Eastern Maine Power Cooperative,Maine,Aroostook,Oakfield,284,304,302.83,211710.33,2022,8
Versant Power,Maine,Aroostook,Chapman,192,438,466.02,142832.04,2018,5
Central Maine Power,Maine,Somerset,Mercer,480,1007,507.11,346153.48,2022,11
Versant Power,Maine,Hancock,Harborside,190,192,826.79,141360.0,2018,1
Central Maine Power,Maine,Waldo,Lincolnville,1751,3747,36368.18,1260719.95,2017,11
Central Maine Power,Maine,Piscataquis,Abbot,562,828,4648.16,404640.0,2017,11
Central Maine Power,Maine,Somerset,Hartland,1228,1468,1230.32,914325.94,2021,12
Versant Power,Maine,Washington,Trescott Twp,142,190,590.33,101329.17,2017,11
Versant Power,Maine,Hancock,Swans Island,486,496,1740.5,283633.83,2017,8
Versant Power,Maine,Penobscot,Woodville,118,238,27.96,79435.28,2019,2
Central Maine Power,Maine,Waldo,Jackson,306,330,511.25,220667.96,2022,9
Versant Power,Maine,Piscataquis,T4 R9 Nwp,3,6,6.12,2232.0,2022,7
Central Maine Power,Maine,Somerset,East Moxie,18,36,66.27,12960.0,2021,4
Central Maine Power,Maine,Oxford,Buckfield,1073,1416,2959.9,772762.94,2019,4
Central Maine Power,Maine,Franklin,Madrid,199,737,6942.52,143346.99,2019,11
Central Maine Power,Maine,Somerset,New Portland,685,721,936.86,485335.05,2023,7
Central Maine Power,Maine,Piscataquis,Lily Bay,113,114,163.05,84763.66,2019,8
Central Maine Power,Maine,Penobscot,Etna,632,642,318.59,455040.0,2020,6
Versant Power,Maine,Hancock,Frenchboro,68,138,1403.0,49565.83,2017,9
Central Maine Power,Maine,Somerset,Clinton,4,6,1.96,2976.0,2022,3
Versant Power,Maine,Piscataquis,Lake View Plt,473,2354,26642.6,352026.3,2020,12
Central Maine Power,Maine,Franklin,Temple,346,376,429.85,257598.51,2022,3
Central Maine Power,Maine,Penobscot,Garland,60,65,552.86,44640.0,2018,10
Versant Power,Maine,Penobscot,Clifton,550,1185,11359.64,298894.89,2023,9
Versant Power,Maine,Penobscot,Clifton,547,641,1137.14,407487.87,2021,7
Central Maine Power,Maine,Knox,Union,1451,1815,2975.94,1080206.66,2019,7
Central Maine Power,Maine,Waldo,Thorndike,416,489,847.35,309882.82,2018,8
Central Maine Power,Maine,Somerset,Dennistown Plantation,27,117,311.69,20281.02,2022,12
Versant Power,Maine,Unknown,Beddington,0,5,0.0,511.67,2017,9
Versant Power,Maine,Piscataquis,Atkinson,184,816,8937.19,137166.83,2020,12
Central Maine Power,Maine,Franklin,Kingfield,837,1608,6532.76,602964.0,2020,6
Central Maine Power,Maine,Piscataquis,Willimantic,282,463,949.75,189804.7,2022,2
Versant Power,Maine,Penobscot,Mattamiscontis Twp,37,38,57.22,27680.98,2020,8
Central Maine Power,Maine,Franklin,Chesterville,833,954,8117.53,620254.98,2020,10
Central Maine Power,Maine,Penobscot,Levant,1326,1975,5631.46,986691.82,2018,8
Versant Power,Maine,Penobscot,Holden,1836,3762,40373.59,1366563.0,2022,12
Versant Power,Maine,Washington,Beddington,243,488,3262.64,174960.0,2019,11
Central Maine Power,Maine,Kennebec,Bowdoin,2,4,10.35,1488.0,2021,10
Versant Power,Maine,Washington,Roque Bluffs,14,18,55.84,10080.0,2017,11
Central Maine Power,Maine,Franklin,Jim Pond,3,81,1826.5,2160.0,2017,11
Central Maine Power,Maine,Kennebec,Vienna,456,1435,24622.26,328320.0,2020,4
Eastern Maine Power Cooperative,Maine,Penobscot,Patten,16,40,79.94,11692.75,2022,4
Versant Power,Maine,Washington,Cathance Twp,9,18,232.56,6696.0,2018,3
Versant Power,Maine,Hancock,Southwest Harbor,1910,2330,6545.35,1421587.69,2023,1
Central Maine Power,Maine,Somerset,Sapling,23,119,709.97,17439.68,2021,3
Versant Power,Maine,Hancock,Swans Island,516,1030,1200.81,384412.97,2020,8
Central Maine Power,Maine,Oxford,Denmark,1247,1248,4246.97,927878.32,2018,10
Central Maine Power,Maine,Franklin,Rangeley Plantation,571,1457,3169.69,424824.0,2020,10
Versant Power,Maine,Penobscot,Stacyville,148,208,1324.56,106560.0,2018,11
Central Maine Power,Maine,Somerset,Sapling,24,26,75.37,17280.0,2022,4
Central Maine Power,Maine,Kennebec,Litchfield,2186,2280,9506.04,1626862.22,2020,10
Versant Power,Maine,Penobscot,Bradford,636,1943,981.02,473739.48,2022,7
Central Maine Power,Maine,Oxford,Gilead,174,1163,20956.15,130007.84,2018,1
Central Maine Power,Maine,Somerset,Tomhegan,182,183,579.4,135844.99,2020,7
Versant Power,Maine,Washington,Roque Bluffs,288,508,848.34,207752.0,2020,11
Central Maine Power,Maine,Piscataquis,Cove Point,7,196,4704.0,4704.0,2018,2
Versant Power,Maine,Washington,Columbia Falls,360,629,674.04,258554.26,2018,6
Central Maine Power,Maine,Waldo,Belfast,4532,4557,6830.24,3372530.4,2018,10
Versant Power,Maine,Penobscot,Passadumkeag,49,173,2314.97,35280.0,2017,11
Versant Power,Maine,Piscataquis,Bowerbank,344,1370,22247.27,255936.0,2020,12
Eastern Maine Power Cooperative,Maine,Washington,Indian Township,1,6,20.03,1090.95,2020,2
Central Maine Power,Maine,Waldo,Jackson,297,1402,26645.99,214054.84,2020,4
Eastern Maine Power Cooperative,Maine,Penobscot,Mount Chase,246,560,1335.68,183594.38,2022,12
Central Maine Power,Maine,Somerset,Canaan,1225,1226,1640.59,875070.92,2023,6
Versant Power,Maine,Hancock,Hancock,21,69,93.2,15360.17,2017,9
Central Maine Power,Maine,Waldo,Prospect,390,422,1014.8,281371.05,2022,9
Versant Power,Maine,Penobscot,Greenbush,547,620,3567.17,406967.99,2018,3
Central Maine Power,Maine,Somerset,TAUNTON   RAYNHAM ACADEMY GRANT,611,1971,17558.18,454584.0,2022,12
Versant Power,Maine,Washington,Pembroke,526,538,695.57,391919.98,2020,5
Versant Power,Maine,Hancock,Prospect Harbor,33,57,454.67,24552.0,2017,10
Central Maine Power,Maine,Kennebec,Rome,1113,4039,63665.45,828543.29,2020,12
Central Maine Power,Maine,Oxford,Upton,183,367,1676.06,136299.02,2021,12
Central Maine Power,Maine,Oxford,Albany,355,790,9134.3,255600.0,2018,11
Central Maine Power,Maine,Piscataquis,Bowerbank,30,31,36.15,21837.64,2021,6
Central Maine Power,Maine,Hancock,Castine,786,795,1126.28,585392.78,2023,3
Central Maine Power,Maine,Franklin,Salem,194,207,8.95,143326.5,2023,7
Versant Power,Maine,Aroostook,New Sweden,34,348,412.0,21320.33,2017,8
Central Maine Power,Maine,Franklin,Perkins,17,34,43.66,12648.0,2020,8
Versant Power,Maine,Unknown,Larrabee,11,17,164.34,8433.72,2018,3
Central Maine Power,Maine,Oxford,Hartford,751,768,1951.52,540816.3,2021,9
Central Maine Power,Maine,Waldo,Islesboro,994,1778,11559.74,715953.04,2020,11
Central Maine Power,Maine,Franklin,Freeman,234,239,1237.02,174096.0,2018,5
Central Maine Power,Maine,Oxford,Fryeburg,2309,3214,57929.23,1718437.6,2020,12
Versant Power,Maine,Aroostook,Sherman,457,459,1414.62,329732.34,2021,9
Central Maine Power,Maine,Lincoln,Waldoboro,3080,6717,84356.41,2292154.47,2019,10
Central Maine Power,Maine,Oxford,Porter,915,995,11924.45,659334.68,2018,11
Eastern Maine Power Cooperative,Maine,Aroostook,Crystal,1043,2016,0.0,750960.0,2022,11
Central Maine Power,Maine,Franklin,Coplin Plantation,214,244,176.48,159334.94,2022,7
Versant Power,Maine,Penobscot,Charleston,610,3507,48330.93,439385.53,2020,4
Central Maine Power,Maine,Oxford,Hartford,751,889,1326.02,559400.54,2021,10
Versant Power,Maine,Unknown,Lakeview Plantation,457,14167,340008.0,340008.0,2018,1
Versant Power,Maine,Washington,Pleasant Point,345,543,599.13,249058.23,2022,6
Versant Power,Maine,Hancock,Deer Isle,1826,2809,38483.66,1314719.9,2018,11
Versant Power,Maine,Hancock,Penobscot,59,66,166.82,43896.0,2021,10
Versant Power,Maine,Hancock,Bar Harbor,505,879,685.3,364163.33,2017,9
Versant Power,Maine,Aroostook,Crystal,106,319,1923.29,79083.63,2020,12
Central Maine Power,Maine,Lincoln,Damariscotta,1774,5577,59641.09,1277474.43,2020,4
Central Maine Power,Maine,Penobscot,Plymouth,693,4740,103712.0,498960.0,2017,11
Versant Power,Maine,Penobscot,Kenduskeag,2,5,14.33,1786.5,2017,8
Central Maine Power,Maine,Somerset,Highland Plantation,50,100,266.81,37200.0,2020,3
Versant Power,Maine,Penobscot,Greenfield Twp,142,400,894.71,105648.0,2018,7
Versant Power,Maine,Unknown,Township 8,61,116,203.0,40992.0,2019,2
Central Maine Power,Maine,Cumberland,North Yarmouth,1850,1876,7584.78,1377073.04,2020,8
Versant Power,Maine,Penobscot,Dixmont,115,437,8336.66,82800.0,2017,11
Versant Power,Maine,Unknown,Lakeview Plantation,457,12796,307104.0,307104.0,2018,2
Central Maine Power,Maine,Sagadahoc,Phippsburg,2074,4151,4606.2,1493975.08,2021,9
Central Maine Power,Maine,Somerset,Parlin Pond,26,78,624.0,19344.0,2017,10
Versant Power,Maine,Unknown,T3 Indian Purchase,73,138,1116.0,53287.0,2017,11
Versant Power,Maine,Hancock,Little Deer Isle,90,110,1076.59,64800.0,2019,11
Versant Power,Maine,Washington,Bucks Harbor,82,162,972.11,61008.0,2018,8
Central Maine Power,Maine,Sagadahoc,West Bath,1347,1849,19174.24,1003038.26,2020,12
Versant Power,Maine,Hancock,Amherst,172,370,1915.79,98300.91,2023,9
Central Maine Power,Maine,Waldo,Belfast,4600,12125,168403.63,3312356.09,2020,4
Central Maine Power,Maine,Oxford,Greenwood,897,3100,41318.84,667629.44,2020,12
Versant Power,Maine,Hancock,Otis,779,1948,40086.74,560880.0,2017,11
Central Maine Power,Maine,Sagadahoc,Bowdoin,1432,2002,2274.35,1031600.81,2018,9
Versant Power,Maine,Washington,Dennysville,194,221,1778.39,105501.18,2023,9
Central Maine Power,Maine,Oxford,Canton,529,684,7830.55,393996.62,2020,12
Versant Power,Maine,Aroostook,Allagash,282,568,1543.28,210057.96,2022,10
Versant Power,Maine,Unknown,Somesville,6407,34968,187890.54,4625943.07,2016,12
Versant Power,Maine,Unknown,Dover-foxcroft,11,29,159.83,7920.0,2017,11
Versant Power,Maine,Penobscot,Brewer,4939,7864,61460.81,3556079.76,2017,11
Versant Power,Maine,Hancock,Great Pond,66,67,277.63,49104.0,2020,7
Central Maine Power,Maine,Waldo,Jackson,290,325,702.67,215880.82,2018,7
Versant Power,Maine,Aroostook,New Sweden,345,353,345.05,248400.0,2018,6
Versant Power,Maine,Aroostook,T16 R6 Wels,1,3,3.53,744.0,2021,3
Versant Power,Maine,Unknown,T28 Md,377,379,767.33,92558.19,2016,11
Central Maine Power,Maine,Franklin,Jim Pond,3,6,78.49,2160.0,2018,11
Central Maine Power,Maine,Somerset,Moxie Gore,28,616,12922.1,20832.0,2017,12
Versant Power,Maine,Washington,Jonesboro,433,528,7288.28,322152.0,2022,12
Versant Power,Maine,Aroostook,Wallagrass,372,516,1060.86,276985.32,2022,7
Central Maine Power,Maine,Piscataquis,Shirley,230,231,276.21,171120.0,2021,12
Versant Power,Maine,Washington,Cutler,312,426,589.67,183124.17,2017,8
Central Maine Power,Maine,Oxford,Stow,262,287,206.72,194928.0,2023,3
Central Maine Power,Maine,Androscoggin,Leeds,1146,1672,8273.95,852934.01,2019,7
Eastern Maine Power Cooperative,Maine,Penobscot,Mattawamkeag,345,402,685.04,232312.8,2023,2
Central Maine Power,Maine,Kennebec,Waterville,8208,15357,138685.82,5910193.35,2020,4
Central Maine Power,Maine,Somerset,Sapling,24,33,1.99,17605.93,2023,5
Versant Power,Maine,Penobscot,Brewer,62,178,311.0,45089.33,2017,9
Versant Power,Maine,Aroostook,Sheridan,14,62,20.67,10066.26,2018,5
Versant Power,Maine,Penobscot,Patten,378,763,1717.83,281793.33,2017,10
Versant Power,Maine,Hancock,West Tremont,49,441,4100.67,7939.33,2017,10
Versant Power,Maine,Hancock,Sullivan,940,1143,8691.85,697361.45,2023,5
Eastern Maine Power Cooperative,Maine,Washington,Wesley,66,338,440.1,44890.29,2021,11
Central Maine Power,Maine,Kennebec,Randolph,958,1131,12675.51,689760.0,2017,11
Versant Power,Maine,Unknown,T7 Sd,10,54,1035.7,7440.0,2018,1
Central Maine Power,Maine,Waldo,Liberty,853,1642,1457.82,635118.1,2022,10
Central Maine Power,Maine,Sagadahoc,DURHAM,1,2,3.99,578.64,2021,9
Versant Power,Maine,Aroostook,Caswell,189,346,1092.45,136080.0,2020,11
Versant Power,Maine,Hancock,Frenchboro,70,136,90.54,47040.0,2022,2
Versant Power,Maine,Hancock,Mount Desert,708,844,17017.12,509760.0,2017,11
Versant Power,Maine,Penobscot,Patten,382,513,750.61,284577.83,2018,10
Versant Power,Maine,Penobscot,Lee,603,662,188.37,447268.22,2023,5
Central Maine Power,Maine,Oxford,Waterford,1543,2284,3789.56,1148061.58,2022,8
Versant Power,Maine,Unknown,"T16, R4, 5,6,8,9",248,256,400.88,178620.31,2018,6
Central Maine Power,Maine,Oxford,Adamstown,69,1863,42929.63,51336.0,2017,12
Central Maine Power,Maine,Sagadahoc,Litchfield,3,5,27.32,2232.0,2022,10
Central Maine Power,Maine,Lincoln,Westport,639,1290,2409.06,460336.94,2022,4
Versant Power,Maine,Unknown,Cedar Lake Twp,67,134,402.42,48240.0,2018,9
Versant Power,Maine,Aroostook,Wade,134,185,1091.16,71213.5,2017,10
Central Maine Power,Maine,Oxford,Hiram,1054,1280,2697.43,784395.0,2021,3
Versant Power,Maine,Penobscot,Garland,493,817,1681.07,331467.99,2023,2
Central Maine Power,Maine,Somerset,Embden,977,3633,45589.2,704159.93,2019,11
Versant Power,Maine,Hancock,Bar Harbor,2111,2388,20338.25,1519919.94,2019,11
Central Maine Power,Maine,Oxford,Hebron,546,620,5684.0,406224.0,2017,10
Versant Power,Maine,Hancock,Winter Harbor,606,607,1619.17,436393.31,2019,4
Central Maine Power,Maine,Kennebec,Randolph,977,978,8162.85,726888.0,2020,8
Central Maine Power,Maine,Cumberland,Cumberland,3540,10197,85388.52,2549144.34,2017,11
Central Maine Power,Maine,Somerset,Ripley,344,525,6586.17,248267.01,2019,11
Central Maine Power,Maine,Somerset,Tomhegan,315,316,106.99,227025.68,2019,9
Versant Power,Maine,Penobscot,Argyle Twp,144,146,216.19,107136.0,2019,7
Versant Power,Maine,Aroostook,New Sweden,347,661,1332.17,258655.96,2020,12
Central Maine Power,Maine,Oxford,Porter,931,3716,52801.36,692865.16,2022,12
Central Maine Power,Maine,Knox,Union,1410,4038,51712.61,1015199.95,2017,11
Versant Power,Maine,Unknown,T30 Md Bpp,1,31,744.0,744.0,2017,12
Versant Power,Maine,Washington,Marion Twp,65,157,598.62,49040.38,2023,3
Central Maine Power,Maine,Piscataquis,Frenchtown,121,122,1.01,69764.65,2023,9
Versant Power,Maine,Hancock,Brooklin,913,1587,11529.39,657574.29,2020,4
Versant Power,Maine,Piscataquis,Lake View Plt,472,617,813.91,351513.16,2020,8
Central Maine Power,Maine,Franklin,Phillips,696,2396,17400.0,501546.49,2019,11
Versant Power,Maine,Hancock,Otis,806,874,1598.44,580568.98,2022,4
Eastern Maine Power Cooperative,Maine,Washington,Robbinston,1025,1540,258.08,760077.56,2023,1
Central Maine Power,Maine,Kennebec,Gardiner,3425,3931,37311.52,2548891.19,2022,12
Versant Power,Maine,Penobscot,Alton,416,1456,1655.65,309504.0,2018,7
Versant Power,Maine,Aroostook,Littleton,390,780,714.47,290580.62,2018,8
Versant Power,Maine,Washington,Marshfield,28,122,103.33,20187.44,2017,12
Versant Power,Maine,Penobscot,Old Town,4115,5182,10438.57,3062257.33,2020,8
Central Maine Power,Maine,Piscataquis,Big Squaw,70,220,792.99,52781.31,2021,3
Versant Power,Maine,Penobscot,Corinth,14,20,11.0,3650.33,2017,9
Central Maine Power,Maine,Waldo,Waldo,413,687,3467.25,297457.67,2018,11
Versant Power,Maine,Piscataquis,Brownville,568,771,1939.82,422592.0,2020,3
Central Maine Power,Maine,Somerset,Parlin Pond,26,54,57.2,19344.0,2020,5
Versant Power,Maine,Piscataquis,Dover-foxcroft,17,18,46.81,12648.0,2021,3
Versant Power,Maine,Washington,Eastport,1246,1709,9067.85,927023.99,2019,10
Eastern Maine Power Cooperative,Maine,Penobscot,Prentiss,30,120,976.49,22736.1,2022,12
Central Maine Power,Maine,Oxford,Lincoln Plantation,84,263,956.11,62903.51,2022,12
Central Maine Power,Maine,Kennebec,Fayette,932,2848,11503.17,693752.26,2020,8
Versant Power,Maine,Hancock,Prospect Harbor,242,253,1589.57,180365.96,2018,5
Eastern Maine Power Cooperative,Maine,Washington,Waite,22,25,24.62,16590.73,2022,8
Versant Power,Maine,Aroostook,Masardis,189,237,773.37,136080.0,2019,4
Versant Power,Maine,Penobscot,Hudson,816,1312,3068.34,1214208.0,2019,8
Versant Power,Maine,Piscataquis,Lake View Plt,189,221,344.82,140616.0,2019,1
Versant Power,Maine,Hancock,T22 Md Bpp,16,17,28.65,11904.0,2021,7
Central Maine Power,Maine,Penobscot,Levant,1323,1696,1910.22,984910.64,2018,5
Central Maine Power,Maine,Kennebec,Windsor,1290,4917,87207.91,928905.97,2017,11
Central Maine Power,Maine,Kennebec,Pittston,1419,2875,44279.97,1021679.97,2017,11
Central Maine Power,Maine,Somerset,Brighton Plantation,50,57,103.69,37337.86,2022,7
Versant Power,Maine,Aroostook,Presque Isle,2387,3101,6196.31,1718639.98,2018,9
Central Maine Power,Maine,York,Lebanon,3270,6947,46388.28,2432948.79,2021,3
Versant Power,Maine,Unknown,Devereaux Twp,26,52,759.35,19344.0,2019,10
Versant Power,Maine,Hancock,Sedgwick,773,1051,8283.54,575111.99,2019,1
Versant Power,Maine,Unknown,"T2, R4, 6,7,8",57,116,219.29,41040.0,2018,6
Central Maine Power,Maine,Lincoln,Alna,426,1616,19314.61,316944.18,2022,12
Eastern Maine Power Cooperative,Maine,Aroostook,Unknown,511,1765,2965.25,373085.7,2018,3
Central Maine Power,Maine,Franklin,Eustis,905,3467,6007.62,673319.98,2021,12
Versant Power,Maine,Hancock,Brooklin,902,2048,6789.13,671621.82,2021,3
Central Maine Power,Maine,Somerset,Long Pond,86,424,1975.25,64655.35,2021,3
Versant Power,Maine,Piscataquis,Williamsburg Twp,51,205,1787.2,37944.0,2018,1
Central Maine Power,Maine,Androscoggin,Minot,1258,3607,45975.65,936165.97,2020,12
Central Maine Power,Maine,Franklin,Stetsontown,72,76,1123.78,51840.0,2020,4
Central Maine Power,Maine,Waldo,Troy,540,618,2345.6,402098.43,2020,8
Versant Power,Maine,Aroostook,Nashville,34,35,11.67,25448.82,2018,5
Central Maine Power,Maine,Oxford,Adamstown,63,127,211.1,46872.0,2021,5
Central Maine Power,Maine,Penobscot,Corinth,20,25,32.85,14880.0,2021,7
Versant Power,Maine,Hancock,Hancock,1713,1776,19460.11,1234259.92,2020,4
Versant Power,Maine,Penobscot,Glenburn,2022,2499,3396.13,1504367.97,2018,5
Central Maine Power,Maine,York,Dayton,983,3305,31770.2,732063.96,2022,12
Versant Power,Maine,Piscataquis,Sebec,50,106,173.7,36343.5,2017,9
Central Maine Power,Maine,Franklin,Rangeley,1942,3703,2429.82,1445606.39,2018,7
Central Maine Power,Maine,Knox,Hope,979,2357,27126.43,728378.32,2017,10
Versant Power,Maine,Aroostook,Saint Francis,301,392,261.82,223944.0,2018,7
Central Maine Power,Maine,Piscataquis,Wellington,182,846,12557.48,131040.0,2020,4
Central Maine Power,Maine,Somerset,Rockwood Strip T2r1,45,214,400.33,32523.01,2019,11
Versant Power,Maine,Penobscot,Lowell,258,448,736.88,186147.97,2021,6
Central Maine Power,Maine,Penobscot,Carmel,1443,2166,14407.15,1073987.79,2020,12
Versant Power,Maine,Aroostook,Saint John Plt,163,322,268.29,110039.68,2021,2
Versant Power,Maine,Penobscot,Corinna,16,54,590.5,11904.0,2018,1
Versant Power,Maine,Piscataquis,Atkinson,182,237,2837.57,135408.0,2018,10
Versant Power,Maine,Penobscot,Hermon,388,522,10766.17,279360.0,2017,11
Central Maine Power,Maine,Somerset,Dennistown Plantation,10,20,13.34,7440.0,2020,5
Versant Power,Maine,Hancock,Corea,3,6,12.0,2169.33,2017,11
Versant Power,Maine,Piscataquis,Lake View Plt,482,579,1062.53,347040.0,2022,4
Central Maine Power,Maine,Oxford,Fryeburg,2247,3346,33283.72,1617839.93,2017,11
Versant Power,Maine,Unknown,"T1, R6, 7,8",5040,5087,12599.46,3708977.35,2016,12
Central Maine Power,Maine,Hancock,Castine,769,784,4526.71,553680.0,2019,6
Versant Power,Maine,Washington,Marion Twp,26,34,75.48,19344.0,2019,7
Versant Power,Maine,Aroostook,T1 R8 Wels,32,63,92.81,23779.59,2023,5
Central Maine Power,Maine,York,North Berwick,2422,3606,2744.12,1802733.99,2019,8
Versant Power,Maine,Aroostook,Westmanland,116,137,218.55,83849.16,2018,4
Central Maine Power,Maine,Piscataquis,Shirley,214,728,2089.47,159950.83,2018,10
Central Maine Power,Maine,Kennebec,Wayne,951,969,1356.78,707544.0,2021,12
Versant Power,Maine,Penobscot,Greenfield Twp,146,272,90.85,108624.0,2020,3
Versant Power,Maine,Washington,East Machias,201,605,2934.81,150115.99,2018,3
Versant Power,Maine,Hancock,Frenchboro,69,141,1748.17,51357.5,2017,10
Versant Power,Maine,Penobscot,Eddington,1262,1691,15044.36,939332.99,2022,12
Versant Power,Maine,Piscataquis,Derby,93,1457,34968.0,69192.0,2017,12
Versant Power,Maine,Unknown,T9 Sd,16,32,125.24,11904.0,2019,1
Eastern Maine Power Cooperative,Maine,Aroostook,Town Of Hammond,202,216,1785.63,119995.58,2023,9
Central Maine Power,Maine,Hancock,Castine,762,1386,22686.33,566928.0,2017,10
Central Maine Power,Maine,Somerset,Detroit,468,528,4455.45,348192.0,2020,12
Versant Power,Maine,Unknown,Town Hill,20,462,6010.0,14082.5,2017,10
Central Maine Power,Maine,Kennebec,Benton,1432,2281,9061.2,1031181.12,2019,11
Versant Power,Maine,Aroostook,Westfield,268,284,1403.53,199392.0,2022,12
Versant Power,Maine,Unknown,T3 Indian Purchase,250,402,2177.58,186256.94,2018,10
Central Maine Power,Maine,Somerset,New Portland,652,2161,23904.72,469704.47,2019,11
Central Maine Power,Maine,Waldo,Palermo,996,3407,62949.83,717225.97,2017,11
Central Maine Power,Maine,Sagadahoc,Georgetown,1228,2477,16546.46,825773.71,2022,2
Central Maine Power,Maine,Penobscot,Levant,1375,2375,24260.0,1023151.92,2020,12
Central Maine Power,Maine,Androscoggin,Sabattus,2614,4628,4299.89,1944815.98,2023,1
Central Maine Power,Maine,Somerset,Tomhegan,239,243,1562.5,178271.31,2022,7
Versant Power,Maine,Aroostook,Van Buren,3,90,2160.0,2160.0,2018,4
Versant Power,Maine,Piscataquis,Bowerbank,343,915,8789.44,255192.0,2019,7
Versant Power,Maine,Penobscot,Clifton,627,760,1204.18,421344.0,2019,2
Central Maine Power,Maine,Cumberland,Chebeague Island,600,1272,9448.44,446401.02,2022,12
Eastern Maine Power Cooperative,Maine,Washington,Cooper,355,1874,5667.9,264120.0,2022,12
Central Maine Power,Maine,Kennebec,China,2655,5788,72043.14,1911599.83,2020,4
Versant Power,Maine,Aroostook,Eagle Lake,778,1047,2187.48,579494.3,2022,7
Versant Power,Maine,Unknown,Somes Sound,63,94,302.07,46872.0,2018,3
Central Maine Power,Maine,Hancock,Verona,337,351,393.47,242640.0,2020,9
Versant Power,Maine,Hancock,Seal Cove,334,775,5833.35,240480.0,2017,11
Versant Power,Maine,Washington,Beals,19,113,148.84,13975.0,2017,9
Versant Power,Maine,Piscataquis,Williamsburg Twp,51,496,11904.0,37944.0,2017,12
Versant Power,Maine,Penobscot,Exeter,510,2903,48110.9,367697.49,2020,4
Central Maine Power,Maine,Penobscot,Newburgh,62,128,327.39,44640.0,2021,4
Versant Power,Maine,Aroostook,Ludlow,16,480,11520.0,11520.0,2017,11
Central Maine Power,Maine,Knox,St George,2409,2468,12231.72,1789146.55,2023,5
Central Maine Power,Maine,Franklin,Wyman,160,329,2536.72,115200.0,2020,4
Eastern Maine Power Cooperative,Maine,Aroostook,Ludlow,58,60,59.2,43599.39,2022,7
Versant Power,Maine,Hancock,Seal Cove,334,901,13183.02,248496.0,2019,10
Central Maine Power,Maine,Franklin,Wilton,2276,3373,3897.27,1693991.11,2018,7
Central Maine Power,Maine,Franklin,Alder Stream,12,24,16.07,8928.0,2020,3
Central Maine Power,Maine,Oxford,Fryeburg,2252,4952,31581.23,1675840.3,2018,10
Central Maine Power,Maine,Franklin,Kingfield,1784,2280,5287.78,1224026.82,2017,8
Versant Power,Maine,Aroostook,Winterville Plt,245,271,19.36,181396.23,2023,5
Central Maine Power,Maine,Somerset,Jackman,819,825,539.69,609992.64,2022,8
Versant Power,Maine,Aroostook,Winterville,237,246,171.39,170640.0,2019,6
Eastern Maine Power Cooperative,Maine,Aroostook,Bancroft,1061,1691,0.0,587543.9,2023,9
Central Maine Power,Maine,Somerset,Moscow,377,466,5432.49,271440.0,2017,11
Versant Power,Maine,Aroostook,Oxbow North Twp,73,147,429.86,54545.66,2021,3
Eastern Maine Power Cooperative,Maine,Washington,Charlotte,116,137,56.18,83520.0,2021,11
Central Maine Power,Maine,Somerset,Caratunk Plantation,184,289,160.54,105233.68,2023,9
Central Maine Power,Maine,Androscoggin,Turner,2905,2971,30178.26,2091776.06,2017,11
Versant Power,Maine,Hancock,Sargentville,115,126,15.67,83047.65,2018,4
Central Maine Power,Maine,Franklin,Davis,34,68,141.95,25296.0,2019,12
Versant Power,Maine,Washington,Cathance Twp,9,18,201.32,6975.99,2020,4
Versant Power,Maine,Penobscot,Kenduskeag,586,691,10323.63,436697.96,2020,12
Versant Power,Maine,Aroostook,Presque Isle,5143,7918,19085.38,3826799.85,2022,12
Versant Power,Maine,Washington,Jonesboro,426,784,761.64,307345.99,2020,6
Versant Power,Maine,Penobscot,Mattamiscontis Twp,40,235,1207.05,29760.0,2022,12
Central Maine Power,Maine,Somerset,Caratunk Plantation,178,349,5603.0,132432.0,2020,12
Central Maine Power,Maine,Somerset,Canaan,1210,2983,2054.14,871726.36,2021,6
Central Maine Power,Maine,Somerset,Brassua,1,2,2.84,744.0,2021,12
Central Maine Power,Maine,Sagadahoc,Woolwich,1711,4413,57112.21,1273150.27,2019,10
Versant Power,Maine,Penobscot,Alton,421,1087,6092.95,313224.0,2020,12
Versant Power,Maine,Hancock,Lamoine,1085,1539,10861.01,807583.71,2019,1
Versant Power,Maine,Washington,Roque Bluffs,251,265,529.69,180720.0,2019,6
Central Maine Power,Maine,Lincoln,South Bristol,1148,2362,26118.62,854277.99,2018,3
Central Maine Power,Maine,Oxford,Lincoln Plantation,85,435,1116.87,63423.04,2021,12
Versant Power,Maine,Penobscot,Woodville,114,1951,44823.96,84816.0,2017,12
Central Maine Power,Maine,Piscataquis,Harfords Point,143,288,479.94,103091.15,2022,6
Versant Power,Maine,Unknown,Lucerne,16775,41370,252687.22,3183823.15,2016,12
Versant Power,Maine,Hancock,Great Pond,57,141,2272.07,42408.0,2019,10
Central Maine Power,Maine,Knox,South Thomaston,1103,1682,1121.67,820675.16,2020,5
Central Maine Power,Maine,Kennebec,Manchester,1522,1904,29689.15,1096367.93,2020,4
Versant Power,Maine,Unknown,Long A Twp,5186,5400,5403.14,3855244.92,2017,3
Versant Power,Maine,Penobscot,Carmel,40,41,147.49,30501.16,2021,3
Central Maine Power,Maine,Franklin,Salem,194,383,1148.38,130368.0,2023,2
Eastern Maine Power Cooperative,Maine,Aroostook,Oakfield,175,364,95.13,130200.0,2022,7
Versant Power,Maine,Hancock,Osborn,40,121,189.76,28800.0,2022,11
Central Maine Power,Maine,Somerset,Highland Plantation,45,180,525.42,33480.0,2018,8
Versant Power,Maine,Hancock,Brooksville,814,819,4633.74,605914.65,2019,8
Versant Power,Maine,Washington,Whiting,429,1000,2493.42,319875.71,2023,3
Central Maine Power,Maine,Lincoln,Southport,1149,1165,212.63,855077.16,2018,1
Versant Power,Maine,Hancock,Aurora,107,129,740.13,79608.0,2018,5
Central Maine Power,Maine,Somerset,Concord,126,139,305.22,93744.0,2020,3
Central Maine Power,Maine,Waldo,Waldo,429,756,5563.42,319176.0,2022,12
Central Maine Power,Maine,Waldo,Liberty,814,937,8691.38,586079.99,2020,9
Central Maine Power,Maine,York,South Berwick,3438,3614,32417.2,2557960.48,2020,12
Central Maine Power,Maine,Oxford,Adamstown,69,1540,33854.83,49680.0,2017,11
Versant Power,Maine,Penobscot,Levant,24,25,1.5,17769.71,2020,4
Versant Power,Maine,Penobscot,Newburgh,762,862,5119.6,566928.0,2019,12
Central Maine Power,Maine,Franklin,Stetsontown,72,74,52.63,53568.0,2022,1
Central Maine Power,Maine,Somerset,Clinton,3,4,11.16,2538.02,2022,10
Versant Power,Maine,Penobscot,Argyle Twp,145,283,1797.8,81724.23,2023,9
Versant Power,Maine,Piscataquis,Brownville Junction,337,667,893.69,250728.0,2019,5
Central Maine Power,Maine,Androscoggin,Sabattus,2447,3412,47506.3,1762436.72,2020,4
Central Maine Power,Maine,Piscataquis,Lily Bay,113,339,734.47,81360.0,2017,11
Central Maine Power,Maine,York,Dayton,987,1102,6593.64,734986.2,2023,3
Central Maine Power,Maine,Franklin,Salem,187,797,9263.55,134920.55,2019,11
Central Maine Power,Maine,Piscataquis,Blanchard Plantation,112,440,7169.31,83328.0,2020,12
Versant Power,Maine,Aroostook,Oakfield,320,634,1054.58,230400.0,2018,6
Versant Power,Maine,Unknown,T4 Indian Purchase,347,562,114.59,84511.08,2016,11
Central Maine Power,Maine,Penobscot,Corinth,20,40,173.2,14400.0,2020,11
Central Maine Power,Maine,Kennebec,Fayette,919,1025,6783.91,684238.33,2019,1
Central Maine Power,Maine,Cumberland,Chebeague Island,585,592,1485.07,421489.97,2018,4
Versant Power,Maine,Penobscot,T3 Indian Purchase Twp,153,233,402.86,113832.0,2022,7
Versant Power,Maine,Penobscot,Chester,85,109,744.01,61200.0,2017,11
Versant Power,Maine,Unknown,T 3 R 9 Nwp,1,2,7.67,720.0,2018,9
Central Maine Power,Maine,Cumberland,Frye Island,535,705,6410.66,398506.52,2018,1
Eastern Maine Power Cooperative,Maine,Washington,Baileyville,292,344,910.01,217248.0,2022,12
Central Maine Power,Maine,Lincoln,South Bristol,1192,5793,56807.2,887027.01,2019,10
Central Maine Power,Maine,Kennebec,Winthrop,3813,8248,87644.64,2836973.54,2020,12
Versant Power,Maine,Washington,Beddington,244,484,1729.45,181536.0,2021,10
Versant Power,Maine,Washington,Perry,404,409,3467.7,301288.96,2020,12
Versant Power,Maine,Waldo,Winterport,307,1196,22197.99,221419.33,2017,11
Central Maine Power,Maine,Androscoggin,Hartford,1,2,0.0,743.2,2023,7
Central Maine Power,Maine,Franklin,Weld,608,776,8798.21,452352.0,2018,5
Central Maine Power,Maine,Somerset,Sapling,13,39,80.14,9672.0,2018,10
Eastern Maine Power Cooperative,Maine,Aroostook,Monticello,70,127,430.03,52266.47,2022,12
Central Maine Power,Maine,Somerset,Cambridge,266,694,11319.5,191520.0,2017,11
Versant Power,Maine,Aroostook,Dyer Brook,54,744,17856.0,40176.0,2017,12
Versant Power,Maine,Unknown,Glenburn,86,247,839.64,64197.16,2017,8
Versant Power,Maine,Hancock,Osborn,40,120,1441.0,6046.67,2017,10
Versant Power,Maine,Aroostook,Silver Ridge,47,1410,33840.0,33840.0,2017,11
Central Maine Power,Maine,Penobscot,Stetson,709,793,3440.83,511150.76,2020,11
Central Maine Power,Maine,Kennebec,Vassalboro,2435,4960,73769.18,1811653.96,2017,10
Versant Power,Maine,Unknown,T9 Sd,16,392,9408.0,10752.0,2018,2
Versant Power,Maine,Penobscot,Bradford,650,1449,23014.32,483600.0,2017,10
Central Maine Power,Maine,Franklin,Salem,187,552,1761.78,139224.3,2020,3
Central Maine Power,Maine,Franklin,Rangeley,1917,2468,2995.17,1426309.29,2021,12
Central Maine Power,Maine,York,Hollis,2360,3795,7990.77,1755839.96,2023,3
Versant Power,Maine,Hancock,Brooksville,1023,1369,4769.65,761823.42,2021,10
Versant Power,Maine,Hancock,Surry,1218,2654,33857.44,877043.5,2020,4
Central Maine Power,Maine,Piscataquis,Bowerbank,32,96,138.49,21504.0,2022,2
Central Maine Power,Maine,Lincoln,Waldoboro,3070,6009,88563.48,2210531.04,2020,4
Versant Power,Maine,Hancock,Brooklin,656,2175,31417.84,489050.33,2017,10
Central Maine Power,Maine,Oxford,Lower Cupsuptic,7,35,86.36,5208.0,2020,8
Versant Power,Maine,Aroostook,Merrill,76,107,313.21,56544.0,2018,10
Central Maine Power,Maine,Waldo,Searsmont,869,2390,6366.3,646628.0,2020,1
Central Maine Power,Maine,Waldo,Liberty,801,941,6698.8,596583.99,2018,7
Versant Power,Maine,Piscataquis,Bowerbank,339,1165,4809.25,252216.0,2018,1
Central Maine Power,Maine,Somerset,Hartland,1129,3604,36080.66,839980.65,2017,10
Versant Power,Maine,Hancock,Sorrento,332,666,6898.5,247008.0,2017,10
Central Maine Power,Maine,Somerset,Mercer,473,979,3163.66,352095.92,2021,3
Central Maine Power,Maine,Waldo,Unity,1128,1378,10774.89,839657.25,2022,12
Versant Power,Maine,Hancock,Amherst,165,349,1694.12,122760.0,2018,3
Central Maine Power,Maine,Somerset,Tomhegan,180,879,612.04,133920.0,2018,5
Versant Power,Maine,Penobscot,Grindstone Twp,50,101,330.46,37200.0,2022,12
Versant Power,Maine,Aroostook,Caswell,3,4,34.83,284.83,2017,9
Central Maine Power,Maine,Piscataquis,Elliottsville,96,145,872.91,71819.51,2019,10
Versant Power,Maine,Washington,Marshfield,236,248,1590.64,175584.0,2019,10
Versant Power,Maine,Hancock,Stonington,1184,2011,7186.05,852637.8,2022,11
Versant Power,Maine,Washington,Perry,406,813,752.76,292885.69,2021,11
Versant Power,Maine,Penobscot,Burlington,253,388,3801.16,182160.0,2018,11
Central Maine Power,Maine,Sagadahoc,Georgetown,1247,1523,904.69,928402.99,2023,1
Versant Power,Maine,Unknown,"Squa Pan T11, R4,7,8",1,2,5.93,1299.8,2017,9
Central Maine Power,Maine,Waldo,Brooks,633,779,9613.5,471511.64,2020,12
Versant Power,Maine,Unknown,Pretty Marsh,7,9,5.52,531.52,2016,11
Versant Power,Maine,Piscataquis,Ebeemee Twp,181,405,466.46,130320.0,2021,11
Versant Power,Maine,Aroostook,Mapleton,971,2010,2310.76,722423.99,2018,5
Central Maine Power,Maine,Franklin,Stetsontown,74,1628,36099.67,53280.0,2017,11
Versant Power,Maine,Hancock,Mariaville,434,477,2741.33,322896.0,2021,3
Central Maine Power,Maine,Franklin,Perkins,17,73,920.7,13273.98,2020,12
Central Maine Power,Maine,Piscataquis,Greenville,1837,1846,4634.14,1323339.87,2020,11
Central Maine Power,Maine,Somerset,Ripley,359,376,1650.54,267096.0,2022,8
Versant Power,Maine,Penobscot,Olamon,13,15,209.02,9360.0,2018,11
Central Maine Power,Maine,Waldo,Belfast,4456,6387,95464.49,3314717.91,2017,10
Central Maine Power,Maine,Somerset,Ripley,334,694,14869.82,240480.0,2017,11
Central Maine Power,Maine,York,STANDISH,13,15,150.78,9672.0,2022,12
Versant Power,Maine,Washington,Steuben,613,871,2304.97,451777.29,2018,1
Versant Power,Maine,Penobscot,West Enfield,262,281,141.01,194928.0,2018,7
Eastern Maine Power Cooperative,Maine,Penobscot,Unknown,1575,2605,13652.66,1171799.96,2020,12
Eastern Maine Power Cooperative,Maine,Penobscot,Lakeville,326,398,585.15,219072.0,2022,2
Versant Power,Maine,Hancock,Deer Isle,1814,3471,2931.18,1306102.9,2018,4
Versant Power,Maine,Penobscot,Woodville,127,504,957.11,91920.96,2022,9
Versant Power,Maine,Washington,Milbridge,78,86,231.3,58032.0,2018,1
Versant Power,Maine,Aroostook,Perham,124,255,286.31,92256.0,2018,10
Versant Power,Maine,Unknown,T22 Md,28,784,18816.0,18816.0,2018,2
Central Maine Power,Maine,Kennebec,Hallowell,1696,2873,11115.76,1261870.67,2022,12
Versant Power,Maine,Hancock,Seal Harbor,374,484,1915.66,269280.0,2019,11
Versant Power,Maine,Aroostook,E Twp,60,94,96.78,43200.0,2022,9
Versant Power,Maine,Unknown,T9 Sd,16,434,10416.0,11904.0,2017,12
Versant Power,Maine,Penobscot,Seboeis Plt,57,115,2312.15,42408.0,2020,12
Central Maine Power,Maine,Piscataquis,Abbot,579,2006,41564.29,430733.01,2020,12
Versant Power,Maine,Piscataquis,T4 R9 Nwp,3,18,217.03,2232.0,2020,12
Versant Power,Maine,Hancock,Orland,48,49,256.98,32509.48,2022,2
Versant Power,Maine,Piscataquis,Orneville Twp,269,525,5207.37,200617.66,2020,12
Central Maine Power,Maine,Piscataquis,Greenville,1793,3739,5950.58,1334366.65,2018,10
Central Maine Power,Maine,Franklin,Eustis,877,1756,2358.4,652726.02,2020,10
Versant Power,Maine,Aroostook,Blaine,418,855,6992.15,300960.0,2019,11
Central Maine Power,Maine,Kennebec,Albion,1091,1189,2650.5,812376.8,2018,7
Central Maine Power,Maine,York,Berwick,3725,4127,24644.57,2592801.84,2020,2
Versant Power,Maine,Hancock,Sargentville,118,168,1505.8,87792.0,2019,10
Versant Power,Maine,Washington,Addison,699,1493,13239.5,520385.24,2018,3
Versant Power,Maine,Penobscot,Hudson,821,5520,69543.06,1183549.84,2019,11
Central Maine Power,Maine,Piscataquis,Frenchtown,113,339,189.63,84072.0,2022,3
Central Maine Power,Maine,Kennebec,Fayette,945,1616,2857.71,703080.0,2021,12
Versant Power,Maine,Hancock,T9 Sd Bpp,17,18,12.58,12648.0,2021,3
Versant Power,Maine,Aroostook,Allagash,273,537,3580.95,197169.55,2020,11
Central Maine Power,Maine,Lincoln,Newcastle,1246,2566,37482.33,927758.65,2017,10
Versant Power,Maine,Piscataquis,Brownville Junction,336,408,2090.01,241920.0,2017,11
Versant Power,Maine,Unknown,Dover-foxcroft,11,17,27.33,8184.0,2018,1
Central Maine Power,Maine,Franklin,Wilton,2286,4946,78933.32,1646338.13,2020,4
Eastern Maine Power Cooperative,Maine,Washington,Grand Lake Stream,1184,1319,0.0,848012.82,2022,4
Central Maine Power,Maine,Somerset,Rockwood Strip T1r1,11,22,43.08,8184.0,2021,10
Central Maine Power,Maine,Somerset,Brassua,1,3,11.16,720.0,2019,4
Central Maine Power,Maine,Somerset,Highland Plantation,50,101,919.48,34800.0,2020,2
Versant Power,Maine,Aroostook,Island Falls,727,788,2086.13,523701.76,2021,9
Central Maine Power,Maine,Cumberland,Pownal,715,2934,33988.2,514799.98,2017,11
Central Maine Power,Maine,York,Eliot,3734,7088,90373.91,2778105.26,2017,10
Central Maine Power,Maine,Oxford,Magalloway Plantation,74,149,489.4,53280.0,2018,6
Central Maine Power,Maine,Somerset,New Portland,667,760,832.5,496816.65,2020,10
Central Maine Power,Maine,Penobscot,Levant,1360,6417,133661.06,979347.91,2020,4
Central Maine Power,Maine,Penobscot,Stetson,692,909,2976.36,514848.0,2018,8
Versant Power,Maine,Unknown,T22 Md,28,29,72.87,20832.0,2019,7
Versant Power,Maine,Hancock,Bucksport,157,159,64.26,113040.0,2022,11
Versant Power,Maine,Hancock,Waltham,203,437,2134.0,146160.0,2017,11
Versant Power,Maine,Hancock,T9 Sd Bpp,18,72,706.42,11421.31,2022,12
Versant Power,Maine,Hancock,Stonington,1172,1458,625.58,844459.11,2018,4
Central Maine Power,Maine,York,Parsonsfield,1263,1846,2584.6,940128.63,2017,12
Central Maine Power,Maine,Somerset,TAUNTON   RAYNHAM ACADEMY GRANT,600,1286,2434.37,446993.29,2021,10
Central Maine Power,Maine,Oxford,Byron,117,208,796.47,87048.0,2022,1
Versant Power,Maine,Unknown,Grand Falls Plt,16,75,1745.91,11904.0,2018,3
Central Maine Power,Maine,Somerset,Embden,952,1735,4055.88,708681.16,2018,1
Central Maine Power,Maine,Piscataquis,Frenchtown,114,345,767.16,85271.31,2022,7
Central Maine Power,Maine,Piscataquis,Kineo,35,70,59.01,25200.0,2020,9
Versant Power,Maine,Unknown,Grand Falls Plt,16,140,3360.0,10752.0,2018,2
Central Maine Power,Maine,Piscataquis,Elliottsville,95,190,1884.14,68400.0,2019,4
Central Maine Power,Maine,Piscataquis,Frenchtown,103,206,102.94,76632.0,2018,10
Central Maine Power,Maine,Piscataquis,Dover-foxcroft,2640,3016,6273.37,1901019.1,2018,11
Eastern Maine Power Cooperative,Maine,Aroostook,Amity,267,608,675.58,149162.27,2023,9
Central Maine Power,Maine,Knox,Friendship,959,2045,2478.72,691049.98,2021,6
Central Maine Power,Maine,Franklin,Stetsontown,75,76,397.65,54000.0,2018,9
Eastern Maine Power Cooperative,Maine,Aroostook,Town Of Hammond,81,108,191.61,53870.99,2022,2
Versant Power,Maine,Unknown,Lake View Plt,1620,15979,13537.57,1041695.32,2016,12
Versant Power,Maine,Penobscot,Carmel,52,251,5193.14,38688.0,2017,12
Versant Power,Maine,Washington,Addison,729,1084,2589.46,524879.99,2018,11
Central Maine Power,Maine,Waldo,Prospect,383,525,1287.64,276205.35,2021,6
Central Maine Power,Maine,Oxford,Brownfield,1036,2158,27614.79,771525.65,2017,10
Versant Power,Maine,Penobscot,Stacyville,146,290,217.64,108949.95,2022,5
Versant Power,Maine,Aroostook,Ashland,862,2045,2913.2,620763.37,2022,4
Central Maine Power,Maine,Franklin,Eustis,847,1490,25852.49,630905.0,2017,10
Central Maine Power,Maine,Franklin,Chesterville,811,1553,16065.99,603384.0,2017,10
Central Maine Power,Maine,Piscataquis,Frenchtown,113,237,232.22,84118.02,2021,12
Versant Power,Maine,Aroostook,Dyer Brook,140,423,1706.51,104195.05,2020,12
Central Maine Power,Maine,Lincoln,Bremen,672,1135,4106.15,500337.58,2021,7
Versant Power,Maine,Penobscot,Indian Island,304,618,1203.23,219312.65,2022,4
Versant Power,Maine,Penobscot,Eddington,1362,1746,1351.33,980639.99,2019,4
Central Maine Power,Maine,Androscoggin,Pownal,30,80,78.4,20160.0,2022,2
Central Maine Power,Maine,Androscoggin,Leeds,1180,1877,26096.11,878401.66,2020,12
Versant Power,Maine,Piscataquis,Williamsburg Twp,52,234,3762.67,37941.49,2020,4
Central Maine Power,Maine,Somerset,Parlin Pond,26,78,251.18,19344.0,2021,3
Central Maine Power,Maine,Franklin,Avon,307,617,9796.58,228800.67,2019,10
Central Maine Power,Maine,Franklin,Madrid,200,202,598.68,148800.0,2019,12
Versant Power,Maine,Piscataquis,Lake View Plt,189,3888,89831.98,140616.0,2018,1
Central Maine Power,Maine,Oxford,Magalloway Plantation,77,154,282.29,51744.0,2022,2
Versant Power,Maine,Penobscot,Corinna,17,102,768.85,12240.0,2019,11
Versant Power,Maine,Unknown,Grand Falls Twp,17,34,303.23,12240.0,2018,11
Central Maine Power,Maine,Franklin,Eustis,869,1839,14252.83,626353.98,2020,4
Versant Power,Maine,Penobscot,Maxfield,60,61,94.86,44640.0,2019,7
Versant Power,Maine,Aroostook,Ashland,892,987,608.54,664002.83,2021,7
Versant Power,Maine,Penobscot,Dexter,41,123,1765.72,29520.0,2018,11
Central Maine Power,Maine,Waldo,Knox,416,721,974.15,310065.32,2018,7
Versant Power,Maine,Penobscot,Lee,592,750,610.04,426379.99,2020,6
Versant Power,Maine,Penobscot,T4 Indian Purchase Twp,257,270,327.46,191557.64,2021,8
Versant Power,Maine,Aroostook,Allagash,281,463,695.38,202363.76,2021,11
Central Maine Power,Maine,Piscataquis,Little Squaw,138,276,426.54,102672.0,2022,8
Versant Power,Maine,Washington,Edmunds Twp,173,196,165.6,124560.0,2023,4
Central Maine Power,Maine,Knox,Hope,1047,1197,627.61,779581.78,2022,7
Versant Power,Maine,Aroostook,Merrill,72,73,48.63,48486.98,2021,2
Versant Power,Maine,Aroostook,Ashland,595,906,367.67,438940.72,2018,5
Central Maine Power,Maine,Knox,Union,1489,1517,2063.24,1108271.96,2021,12
Versant Power,Maine,Hancock,Little Deer Isle,89,243,3386.17,64080.0,2017,11
Versant Power,Maine,Washington,Trescott Twp,219,398,4208.67,163133.8,2022,12
Central Maine Power,Maine,Sagadahoc,Woolwich,1672,1722,5164.82,1243938.44,2017,12
Versant Power,Maine,Aroostook,T16 R5 Wels,31,124,176.64,23064.0,2022,7
Central Maine Power,Maine,Kennebec,Albion,1081,3194,37655.0,804266.33,2017,10
Versant Power,Maine,Aroostook,Silver Ridge Twp,43,84,47.89,31143.85,2022,11
Versant Power,Maine,Penobscot,Grindstone Twp,50,152,610.51,37232.5,2021,3
Central Maine Power,Maine,Sagadahoc,Woolwich,1675,1678,1226.14,1206381.49,2018,6
Central Maine Power,Maine,Kennebec,Mt Vernon,1300,4676,60281.96,935999.97,2017,11
Versant Power,Maine,Unknown,Long A Twp,53,120,129.26,35616.0,2019,2
Central Maine Power,Maine,Franklin,Freeman,229,586,3501.5,164880.0,2017,11
Versant Power,Maine,Unknown,Ta R7 Wels,15,98,2183.41,11160.0,2018,5
Eastern Maine Power Cooperative,Maine,Penobscot,Unknown,67,68,94.52,3103.76,2018,2
Versant Power,Maine,Hancock,Seal Harbor,87,89,143.83,45752.5,2017,9
Versant Power,Maine,Aroostook,Westmanland,117,120,254.34,84837.31,2020,4
Central Maine Power,Maine,Knox,Washington,917,2744,27099.65,660372.47,2017,11
Versant Power,Maine,Hancock,T22 Md Bpp,15,81,1405.53,11902.48,2022,12
Central Maine Power,Maine,Kennebec,Palermo,3,6,20.49,157.94,2021,3
Eastern Maine Power Cooperative,Maine,Washington,Baring,37,249,78.24,23975.15,2020,2
Central Maine Power,Maine,Oxford,Stoneham,359,383,1741.56,241846.14,2023,2
Central Maine Power,Maine,Kennebec,Pittston,1464,2054,32068.75,1089552.13,2020,12
Central Maine Power,Maine,Androscoggin,Pownal,29,79,249.25,21375.74,2023,5
Versant Power,Maine,Unknown,T1 R9,13,20,53.99,9672.0,2018,1
Central Maine Power,Maine,Piscataquis,Frenchtown,118,119,126.9,85364.96,2023,4
Central Maine Power,Maine,Waldo,Monroe,552,566,504.22,411201.98,2022,7
Central Maine Power,Maine,Hancock,Orland,1525,3194,51188.57,1135348.65,2017,10
Versant Power,Maine,Unknown,Orneville Twp,20,191,156.17,14137.33,2017,9
Central Maine Power,Maine,Hancock,Castine,786,3817,30167.65,584982.45,2022,12
Versant Power,Maine,Unknown,"T2, R4, 6,7,8",57,248,5952.0,42408.0,2018,1
Central Maine Power,Maine,Somerset,New Portland,646,1416,13636.65,465120.0,2018,11
Central Maine Power,Maine,Somerset,East Moxie,6,12,14.0,4464.0,2020,10
Central Maine Power,Maine,Lincoln,Edgecomb,933,3797,54828.59,671759.99,2017,11
Versant Power,Maine,Unknown,T4 Indian Purchase Twp,240,581,8677.6,172800.0,2019,11
Central Maine Power,Maine,Knox,Thomaston,1693,1697,0.0,1249262.63,2023,7
Central Maine Power,Maine,Piscataquis,Sangerville,917,1632,19603.21,660324.5,2019,11
Versant Power,Maine,Hancock,Aurora,102,199,758.87,57941.0,2023,9
Central Maine Power,Maine,Oxford,Hebron,552,702,688.49,397982.83,2019,6
Versant Power,Maine,Unknown,Mt Desert,5677,5707,8995.18,2112146.48,2016,12
Central Maine Power,Maine,Cumberland,Sebago,1666,6180,67218.72,1199519.95,2017,11
Versant Power,Maine,Hancock,Eastbrook,511,1014,1347.18,380184.0,2022,10
Central Maine Power,Maine,Somerset,Moxie Gore,27,28,119.65,19440.0,2020,4
Versant Power,Maine,Penobscot,Holden,1819,1854,1546.39,1310198.32,2020,11
Versant Power,Maine,Penobscot,Cedar Lake Twp,68,344,4144.68,51022.5,2020,12
Central Maine Power,Maine,Piscataquis,Lily Bay,113,339,189.63,84072.0,2022,3
Versant Power,Maine,Aroostook,New Limerick,13,308,7088.67,10178.33,2017,10
Central Maine Power,Maine,Franklin,Salem,194,312,3318.48,144725.51,2022,12
Central Maine Power,Maine,Piscataquis,Frenchtown,110,111,422.79,81840.0,2020,1
Central Maine Power,Maine,Somerset,Mercer,469,2131,21552.64,349451.89,2020,12
Central Maine Power,Maine,Waldo,Freedom,397,935,8488.53,295906.23,2020,12
Central Maine Power,Maine,Sagadahoc,Georgetown,1204,2418,12478.83,896516.33,2020,5
Central Maine Power,Maine,Franklin,Anson,1,3,51.3,744.0,2022,12
Central Maine Power,Maine,Piscataquis,Beaver Cove Plantation,264,563,899.91,196416.0,2018,10
Versant Power,Maine,Hancock,Stonington,1205,3629,35503.62,896696.85,2019,10
Central Maine Power,Maine,York,Eliot,3847,4747,25399.53,2862255.95,2021,3
Versant Power,Maine,Penobscot,Bradford,634,678,2248.85,426460.55,2022,2
Versant Power,Maine,Aroostook,T11 R4 Wels,127,129,10.01,49954.39,2023,1
Versant Power,Maine,Aroostook,Caswell,164,205,2001.13,119891.57,2018,11
Central Maine Power,Maine,Franklin,Rangeley,1881,3525,6357.77,1400031.95,2020,10
Versant Power,Maine,Aroostook,T1 R8 Wels,32,33,71.57,24423.32,2022,7
Central Maine Power,Maine,Oxford,Stow,257,480,599.11,191208.0,2022,3
Central Maine Power,Maine,Oxford,Oxford,2774,7050,108117.72,2063999.99,2022,12
Versant Power,Maine,Hancock,Frenchboro,70,272,1576.71,52080.0,2022,1
Central Maine Power,Maine,York,Acton,2453,3078,16955.05,1824978.8,2021,3
Versant Power,Maine,Aroostook,Merrill,75,148,61.86,54000.0,2022,11
Central Maine Power,Maine,Kennebec,Mercer,2,4,2.65,1488.0,2022,10
Central Maine Power,Maine,Hancock,Castine,763,1528,3565.11,568277.14,2019,1
Versant Power,Maine,Aroostook,New Sweden,326,966,9627.81,243103.19,2022,12
Central Maine Power,Maine,Lincoln,Westport,620,2078,24620.82,461279.99,2019,10
Central Maine Power,Maine,Cumberland,Harpswell,4674,18419,214613.83,3477889.12,2020,12
Versant Power,Maine,Hancock,Frenchboro,72,134,2111.22,53568.0,2019,10
Versant Power,Maine,Penobscot,Orrington,1927,4785,50210.79,1387439.91,2017,11
Central Maine Power,Maine,Waldo,Searsport,1816,2227,43193.68,1307847.06,2020,4
Versant Power,Maine,Piscataquis,T1 R9 Wels,354,522,1934.64,200865.87,2023,9
Central Maine Power,Maine,Oxford,Roxbury,473,630,2864.43,352304.5,2022,12
Central Maine Power,Maine,Piscataquis,Wellington,188,197,756.19,136020.75,2021,11
Versant Power,Maine,Aroostook,Eagle Lake,783,786,3.04,578111.74,2023,5
Versant Power,Maine,Unknown,"Squa Pan T11, R4,7,8",127,267,264.2,94488.0,2018,5
Central Maine Power,Maine,Waldo,Islesboro,947,1866,32903.33,705302.67,2017,10
Central Maine Power,Maine,Somerset,Misery Gore,10,40,113.1,7200.0,2019,11
Central Maine Power,Maine,Waldo,Belmont,534,540,6.61,397897.64,2021,8
Versant Power,Maine,Penobscot,Milford,1611,1632,6188.14,1199180.03,2021,10
Versant Power,Maine,Washington,Northfield,212,218,658.06,147606.32,2020,2
Central Maine Power,Maine,Waldo,Morrill,457,474,1514.45,329646.17,2018,9
Eastern Maine Power Cooperative,Maine,Aroostook,Sherman,65,87,72.43,43187.83,2022,2
Central Maine Power,Maine,Piscataquis,Kineo,35,70,134.0,26040.0,2019,8
Central Maine Power,Maine,Oxford,Sweden,394,689,4090.79,224725.62,2023,9
Versant Power,Maine,Aroostook,Presque Isle,45,154,191.51,33769.67,2017,8
Versant Power,Maine,Penobscot,Kenduskeag,590,1029,11852.69,439009.62,2022,12
Versant Power,Maine,Unknown,Bowerbank,6246,33189,228290.36,4468166.31,2016,12
Versant Power,Maine,Penobscot,Edinburg,59,66,43.96,39591.91,2018,2
Eastern Maine Power Cooperative,Maine,Aroostook,Unknown,2860,4241,10946.25,2059199.84,2020,4
Central Maine Power,Maine,Oxford,Sweden,388,577,4442.74,288672.0,2018,10
Central Maine Power,Maine,Franklin,Rangeley Plantation,559,1090,19587.5,416635.33,2017,10
Central Maine Power,Maine,Somerset,Misery Gore,10,14,64.35,7200.0,2020,6
Central Maine Power,Maine,Piscataquis,Shirley,216,663,2165.2,156179.84,2019,11
Eastern Maine Power Cooperative,Maine,Penobscot,Webster,740,1306,361.78,494263.54,2022,2
Central Maine Power,Maine,Piscataquis,Harfords Point,140,152,210.85,104160.0,2020,1
Central Maine Power,Maine,Oxford,Hartford,762,4035,36242.85,567286.6,2022,12
Versant Power,Maine,Aroostook,T28 Md Bpp,23,132,2372.26,17112.0,2022,12
Versant Power,Maine,Piscataquis,Barnard Twp,40,80,53.12,29604.75,2023,7
Versant Power,Maine,Aroostook,Blaine,422,630,2896.16,314440.55,2020,12
Central Maine Power,Maine,Piscataquis,Elliottsville,94,165,2825.84,70002.7,2022,12
Central Maine Power,Maine,Franklin,Carrabassett Valley,2440,4446,24388.06,1756799.95,2018,11
Central Maine Power,Maine,Franklin,Stetsontown,71,144,1173.01,51120.0,2023,4
Central Maine Power,Maine,Kennebec,Pittston,1456,1535,21150.2,1083738.98,2020,8
Central Maine Power,Maine,York,Arundel,1689,2840,41901.66,1256874.65,2017,10
Central Maine Power,Maine,Somerset,St Albans,1371,4122,71425.53,987119.98,2017,11
Versant Power,Maine,Penobscot,Hudson,840,1504,539.26,1251001.3,2022,7
Central Maine Power,Maine,Waldo,Burnham,773,1201,13279.13,575423.12,2020,12
Versant Power,Maine,Aroostook,Crystal,111,207,102.08,80456.15,2022,11
Eastern Maine Power Cooperative,Maine,Washington,Calais,2965,3005,1033.3,2205959.99,2022,7
Central Maine Power,Maine,Somerset,The Forks Plantation,208,285,2229.91,150256.16,2020,4
Versant Power,Maine,Hancock,Great Pond,57,166,121.66,42408.0,2018,8
Central Maine Power,Maine,Piscataquis,Beaver Cove Plantation,267,291,401.91,192240.0,2022,9
Central Maine Power,Maine,Somerset,Taunton & Raynham Academy Grant,590,597,1877.5,439682.64,2020,7
Central Maine Power,Maine,Somerset,Pleasant Ridge Plantation,65,110,1481.13,47302.49,2020,4
Versant Power,Maine,Aroostook,Oxbow North Twp,73,146,133.04,52560.0,2022,6
Central Maine Power,Maine,Franklin,Dallas Plantation,479,1436,13672.67,344880.0,2017,11
Central Maine Power,Maine,Androscoggin,Wales,795,1058,10117.17,572400.0,2017,11
Versant Power,Maine,Aroostook,New Limerick,13,15,82.23,9672.0,2022,12
Central Maine Power,Maine,York,Alfred,1587,2693,52925.46,1180739.66,2017,10
Central Maine Power,Maine,Lincoln,Boothbay,2861,6121,82238.91,2129329.53,2019,10
Versant Power,Maine,Penobscot,T4 Indian Purchase Twp,256,1163,15977.77,128381.51,2020,4
Central Maine Power,Maine,Waldo,Freedom,387,602,8467.08,278640.0,2019,11
Central Maine Power,Maine,Franklin,Washington Twp,18,19,31.66,13413.5,2019,7
Central Maine Power,Maine,Knox,Cushing,1040,1704,5309.22,773833.41,2020,12
Versant Power,Maine,Hancock,Sedgwick,215,2027,19835.07,158106.82,2017,10
Central Maine Power,Maine,Penobscot,Etna,616,1216,20991.66,459045.67,2017,10
Versant Power,Maine,Penobscot,Burlington,253,369,544.69,188232.0,2019,8
Versant Power,Maine,Piscataquis,Milo,227,2314,20044.15,165704.47,2017,10
Central Maine Power,Maine,Oxford,Minot,3,6,1.49,2160.0,2022,6
Central Maine Power,Maine,Somerset,Taunton & Raynham Academy Grant,572,1132,13887.0,425568.0,2017,10
Versant Power,Maine,Washington,Cherryfield,674,1793,6211.5,501455.99,2017,10
Versant Power,Maine,Aroostook,Smyrna,92,95,584.43,68448.0,2022,12
Eastern Maine Power Cooperative,Maine,Aroostook,Unknown,2119,4500,12847.66,1576696.35,2018,10
Eastern Maine Power Cooperative,Maine,Washington,Baileyville,293,345,0.0,217158.25,2023,7
Central Maine Power,Maine,Kennebec,Chelsea,1307,2233,30578.49,972641.31,2017,10
Versant Power,Maine,Penobscot,Old Town,1143,10188,137561.98,845651.61,2017,10
Versant Power,Maine,Penobscot,Kenduskeag,584,679,367.33,434575.31,2020,7
Central Maine Power,Maine,Sagadahoc,Bowdoinham,1653,2531,4379.64,1188830.66,2023,7
Central Maine Power,Maine,Somerset,Rockwood Strip T2r1,43,86,1053.5,31992.0,2017,10
Versant Power,Maine,Penobscot,Corinna,17,34,59.5,12648.0,2020,1
Central Maine Power,Maine,Lincoln,Dresden,955,2509,1822.55,687723.63,2021,6
Central Maine Power,Maine,Cumberland,Frye Island,543,1471,3692.32,404220.48,2018,7
Central Maine Power,Maine,Oxford,Waterford,1458,2550,20329.44,1049903.46,2018,11
Versant Power,Maine,Hancock,Aurora,111,270,197.47,82584.0,2018,8
Central Maine Power,Maine,Somerset,NEW VINEYARD,1,10,95.83,1471.32,2022,12
Versant Power,Maine,Unknown,Somes Sound,9,73,561.5,6411.5,2017,10
Versant Power,Maine,Hancock,Frenchboro,70,204,646.4,52080.0,2021,5
Versant Power,Maine,Unknown,T4 R9 Nwp,7022,9737,120377.46,5214970.76,2017,3
Central Maine Power,Maine,Kennebec,Vienna,467,1632,12001.08,347836.6,2022,12
Versant Power,Maine,Unknown,Crystal,4216,6196,7704.33,3009827.3,2017,6
Versant Power,Maine,Washington,Cutler,429,1011,777.19,319880.47,2018,12
Central Maine Power,Maine,Somerset,Fairfield,3469,6497,88285.07,2498388.28,2020,4
Versant Power,Maine,Hancock,Aurora,99,146,279.7,73656.0,2022,5
Versant Power,Maine,Washington,Harrington,10,42,314.04,8161.0,2017,10
Versant Power,Maine,Piscataquis,Atkinson,181,332,251.5,133822.09,2023,5
Central Maine Power,Maine,Androscoggin,Lewiston,18608,18633,31949.58,13397906.3,2018,6
Central Maine Power,Maine,Franklin,Stetsontown,74,98,39.27,53321.72,2020,11
Central Maine Power,Maine,Somerset,Rockwood Strip T2r1,3,6,9.72,2232.0,2022,1
Central Maine Power,Maine,Franklin,Phillips,705,885,1256.38,403439.48,2023,9
Central Maine Power,Maine,Piscataquis,Little Squaw,140,422,1763.66,104846.52,2021,3
Versant Power,Maine,Penobscot,Holden,1841,2154,5162.27,1326191.98,2023,4
Central Maine Power,Maine,Franklin,Madrid,211,509,2968.68,141792.0,2022,2
Versant Power,Maine,Washington,Machiasport,377,548,2527.36,271440.0,2019,9
Central Maine Power,Maine,Kennebec,New Sharon,1,5,58.85,744.0,2022,12
Central Maine Power,Maine,Franklin,Phillips,713,1708,11641.52,530829.96,2022,12
Central Maine Power,Maine,Oxford,Jay,4,8,56.16,2971.62,2022,12
Versant Power,Maine,Hancock,Blue Hill,2291,4080,36824.52,1649516.13,2020,4
Versant Power,Maine,Penobscot,Lee,602,618,836.04,405214.66,2022,2
Central Maine Power,Maine,Waldo,Morrill,465,468,1.01,346617.6,2021,8
Central Maine Power,Maine,Penobscot,Hermon,2638,3424,37959.16,1899359.96,2017,11
Central Maine Power,Maine,Penobscot,Carmel,1389,1447,3592.04,933827.56,2019,2
Versant Power,Maine,Washington,Eastport,1245,1950,1926.81,897120.64,2022,4
Central Maine Power,Maine,Somerset,Highland Plantation,46,47,46.97,34473.16,2019,5
Versant Power,Maine,Penobscot,Clifton,627,1088,5681.87,466487.99,2018,3
Central Maine Power,Maine,Androscoggin,Durham,1892,3214,8717.32,1059048.53,2023,9
Versant Power,Maine,Penobscot,Woodville,119,484,3516.93,88536.0,2020,12
Central Maine Power,Maine,Penobscot,Carmel,1461,2249,12887.9,1087310.11,2022,12
Central Maine Power,Maine,Sagadahoc,Bowdoin,1452,1764,23563.45,1046159.45,2019,11
Versant Power,Maine,Hancock,Sullivan,88,458,1730.83,43631.5,2017,8
Central Maine Power,Maine,Franklin,Freeman,243,347,928.59,174960.0,2021,4
Central Maine Power,Maine,Knox,Washington,937,1853,18209.07,697327.5,2019,10
Versant Power,Maine,Hancock,T7 Sd Bpp,22,66,652.39,12190.99,2023,9
Versant Power,Maine,Penobscot,Orrington,1967,2976,19780.96,1463447.97,2019,10
Versant Power,Maine,Penobscot,T4 Indian Purchase Twp,257,371,2846.27,185203.51,2020,9
Central Maine Power,Maine,York,BRUNSWICK,1,2,1.57,361.42,2021,9
Central Maine Power,Maine,Franklin,New Sharon,800,948,1517.91,595311.84,2018,7
Central Maine Power,Maine,Androscoggin,Hebron,3,6,62.88,2218.01,2022,12
Central Maine Power,Maine,Sagadahoc,Arrowsic,312,628,4230.36,210174.3,2022,2
Versant Power,Maine,Penobscot,Kenduskeag,581,874,4673.02,418320.0,2018,11
Eastern Maine Power Cooperative,Maine,Aroostook,Haynesville,166,345,3541.69,123389.8,2022,12
Versant Power,Maine,Aroostook,Blaine,11,14,2.84,2950.0,2017,8
Versant Power,Maine,Aroostook,T15 R6 Wels,13,26,17.32,9672.0,2022,10
Versant Power,Maine,Penobscot,Lowell,242,668,2647.71,180257.39,2019,10
Central Maine Power,Maine,Piscataquis,Kingsbury Plantation,43,1056,24955.76,32559.17,2017,12
Central Maine Power,Maine,Penobscot,Corinth,20,480,11351.37,14880.0,2017,12
Versant Power,Maine,Washington,Jonesport,10,19,27.49,5880.0,2017,8
Versant Power,Maine,Piscataquis,T1 R9 Wels,348,1048,3143.96,250560.0,2020,9
Central Maine Power,Maine,Somerset,Taunton & Raynham Academy Grant,592,1807,5128.39,441154.15,2021,3
Central Maine Power,Maine,Penobscot,Carmel,1369,4036,55742.33,985679.98,2017,11
Versant Power,Maine,Unknown,T22 Md,28,392,9232.33,20832.0,2018,3
Versant Power,Maine,Hancock,East Blue Hill,68,92,798.72,50592.0,2019,10
Versant Power,Maine,Piscataquis,Barnard Twp,41,82,75.12,30504.0,2020,7
Versant Power,Maine,Hancock,Great Pond,58,85,51.93,43152.0,2020,3
Versant Power,Maine,Piscataquis,Long A Twp,58,150,217.44,41760.0,2022,11
Versant Power,Maine,Unknown,"T17, R3, 12",765,4154,99696.0,569160.0,2018,3
Versant Power,Maine,Penobscot,Holden,1812,2831,30934.16,1304639.93,2018,11
Central Maine Power,Maine,Oxford,Magalloway Plantation,76,77,51.27,56761.48,2022,1
Central Maine Power,Maine,Knox,South Thomaston,1079,1388,1573.83,803415.0,2018,3
Versant Power,Maine,Aroostook,Stockholm,165,378,369.51,122760.0,2020,10
Versant Power,Maine,Washington,Lubec,1314,1350,5921.39,946160.2,2022,11
Central Maine Power,Maine,Oxford,Milton,73,144,1062.39,52560.0,2018,11
Versant Power,Maine,Hancock,East Blue Hill,68,81,1552.6,48960.0,2018,11
Central Maine Power,Maine,Androscoggin,Poland,3312,5380,58022.49,2464508.1,2020,12
Versant Power,Maine,Aroostook,Limestone,444,454,624.11,330336.0,2018,10
Central Maine Power,Maine,Somerset,Embden,981,3813,65063.02,706903.31,2020,4
Central Maine Power,Maine,York,Eliot,3849,4187,7184.24,2771511.84,2020,6
Central Maine Power,Maine,Oxford,Hanover,279,667,518.6,208238.51,2019,8
Versant Power,Maine,Hancock,Salsbury Cove,26,811,9485.83,22245.34,2017,10
Versant Power,Maine,Hancock,Sorrento,348,1626,24912.22,259652.48,2022,12
Versant Power,Maine,Hancock,Birch Harbor,14,15,22.83,4297.83,2017,9
Central Maine Power,Maine,Waldo,Lincolnville,1810,2258,19796.57,1347268.15,2020,12
Versant Power,Maine,Penobscot,Argyle Twp,144,294,2382.26,107136.0,2020,10
Versant Power,Maine,Penobscot,Soldiertown Twp T2 R7 Wels,11,20,44.86,8184.0,2022,12
Central Maine Power,Maine,Hancock,Orland,1567,1834,3379.87,1128506.02,2020,9
Eastern Maine Power Cooperative,Maine,Aroostook,Haynesville,143,168,0.0,106702.58,2023,5
Central Maine Power,Maine,Androscoggin,Minot,1199,1658,11388.43,863280.0,2017,11
Central Maine Power,Maine,Sagadahoc,Georgetown,1228,1448,2064.38,914035.96,2022,1
Versant Power,Maine,Washington,Roque Bluffs,293,365,874.96,211410.19,2022,4
Central Maine Power,Maine,Somerset,Lexington,158,161,755.45,113865.15,2020,9
Versant Power,Maine,Hancock,Seal Harbor,374,380,8077.99,269280.0,2017,11
Central Maine Power,Maine,Waldo,Monroe,561,2074,38714.67,403919.98,2020,4
Central Maine Power,Maine,Somerset,Jackman,777,963,466.19,559492.51,2020,4
Versant Power,Maine,Aroostook,Winterville Plt,240,241,361.9,178943.49,2020,12
Versant Power,Maine,Unknown,Masardis,5071,13072,45434.41,3704996.42,2016,12
Versant Power,Maine,Washington,Whitneyville,6,60,1440.0,4320.0,2017,11
Central Maine Power,Maine,Oxford,Adamstown,67,104,21.56,48283.05,2020,11
Central Maine Power,Maine,Penobscot,Carmel,1433,1555,8802.57,1066656.02,2020,8
Eastern Maine Power Cooperative,Maine,Aroostook,Smyrna,17,95,15.72,12351.93,2022,2
Versant Power,Maine,Washington,Addison,1,4,5.16,720.0,2017,9
Versant Power,Maine,Unknown,Littleton,8,390,20.0,3304.17,2017,8
Versant Power,Maine,Aroostook,Saint Agatha,68,668,665.83,41610.5,2017,8
Central Maine Power,Maine,Knox,Hope,1054,1618,17551.09,784500.0,2023,3
Versant Power,Maine,Unknown,Mt Desert,236,237,39.63,175988.99,2019,8
Versant Power,Maine,Aroostook,T28 Md Bpp,24,48,252.47,17856.0,2021,3
Versant Power,Maine,Piscataquis,Barnard Twp,39,83,614.45,29016.0,2022,12
Versant Power,Maine,Aroostook,Smyrna Mills,92,2852,68448.0,68448.0,2017,12
Central Maine Power,Maine,Franklin,Kingfield,836,2250,16304.63,601957.8,2019,11
Central Maine Power,Maine,Sagadahoc,Phippsburg,2101,10582,75295.07,1563315.27,2023,3
Versant Power,Maine,Hancock,Aurora,12,85,194.17,8790.67,2017,9
Central Maine Power,Maine,Franklin,Kingfield,827,2164,20449.96,595636.64,2018,11
Versant Power,Maine,Aroostook,Smyrna Mills,92,2852,68448.0,68448.0,2018,1
Versant Power,Maine,Penobscot,Brewer,5214,5561,9443.05,3754732.94,2023,4
Versant Power,Maine,Piscataquis,Brownville,558,1000,1809.29,415307.99,2018,1
Versant Power,Maine,Penobscot,Garland,495,824,1825.04,368280.0,2019,7
Versant Power,Maine,Aroostook,Ludlow,16,128,3015.45,11904.0,2018,3
Versant Power,Maine,Hancock,T10 Sd Bpp,66,133,207.93,49027.97,2023,5
Central Maine Power,Maine,Waldo,Palermo,1015,1055,619.09,755251.32,2019,12
Central Maine Power,Maine,Franklin,Freeman,235,1006,11757.99,169200.0,2019,11
Central Maine Power,Maine,Penobscot,Dixmont,520,682,339.64,387334.66,2019,12
Central Maine Power,Maine,Piscataquis,Sebec,17,45,200.75,12240.0,2018,11
Central Maine Power,Maine,Somerset,Rockwood Strip T2r1,44,88,66.0,32736.0,2018,7
Central Maine Power,Maine,Waldo,Northport,1395,1754,18555.78,802293.42,2023,9
Versant Power,Maine,Unknown,Littleton,269,273,410.76,182519.09,2016,12
Central Maine Power,Maine,Franklin,Temple,341,690,1144.95,196340.59,2023,9
Central Maine Power,Maine,Piscataquis,Willimantic,279,1219,11244.85,200889.51,2019,11
Versant Power,Maine,Washington,Pleasant Point,49,84,94.34,33696.5,2017,10
Central Maine Power,Maine,Kennebec,Vienna,448,478,653.16,323065.67,2018,9
Central Maine Power,Maine,Penobscot,Troy,1,2,7.17,724.5,2022,12
Versant Power,Maine,Hancock,Eastbrook,500,993,336.8,360000.0,2019,6
Versant Power,Maine,Washington,Trescott Twp,194,195,196.59,144336.0,2018,12
Central Maine Power,Maine,Franklin,Weld,612,1296,2714.72,455328.0,2020,10
Central Maine Power,Maine,Somerset,Jackman,773,1567,12821.17,556983.48,2018,11
Versant Power,Maine,Washington,Lubec,1275,2556,2176.32,918697.31,2020,6
Central Maine Power,Maine,Oxford,Waterford,1470,4060,19753.59,1058967.64,2020,4
Versant Power,Maine,Unknown,Alton,109,1160,8907.33,76674.0,2017,9
Central Maine Power,Maine,Androscoggin,Bowdoin,14,18,13.83,10416.0,2023,1
Central Maine Power,Maine,York,Kennebunk,1669,2050,4873.66,1161623.99,2020,2
Versant Power,Maine,Hancock,Orland,48,84,297.61,35712.0,2020,12
Central Maine Power,Maine,Kennebec,Fayette,924,1425,667.48,687690.66,2019,7
Central Maine Power,Maine,Somerset,Starks,302,620,5075.03,225422.34,2018,10
Central Maine Power,Maine,Piscataquis,Harfords Point,143,144,225.64,106527.69,2022,1
Central Maine Power,Maine,Somerset,Rockwood Strip T2r1,46,92,145.68,34224.0,2020,5
Versant Power,Maine,Washington,Lubec,1293,1633,7232.64,962107.41,2019,10
Versant Power,Maine,Unknown,Somesville,368,442,2450.27,273792.0,2018,3
Central Maine Power,Maine,Lincoln,South Bristol,1145,2721,37350.23,824399.97,2017,11
Eastern Maine Power Cooperative,Maine,Washington,Baring,352,929,0.0,250687.18,2020,6
Versant Power,Maine,Aroostook,Eagle Lake,766,1018,1399.74,551520.0,2018,9
Versant Power,Maine,Piscataquis,T4 R9 Nwp,3,6,12.02,2232.0,2020,8
Central Maine Power,Maine,Somerset,New Portland,657,701,1715.47,489334.65,2020,3
Versant Power,Maine,Penobscot,Glenburn,2056,2274,1850.18,1530212.2,2020,7
Versant Power,Maine,Penobscot,Bradford,650,1570,12370.68,467999.99,2019,11
Versant Power,Maine,Penobscot,Glenburn,2083,5779,65660.32,1549964.33,2022,12
Central Maine Power,Maine,Androscoggin,Pownal,30,56,10.99,22320.0,2021,10
Central Maine Power,Maine,York,Alfred,1688,4855,64815.75,1255952.99,2022,12
Central Maine Power,Maine,Oxford,Peru,1034,2083,17510.6,769351.15,2021,3
Central Maine Power,Maine,Piscataquis,Parkman,500,1541,26204.91,372007.45,2020,12
Central Maine Power,Maine,Piscataquis,Little Squaw,150,190,1384.59,112101.3,2020,12
Central Maine Power,Maine,Piscataquis,Greenville,1820,2297,4297.34,1310783.07,2020,4
Versant Power,Maine,Piscataquis,Medford,100,108,366.0,4716.83,2017,9
Versant Power,Maine,Aroostook,Benedicta Twp,189,291,747.23,141031.17,2021,3
Versant Power,Maine,Washington,Dennysville,187,376,307.2,134640.0,2020,6
Central Maine Power,Maine,Waldo,Knox,407,807,13909.5,302808.0,2017,10
Central Maine Power,Maine,Somerset,Highland Plantation,51,53,779.64,34272.0,2022,2
Versant Power,Maine,Hancock,Otter Creek,41,164,0.0,27629.68,2020,4
Central Maine Power,Maine,Oxford,Magalloway Plantation,71,213,1277.39,48115.69,2019,2
Versant Power,Maine,Hancock,Eastbrook,515,639,4728.92,280126.92,2023,9
Central Maine Power,Maine,Knox,Hope,1027,4061,67819.91,739439.95,2020,4
Central Maine Power,Maine,Franklin,Wyman,172,192,0.39,127473.84,2023,8
Central Maine Power,Maine,Kennebec,Benton,1354,2630,42610.16,1007380.65,2017,10
Versant Power,Maine,Aroostook,Merrill,74,77,15.01,53339.34,2020,4
Central Maine Power,Maine,Oxford,Lovell,1358,3723,63368.1,1010793.81,2020,12
Central Maine Power,Maine,Franklin,Alder Stream,12,24,313.99,8640.0,2018,11
Versant Power,Maine,Aroostook,Madawaska,2503,2866,4347.34,1863091.7,2020,10
Versant Power,Maine,Penobscot,Corinth,1391,2144,18973.93,1001519.93,2019,11
Versant Power,Maine,Unknown,Great Cranberry Island,192,193,1224.79,142940.83,2018,10
Central Maine Power,Maine,Oxford,Magalloway Plantation,75,150,251.1,55800.0,2021,5
Central Maine Power,Maine,Penobscot,Levant,1322,1330,3115.69,888430.13,2019,2
Central Maine Power,Maine,Lincoln,South Bristol,1179,1189,2514.73,792548.96,2019,2
Central Maine Power,Maine,Waldo,Liberty,787,2323,32978.77,586019.9,2017,10
Central Maine Power,Maine,Somerset,Concord,128,1062,22844.83,92160.0,2017,11
Versant Power,Maine,Aroostook,Washburn,844,875,441.14,627936.0,2018,5
Versant Power,Maine,Unknown,Lakeview Plantation,291,1402,12334.67,216424.16,2017,10
Central Maine Power,Maine,Kennebec,Vienna,440,913,9156.33,317518.0,2017,11
Central Maine Power,Maine,Somerset,Canaan,1234,1334,1536.89,888996.95,2019,4
Central Maine Power,Maine,Franklin,Weld,606,670,4563.33,451366.66,2018,10
Central Maine Power,Maine,Oxford,Upton,181,184,219.26,135142.01,2020,3
Central Maine Power,Maine,Oxford,Hebron,572,2559,40423.85,425567.99,2022,12
Eastern Maine Power Cooperative,Maine,Penobscot,Unknown,934,2348,4117.17,674714.85,2018,6
Versant Power,Maine,Penobscot,Bradley,771,1338,22600.21,555823.0,2017,11
Central Maine Power,Maine,Cumberland,Limington,2,8,18.92,1211.95,2021,1
Central Maine Power,Maine,Franklin,Freeman,254,410,1409.13,170776.06,2023,2
Central Maine Power,Maine,Lincoln,Jefferson,1799,8987,160106.79,1295279.88,2017,11
Central Maine Power,Maine,Oxford,Hartford,740,1357,1974.27,551126.65,2020,7
Versant Power,Maine,Hancock,Orland,44,126,823.48,31680.0,2019,11
Central Maine Power,Maine,Somerset,Brassua,1,2,2.66,744.0,2022,8
Versant Power,Maine,Aroostook,Van Buren,3,90,2160.0,2160.0,2017,11
Central Maine Power,Maine,Penobscot,Hermon,2941,3009,3051.74,2105550.72,2023,6
Versant Power,Maine,Hancock,Hancock,1771,4954,50608.63,1318153.91,2022,12
Central Maine Power,Maine,Franklin,Coplin Plantation,215,439,1521.57,159960.0,2020,10
Versant Power,Maine,Washington,Dennysville,214,240,249.6,154080.0,2019,11
Central Maine Power,Maine,Lincoln,South Bristol,1165,1189,3197.13,867487.33,2022,1
Versant Power,Maine,Piscataquis,Ebeemee Twp,181,363,286.84,134664.0,2022,7
Versant Power,Maine,Penobscot,Olamon,22,99,1272.9,16137.26,2019,11
Versant Power,Maine,Penobscot,Milford,1567,2075,25568.66,1128771.27,2019,11
Central Maine Power,Maine,Somerset,Johnson Mountain,8,18,44.34,5760.0,2021,4
Versant Power,Maine,Penobscot,Mattamiscontis Twp,28,52,76.77,20160.0,2018,9
Central Maine Power,Maine,Sagadahoc,Arrowsic,310,314,322.51,231326.61,2022,1
Central Maine Power,Maine,Oxford,Lower Cupsuptic,8,13,21.68,6063.9,2020,12
Central Maine Power,Maine,Somerset,Ripley,350,387,1062.21,260539.18,2021,3
Versant Power,Maine,Aroostook,Washburn,862,953,8435.52,513486.36,2022,12
Central Maine Power,Maine,Kennebec,West Gardiner,1938,2643,25572.75,1442190.72,2020,12
Central Maine Power,Maine,Somerset,Tomhegan,240,483,644.53,178560.0,2022,8
Central Maine Power,Maine,Kennebec,AUBURN,1,3,2.17,338.14,2021,6
Central Maine Power,Maine,Piscataquis,Dover-foxcroft,2654,4632,3944.72,1975212.39,2019,3
Central Maine Power,Maine,Kennebec,Mercer,2,4,2.52,1488.0,2021,12
Central Maine Power,Maine,Cumberland,New Gloucester,2990,4016,1505.85,2153325.32,2022,4
Versant Power,Maine,Aroostook,Allagash,274,290,163.84,203856.0,2018,3
Central Maine Power,Maine,Somerset,Mercer,448,1455,23598.27,322560.0,2017,11
Versant Power,Maine,Hancock,Gouldsboro,677,2088,14266.86,487739.07,2018,11
Central Maine Power,Maine,Somerset,Taunton & Raynham Academy Grant,590,1242,1425.13,425506.68,2020,9
Central Maine Power,Maine,Somerset,Pleasant Ridge Plantation,66,1782,41327.15,49723.84,2017,12
Central Maine Power,Maine,Waldo,Knox,416,1258,19712.71,299736.02,2020,4
Versant Power,Maine,Penobscot,Hudson,172,3792,62184.32,247857.16,2017,10
Versant Power,Maine,Hancock,Sunset,17,20,6.65,11832.0,2020,2
Versant Power,Maine,Hancock,Mariaville,442,529,1402.26,328848.0,2022,3
Central Maine Power,Maine,Waldo,Searsmont,873,1175,13173.93,629095.14,2019,11
Central Maine Power,Maine,Knox,Owls Head,1294,2190,30932.82,962856.93,2022,12
Versant Power,Maine,Penobscot,Clifton,569,1924,33213.42,409784.64,2020,4
Central Maine Power,Maine,York,Shapleigh,2361,3470,11717.84,1757250.11,2019,7
Central Maine Power,Maine,Franklin,Anson,1,4,1.17,744.0,2021,12
Central Maine Power,Maine,Cumberland,Sebago,1776,8532,115421.68,1321681.8,2022,12
Central Maine Power,Maine,Kennebec,Vienna,456,1568,29337.88,339422.94,2020,12
Central Maine Power,Maine,York,Acton,2448,8061,82512.95,1821794.68,2020,8
Central Maine Power,Maine,Lincoln,South Bristol,1182,1845,8359.61,879512.95,2022,10
Central Maine Power,Maine,Franklin,New Sharon,823,864,6637.31,592961.95,2020,9
Versant Power,Maine,Washington,Beddington,77,421,2226.67,56168.33,2017,10
Central Maine Power,Maine,Lincoln,Nobleboro,1409,1854,13042.54,1048433.67,2020,10
Versant Power,Maine,Unknown,T19 Md Bpp,40,128,1700.49,29440.49,2018,11
Central Maine Power,Maine,Lincoln,Southport,1158,2327,29228.12,861550.78,2019,10
Versant Power,Maine,Aroostook,T16 R5 Wels,31,92,688.46,23064.0,2020,10
Versant Power,Maine,Aroostook,Eagle Lake,751,1219,1091.93,559026.99,2021,3
Versant Power,Maine,Penobscot,T3 Indian Purchase Twp,154,257,0.46,110399.6,2023,6
Central Maine Power,Maine,Lincoln,Hibberts Gore,1,2,1.33,744.0,2017,12
Central Maine Power,Maine,Penobscot,Kenduskeag,131,629,11733.6,94320.0,2020,4
Central Maine Power,Maine,Knox,Friendship,965,1009,7640.89,694983.33,2019,11
Central Maine Power,Maine,York,Limerick,1781,2433,41872.8,1282319.97,2017,11
Eastern Maine Power Cooperative,Maine,Washington,Perry,285,301,389.65,212040.0,2022,3
Versant Power,Maine,Penobscot,Medway,721,790,864.49,519555.66,2017,11
Central Maine Power,Maine,Piscataquis,Elliottsville,96,288,304.08,71424.0,2018,10
Central Maine Power,Maine,Kennebec,Benton,1394,2049,3436.6,1037744.25,2023,3
Versant Power,Maine,Hancock,Brooklin,949,2460,31474.97,706055.98,2019,10
Versant Power,Maine,Washington,Edmunds Twp,170,409,661.57,122916.18,2022,4
Versant Power,Maine,Hancock,Eastbrook,500,520,2091.51,372000.0,2018,10
Eastern Maine Power Cooperative,Maine,Aroostook,Cary,9,14,34.2,6047.06,2022,2
Central Maine Power,Maine,Hancock,Orland,1587,1691,1963.54,1181221.58,2022,7
Versant Power,Maine,Unknown,T4 Indian Purchase,17,25,46.27,12956.97,2019,1
Central Maine Power,Maine,Hancock,Bucksport,2666,2911,660.86,1855974.34,2020,2
Central Maine Power,Maine,Oxford,Lovell,1348,3738,19921.77,1003451.18,2021,3
Central Maine Power,Maine,Somerset,Starks,303,304,807.78,226071.32,2018,5
Versant Power,Maine,Unknown,T1 R8 Wels,20,40,96.68,14880.0,2018,5
Central Maine Power,Maine,Waldo,Unity,1108,1536,22380.36,797759.97,2017,11
Central Maine Power,Maine,Oxford,Stow,261,267,1.61,186555.4,2023,6
Central Maine Power,Maine,Waldo,Stockton Springs,1099,4433,46029.49,791279.97,2017,11
Central Maine Power,Maine,Cumberland,Harrison,1989,3782,18160.48,1432079.97,2017,11
Versant Power,Maine,Aroostook,Sinclair Twp,349,619,865.72,259808.81,2020,12
Central Maine Power,Maine,Somerset,Athens,580,1096,7125.96,431763.35,2018,10
Central Maine Power,Maine,Waldo,Swanville,960,995,1703.79,691864.98,2022,9
Versant Power,Maine,Penobscot,Holden,134,366,755.02,96480.0,2017,9
Versant Power,Maine,Piscataquis,T1 R9 Wels,353,746,5031.3,263046.98,2022,12
Central Maine Power,Maine,Penobscot,Dixmont,516,1095,9687.8,384164.09,2020,12
Versant Power,Maine,Washington,Berry Twp,5,6,7.66,3720.0,2020,12
Versant Power,Maine,Penobscot,Bradford,650,684,200.59,483600.0,2019,3
Central Maine Power,Maine,Cumberland,Gray,4671,8548,122116.79,3454433.2,2017,10
Central Maine Power,Maine,Somerset,Smithfield,798,2538,33546.15,574559.99,2017,11
Versant Power,Maine,Aroostook,Saint Francis,309,353,346.81,222665.65,2021,4
Central Maine Power,Maine,Kennebec,Litchfield,2192,3106,41416.99,1630932.36,2020,12
Eastern Maine Power Cooperative,Maine,Penobscot,Unknown,952,1539,5013.48,708287.96,2018,10
Central Maine Power,Maine,Piscataquis,Lily Bay,113,201,570.32,64588.92,2023,9
Versant Power,Maine,Aroostook,Masardis,198,538,3486.82,147815.42,2022,12
Central Maine Power,Maine,Piscataquis,Frenchtown,114,115,80.35,82080.0,2021,11
Versant Power,Maine,Washington,Milbridge,184,267,356.85,122780.39,2018,2
Versant Power,Maine,Unknown,Lakeview Plantation,276,284,378.67,199519.0,2017,9
Central Maine Power,Maine,Lincoln,Dresden,943,2422,16112.43,701767.99,2019,10
Central Maine Power,Maine,Kennebec,West Gardiner,1892,1973,17962.8,1362718.08,2019,11
Central Maine Power,Maine,Oxford,Milton,74,775,18600.0,55056.0,2017,12
Central Maine Power,Maine,Lincoln,South Bristol,1153,1211,6218.91,858191.65,2018,10
Central Maine Power,Maine,Franklin,Kingfield,834,851,18163.04,620744.33,2017,12
Versant Power,Maine,Unknown,T4 Indian Purchase,3668,23513,58212.49,2705234.0,2016,12
Versant Power,Maine,Washington,Milbridge,67,159,242.0,48127.0,2017,9
Central Maine Power,Maine,Oxford,Fryeburg,2352,9367,159178.79,1750313.61,2022,12
Versant Power,Maine,Penobscot,Alton,416,464,586.06,309504.0,2018,3
Eastern Maine Power Cooperative,Maine,Washington,Princeton,51,304,117.63,35788.16,2021,10
Eastern Maine Power Cooperative,Maine,Washington,Calais,2963,5927,64172.44,2203516.72,2023,5
Central Maine Power,Maine,Knox,St George,2325,2690,49341.66,1673999.99,2017,11
Versant Power,Maine,Unknown,T4 Indian Purchase,15,35,41.16,11123.33,2018,9
Versant Power,Maine,Penobscot,Levant,24,42,59.62,17856.0,2019,7
Versant Power,Maine,Washington,Dennysville,193,328,352.52,138960.0,2021,11
Central Maine Power,Maine,Kennebec,Sidney,2190,2970,47851.16,1576799.95,2017,11
Versant Power,Maine,Unknown,Mariaville,318,394,952.57,56257.06,2016,11
Versant Power,Maine,Unknown,Oxbow Plantation,71,282,890.0,52824.0,2017,10
Central Maine Power,Maine,Oxford,Mason,50,71,451.78,36000.0,2018,11
Versant Power,Maine,Hancock,Bar Harbor,1812,2134,1029.85,1362041.5,2019,8
Central Maine Power,Maine,Cumberland,Limington,3,9,136.97,2232.0,2022,12
Central Maine Power,Maine,York,Eliot,3835,4469,46984.78,2853735.63,2019,10
Versant Power,Maine,Unknown,T4 Indian Purchase,16,19,29.66,11904.0,2018,10
Versant Power,Maine,Aroostook,New Sweden,326,352,174.66,242266.99,2023,7
Versant Power,Maine,Unknown,"Squa Pan T11, R4,7,8",158,1510,1759.68,93507.59,2017,6
Central Maine Power,Maine,Franklin,Carthage,343,420,505.85,255656.32,2020,7
Central Maine Power,Maine,Franklin,Anson,1,2,2.04,741.39,2023,3
Central Maine Power,Maine,Knox,Hope,1025,1292,10609.14,762718.34,2020,12
Central Maine Power,Maine,Waldo,Winterport,1545,3860,70355.42,1112463.1,2020,4
Central Maine Power,Maine,Waldo,Searsmont,872,997,1300.46,627840.0,2020,6
Versant Power,Maine,Penobscot,Soldiertown Twp T2 R7 Wels,11,44,51.36,8184.0,2022,5
Central Maine Power,Maine,Oxford,Roxbury,463,810,9471.27,333360.0,2020,4
Central Maine Power,Maine,Somerset,Highland Plantation,50,100,175.26,37668.34,2022,7
Versant Power,Maine,Aroostook,Westmanland,117,366,2003.46,84240.0,2018,11
Central Maine Power,Maine,Waldo,Montville,606,1101,10418.9,451323.03,2020,10
Central Maine Power,Maine,Oxford,Stow,251,254,2010.56,186815.38,2021,1
Central Maine Power,Maine,Waldo,Liberty,808,3609,61977.41,581864.11,2020,4
Central Maine Power,Maine,Oxford,Stow,253,530,1944.29,182607.72,2021,9
Central Maine Power,Maine,Piscataquis,Sangerville,919,1103,1755.85,684223.52,2020,5
Central Maine Power,Maine,Somerset,West Forks Plantation,116,230,746.8,86304.0,2018,3
Central Maine Power,Maine,Piscataquis,Big Squaw,65,113,313.33,46800.0,2018,9
Central Maine Power,Maine,Franklin,Avon,307,930,16500.18,221543.49,2020,4
Versant Power,Maine,Unknown,Larrabee,17,34,145.28,12240.0,2019,9
Central Maine Power,Maine,Cumberland,Baldwin,875,1141,2488.03,651716.85,2021,5
Versant Power,Maine,Penobscot,Exeter,510,711,8416.16,379741.95,2020,12
Central Maine Power,Maine,Oxford,Mexico,1504,1509,2119.71,1119352.82,2018,7
Central Maine Power,Maine,Piscataquis,Cove Point,7,22,265.44,5040.0,2020,4
Central Maine Power,Maine,Franklin,Weld,619,996,6408.11,416313.98,2022,2
Central Maine Power,Maine,Piscataquis,Harfords Point,139,279,443.84,103416.0,2020,5
Versant Power,Maine,Aroostook,Allagash,277,547,3766.63,199440.0,2019,4
Central Maine Power,Maine,Somerset,Taunton & Raynham Academy Grant,584,2369,1562.45,434948.67,2018,5
Versant Power,Maine,Unknown,Dover-foxcroft,11,15,165.34,8184.0,2018,10
Versant Power,Maine,Piscataquis,Brownville,567,1615,5238.77,408790.6,2019,11
Versant Power,Maine,Penobscot,Millinocket,2713,4426,58875.45,1953872.67,2020,4
Versant Power,Maine,Washington,Cherryfield,555,707,1060.76,394423.83,2017,9
Versant Power,Maine,Washington,Pleasant Point,331,406,3922.44,188800.07,2023,9
Central Maine Power,Maine,Androscoggin,Durham,1782,7263,83559.81,1283039.9,2017,11
Central Maine Power,Maine,Lincoln,Dresden,916,4341,80227.66,659519.99,2017,11
Central Maine Power,Maine,Kennebec,Rome,1140,1338,1196.81,848329.61,2021,8
Central Maine Power,Maine,Piscataquis,Cove Point,7,217,5208.0,5208.0,2017,12
Central Maine Power,Maine,Hancock,Castine,786,833,974.55,584953.94,2022,7
Versant Power,Maine,Washington,Columbia Falls,417,542,1260.9,300240.0,2018,11
Central Maine Power,Maine,Lincoln,Waldoboro,3147,6248,3816.57,2143388.28,2023,7
Versant Power,Maine,Penobscot,Dexter,42,83,90.99,31248.0,2020,1
Versant Power,Maine,Washington,Columbia,284,428,4157.99,159388.08,2023,9
Versant Power,Maine,Hancock,Surry,1269,1312,405.02,944549.66,2022,10
Central Maine Power,Maine,Franklin,Canton,1,2,3.65,744.0,2021,8
Central Maine Power,Maine,Piscataquis,Frenchtown,108,109,146.2,81043.66,2019,8
Versant Power,Maine,Aroostook,T16 R5 Wels,31,62,85.22,23064.0,2020,12
Central Maine Power,Maine,Lincoln,Bristol,3004,6006,22062.99,2235482.29,2019,5
Versant Power,Maine,Washington,Beals,397,668,4504.75,295368.0,2018,3
Central Maine Power,Maine,Oxford,Mechanic Falls,6,12,9.97,4271.06,2022,12
Central Maine Power,Maine,Somerset,Parlin Pond,27,55,265.06,20088.0,2022,12
Central Maine Power,Maine,Oxford,Roxbury,456,457,4333.84,339645.17,2017,10
Versant Power,Maine,Penobscot,Greenfield Twp,142,162,33.3,105648.0,2019,3
Central Maine Power,Maine,Somerset,Misery Gore,9,28,268.34,6737.33,2017,10
Versant Power,Maine,Aroostook,Masardis,196,290,1145.74,145824.0,2022,5
Versant Power,Maine,Unknown,T7 Sd,7,11,2.17,5542.59,2019,12
Central Maine Power,Maine,Waldo,Freedom,386,1054,14404.83,277920.0,2017,11
Versant Power,Maine,Piscataquis,Medford,154,395,1907.05,114576.0,2018,10
Central Maine Power,Maine,Knox,Hope,1024,1060,8137.36,737504.98,2020,9
Versant Power,Maine,Penobscot,Carmel,52,104,964.23,37440.0,2019,11
Central Maine Power,Maine,Franklin,Sandy River Plantation,384,385,64.6,285696.0,2019,12
Central Maine Power,Maine,Franklin,Wyman,167,673,587.55,124837.98,2021,12
Central Maine Power,Maine,Oxford,Lower Cupsuptic,8,9,36.82,5952.0,2018,5
Central Maine Power,Maine,Kennebec,Readfield,1575,3035,16210.46,1172423.37,2020,8
Versant Power,Maine,Hancock,Lamoine,1146,2356,501.4,825955.69,2019,6
Versant Power,Maine,Penobscot,Seboeis Plt,55,218,673.8,40920.0,2018,10
Central Maine Power,Maine,Waldo,Brooks,622,630,1441.16,463378.66,2018,7
Versant Power,Maine,Aroostook,Bridgewater,355,409,1633.03,264120.0,2020,12
Versant Power,Maine,Unknown,"T17, R3, 12",765,3752,90048.0,514080.0,2018,2
Versant Power,Maine,Washington,Beddington,240,243,415.44,178560.0,2018,12
Central Maine Power,Maine,Cumberland,Standish,5089,9752,170076.72,3788224.73,2017,10
Versant Power,Maine,Hancock,Mariaville,432,527,677.06,290583.13,2021,2
Central Maine Power,Maine,Cumberland,North Yarmouth,1844,2288,15089.85,1327704.59,2020,4
Versant Power,Maine,Unknown,Castle Hill,4,5,2.04,952.84,2016,11
Central Maine Power,Maine,Lincoln,Newcastle,1282,5364,63582.71,923253.28,2020,4
Central Maine Power,Maine,Knox,St George,2357,2381,74.65,1697088.96,2019,6
Central Maine Power,Maine,Oxford,Hebron,569,846,2167.23,409818.11,2021,9
Central Maine Power,Maine,Franklin,Weld,621,686,2230.43,462045.15,2021,10
Versant Power,Maine,Hancock,Aurora,102,156,234.57,73440.0,2021,4
Central Maine Power,Maine,Kennebec,Wayne,946,4021,35570.58,681321.64,2020,4
Central Maine Power,Maine,Penobscot,Hermon,2816,2979,33362.1,2095148.63,2020,12
Versant Power,Maine,Aroostook,Masardis,189,304,2588.62,136080.0,2019,11
Versant Power,Maine,Piscataquis,T1 R9 Wels,355,704,420.15,252843.32,2023,6
Central Maine Power,Maine,Cumberland,Naples,3513,12587,87116.55,2529359.69,2017,11
Versant Power,Maine,Hancock,Castine,1,5,64.34,703.84,2022,12
Central Maine Power,Maine,Lincoln,Alna,415,729,3593.27,309105.81,2020,10
Versant Power,Maine,Penobscot,Brewer,5093,8709,86184.97,3667856.3,2020,4
Central Maine Power,Maine,Lincoln,South Bristol,1165,2316,3360.71,867222.15,2020,8
Central Maine Power,Maine,Hancock,Orland,1549,2844,46460.49,1115766.09,2020,4
Central Maine Power,Maine,Hancock,Verona,341,691,5872.61,253896.76,2022,12
Central Maine Power,Maine,Hancock,Penobscot,872,2094,24262.0,648767.96,2022,12
Versant Power,Maine,Penobscot,Holden,1817,5960,88486.69,1308551.3,2020,4
Versant Power,Maine,Unknown,T4 Indian Purchase Twp,46,64,0.34,33001.87,2020,4
Central Maine Power,Maine,Lincoln,Bristol,2995,8556,131770.3,2228477.84,2019,10
Central Maine Power,Maine,Oxford,Buckfield,1093,1179,3957.11,787442.45,2020,11
Central Maine Power,Maine,Lincoln,Bremen,675,676,2227.99,502314.15,2021,10
Central Maine Power,Maine,Piscataquis,Beaver Cove Plantation,258,772,10761.33,191956.67,2017,10
Eastern Maine Power Cooperative,Maine,Washington,Crawford,164,303,80.72,109229.95,2022,2
Central Maine Power,Maine,Cumberland,Freeport,4714,16460,202682.04,3392727.25,2017,11
Versant Power,Maine,Aroostook,Smyrna,90,91,288.6,65060.61,2021,9
Versant Power,Maine,Piscataquis,Brownville,488,756,920.17,354988.84,2017,9
Central Maine Power,Maine,Cumberland,Chebeague Island,583,602,943.29,405768.0,2020,2
Central Maine Power,Maine,Androscoggin,Wales,775,1930,16784.74,576897.97,2022,12
Central Maine Power,Maine,Somerset,Rockwood Strip T2r1,3,6,34.75,2232.0,2023,3
Central Maine Power,Maine,Knox,Friendship,965,967,931.09,695037.02,2020,9
Central Maine Power,Maine,Piscataquis,Harfords Point,140,141,657.14,104727.99,2020,10
Central Maine Power,Maine,Franklin,Phillips,685,693,2131.55,509640.0,2018,5
Central Maine Power,Maine,York,Newfield,1333,1595,614.35,968562.15,2023,7
Versant Power,Maine,Hancock,Stonington,1193,4838,34858.82,859746.76,2020,4
Central Maine Power,Maine,Waldo,Frankfort,686,3134,38755.65,493920.0,2017,11
Central Maine Power,Maine,Oxford,Lower Cupsuptic,13,26,47.66,8736.0,2022,2
Versant Power,Maine,Aroostook,Castle Hill,240,7080,169920.0,172800.0,2017,11
Central Maine Power,Maine,York,Limington,1995,4818,11946.4,1484678.15,2021,1
Central Maine Power,Maine,Franklin,Vienna,1,2,1.9,671.33,2023,2
Versant Power,Maine,Penobscot,East Millinocket,920,933,1382.61,662692.68,2022,11
Versant Power,Maine,Washington,Roque Bluffs,250,252,167.85,180437.15,2019,4
Versant Power,Maine,Aroostook,Presque Isle,2877,3235,33725.33,2072138.94,2018,11
Central Maine Power,Maine,York,Eliot,3789,4564,3283.98,2728283.97,2018,9
Versant Power,Maine,Washington,Cathance Twp,10,18,14.34,7200.0,2020,6
Central Maine Power,Maine,Penobscot,Carmel,1442,1621,1869.34,1073142.48,2021,7
Versant Power,Maine,Penobscot,Woodville,115,116,358.14,85560.0,2018,12
Versant Power,Maine,Hancock,Northeast Harbor,50,1568,27264.77,34475.1,2017,10
Versant Power,Maine,Aroostook,Madawaska Lake Twp,255,506,1093.37,183922.05,2022,11
Versant Power,Maine,Penobscot,Enfield,1049,1655,11276.31,781078.62,2022,12
Central Maine Power,Maine,Lincoln,Hibberts Gore,1,5,64.49,720.0,2020,4
Versant Power,Maine,Aroostook,Washburn,844,1522,10170.97,607680.0,2019,11
Central Maine Power,Maine,Somerset,Moose River,216,432,504.0,160704.0,2020,10
Versant Power,Maine,Piscataquis,Ebeemee Twp,146,354,5228.83,5313.83,2017,10
Central Maine Power,Maine,Kennebec,Rome,1162,2932,34729.22,864746.51,2022,12
Versant Power,Maine,Aroostook,Littleton,393,405,556.34,292554.88,2020,1
Central Maine Power,Maine,Franklin,Coplin Plantation,212,362,1082.43,158064.42,2020,12
Central Maine Power,Maine,York,Acton,2452,4565,12749.63,1825012.42,2021,5
Versant Power,Maine,Unknown,T1 R8 Wels,20,26,37.66,14400.0,2018,6
Central Maine Power,Maine,Somerset,Jackman,831,1343,1869.47,594221.33,2023,8
Versant Power,Maine,Piscataquis,Orneville Twp,126,800,7650.3,71913.34,2017,10
Central Maine Power,Maine,Franklin,Wyman,158,185,395.57,113760.0,2018,9
Versant Power,Maine,Washington,Cutler,449,451,1031.13,323280.0,2022,11
Versant Power,Maine,Penobscot,Enfield,631,1259,12988.7,454319.98,2019,11
Central Maine Power,Maine,Penobscot,Hampden,18,47,790.81,12960.0,2020,4
Central Maine Power,Maine,Knox,Cushing,1027,1164,2145.98,764462.45,2020,7
Versant Power,Maine,Hancock,Stonington,1068,1255,4745.2,773834.5,2017,9
Versant Power,Maine,Hancock,Great Pond,66,394,4752.01,49104.0,2022,12
Versant Power,Maine,Hancock,Tremont,1518,1610,1842.2,1020231.48,2022,2
Versant Power,Maine,Penobscot,Levant,24,153,3265.0,17280.0,2017,11
Central Maine Power,Maine,Franklin,Fayette,1,4,46.66,735.34,2022,12
Central Maine Power,Maine,Somerset,Parlin Pond,26,54,28.99,19344.0,2018,7
Central Maine Power,Maine,Cumberland,Baldwin,874,1043,3959.18,650861.97,2021,1
Versant Power,Maine,Unknown,Saint John,161,323,542.17,115994.67,2017,9
Versant Power,Maine,Penobscot,Hudson,829,9284,158958.52,1194419.06,2020,4
Versant Power,Maine,Piscataquis,Sebec,513,664,577.39,382379.64,2020,7
Versant Power,Maine,Hancock,Gouldsboro,482,678,6255.1,358607.99,2018,3
Versant Power,Maine,Unknown,Great Cranberry Island,53,193,0.0,39793.49,2019,1
Central Maine Power,Maine,Somerset,Rockwood Strip T1r1,10,20,38.27,7440.0,2019,1
Versant Power,Maine,Penobscot,Mattamiscontis Twp,34,35,76.1,25904.58,2019,1
Versant Power,Maine,Aroostook,Fort Fairfield,691,2788,8284.16,499714.33,2017,10
Central Maine Power,Maine,Somerset,Lexington,158,374,7028.27,113977.84,2020,4
Central Maine Power,Maine,Franklin,Carthage,340,582,824.02,245502.94,2021,9
Central Maine Power,Maine,Oxford,Lovell,1359,4410,47267.75,978479.95,2018,11
Versant Power,Maine,Unknown,T1 R9 Wels,335,338,1255.26,241200.0,2018,9
Central Maine Power,Maine,Franklin,Lang,63,128,43.26,47065.48,2021,7
Versant Power,Maine,Hancock,Deer Isle,126,386,838.43,91310.0,2017,8
Central Maine Power,Maine,Piscataquis,Greenville,1847,2855,33722.38,1374452.91,2020,12
Central Maine Power,Maine,Sagadahoc,Bowdoinham,1647,2238,6383.63,1185867.05,2022,11
Central Maine Power,Maine,Knox,Washington,968,2444,1796.17,697401.28,2022,6
Versant Power,Maine,Hancock,Amherst,166,324,757.37,119668.65,2018,6
Central Maine Power,Maine,Hancock,Castine,772,775,0.0,573401.88,2023,7
Versant Power,Maine,Unknown,T3 Indian Purchase,6292,31760,149572.8,4449255.95,2016,12
Central Maine Power,Maine,Somerset,East Moxie,6,24,412.68,4320.0,2019,11
Versant Power,Maine,Unknown,Lakeview Plantation,457,14167,340008.0,340008.0,2017,12
Central Maine Power,Maine,Piscataquis,Greenville,1907,2657,4839.64,1419139.43,2022,1
Versant Power,Maine,Piscataquis,Williamsburg Twp,56,84,166.92,41731.51,2021,5
Versant Power,Maine,Aroostook,Merrill,72,247,1466.28,53691.68,2020,12
Central Maine Power,Maine,Franklin,Stetsontown,74,152,1016.15,55469.99,2019,10
Central Maine Power,Maine,Penobscot,Stetson,711,952,4344.49,529694.71,2020,8
Central Maine Power,Maine,Oxford,Stow,227,491,10296.53,168888.0,2020,12
Central Maine Power,Maine,Waldo,Burnham,743,2084,39860.34,534960.0,2017,11
Central Maine Power,Maine,Hancock,Penobscot,872,1466,2724.39,648767.99,2023,3
Versant Power,Maine,Penobscot,Greenfield Twp,161,321,350.17,115920.0,2021,9
Versant Power,Maine,Washington,T19 Md Bpp,40,41,36.27,28800.0,2021,4
Versant Power,Maine,Washington,Machiasport,377,528,3168.37,280488.0,2018,8
Central Maine Power,Maine,Piscataquis,Bowerbank,29,696,15781.17,19488.0,2018,2
Central Maine Power,Maine,Sagadahoc,Topsham,4908,5804,74550.15,3533759.8,2017,11
Versant Power,Maine,Hancock,Stonington,1083,2486,41264.9,806702.66,2017,10
Versant Power,Maine,Washington,Devereaux Twp,27,28,130.98,20120.16,2020,8
Central Maine Power,Maine,Kennebec,Vassalboro,2519,4654,44340.01,1874714.82,2020,12
Versant Power,Maine,Aroostook,T1 R8 Wels,32,63,553.74,23808.0,2022,12
Versant Power,Maine,Washington,Beals,401,420,6241.03,298344.0,2022,12
Central Maine Power,Maine,Somerset,Canaan,1217,2415,1309.68,876451.29,2021,4
Central Maine Power,Maine,Androscoggin,Livermore Falls,1701,2521,3873.76,1266222.32,2020,5
Eastern Maine Power Cooperative,Maine,Washington,Charlotte,1251,1260,418.35,931351.75,2022,7
Central Maine Power,Maine,Franklin,Wyman,162,4396,101454.66,120651.18,2017,12
Versant Power,Maine,Penobscot,Greenfield Twp,126,424,5308.34,93923.0,2017,10
Central Maine Power,Maine,Sagadahoc,Georgetown,1207,1301,2372.31,869507.66,2019,6
Versant Power,Maine,Hancock,Bucksport,161,363,4869.57,115920.0,2019,11
Central Maine Power,Maine,Oxford,Lower Cupsuptic,7,21,47.74,5208.0,2020,10
Versant Power,Maine,Penobscot,T3 Indian Purchase Twp,154,211,94.7,110880.0,2023,4
Versant Power,Maine,Penobscot,Corinna,17,18,50.99,13165.16,2020,7
Versant Power,Maine,Penobscot,Dixmont,110,237,812.49,79200.0,2023,4
Central Maine Power,Maine,Penobscot,Garland,61,124,2976.0,45384.0,2017,12
Central Maine Power,Maine,Knox,Rockport,2583,4624,70326.89,1860350.81,2020,4
Versant Power,Maine,Penobscot,Lee,594,595,826.96,427706.39,2020,9
Versant Power,Maine,Penobscot,Corinna,18,36,68.96,13392.0,2022,1
Versant Power,Maine,Unknown,Lucerne,417,718,12027.16,300240.0,2017,11
Versant Power,Maine,Unknown,Starboard,15,30,80.0,11160.0,2019,7
Eastern Maine Power Cooperative,Maine,Aroostook,Linneus,1036,1502,503.17,738546.38,2021,9
Versant Power,Maine,Aroostook,Dyer Brook,54,744,17856.0,40176.0,2018,1
Versant Power,Maine,Hancock,Osborn,45,124,807.88,32604.94,2018,11
Central Maine Power,Maine,Oxford,Andover,678,691,352.3,504432.0,2022,3
Central Maine Power,Maine,Somerset,Cambridge,280,1304,25721.83,208320.0,2020,12
Versant Power,Maine,Hancock,Waltham,219,223,191.86,162936.0,2021,7
Versant Power,Maine,Hancock,Sedgwick,773,785,276.22,556560.0,2018,4
Central Maine Power,Maine,Oxford,Otisfield,1391,4390,68209.4,1035192.1,2020,12
Versant Power,Maine,Unknown,Hancock Point,33,66,659.92,23760.0,2018,11
Central Maine Power,Maine,Androscoggin,Leeds,1133,1333,2661.33,815760.0,2017,9
Central Maine Power,Maine,Waldo,Morrill,452,453,472.78,304227.66,2018,2
Versant Power,Maine,Penobscot,Glenburn,2022,2139,2967.32,1504367.98,2018,8
Versant Power,Maine,Penobscot,Lowell,239,448,659.51,177816.0,2019,1
Versant Power,Maine,Aroostook,Washburn,850,1621,4351.55,632775.45,2020,12
Central Maine Power,Maine,Piscataquis,Wellington,184,881,14953.19,132481.84,2019,11
Eastern Maine Power Cooperative,Maine,Aroostook,Bancroft,483,571,857.45,347742.07,2021,9
Versant Power,Maine,Hancock,Hancock County Island,1,2,4.34,501.49,2020,4
Central Maine Power,Maine,Franklin,Freeman,254,261,8.56,187370.27,2023,7
Central Maine Power,Maine,Somerset,Sapling,14,434,10416.0,10416.0,2017,12
Versant Power,Maine,Aroostook,T16 R6 Wels,1,3,7.84,744.0,2022,7
Central Maine Power,Maine,Piscataquis,Greenville,1802,1992,1662.38,1340958.6,2019,3
Versant Power,Maine,Unknown,Barnard Twp,6304,36219,200211.97,4462927.96,2016,12
Versant Power,Maine,Penobscot,Lagrange,384,413,7234.51,276480.0,2017,11
Versant Power,Maine,Piscataquis,Orneville Twp,266,652,5201.15,191711.48,2019,11
Versant Power,Maine,Unknown,Cedar Lake Twp,67,95,932.73,49848.0,2017,12
Central Maine Power,Maine,Cumberland,Sebago,1697,2924,5459.91,1262689.99,2019,3
Central Maine Power,Maine,Penobscot,Corinth,20,41,432.08,14880.0,2020,12
Versant Power,Maine,Unknown,Cedar Lake Twp,67,136,618.69,49848.0,2018,10
Versant Power,Maine,Hancock,Brooksville,812,843,75.16,584640.0,2018,4
Versant Power,Maine,Penobscot,Edinburg,79,126,117.1,56880.0,2022,6
Versant Power,Maine,Unknown,Atkinson,6225,41281,320017.87,4496563.93,2016,12
Versant Power,Maine,Penobscot,Patten,383,384,69.45,285203.33,2019,8
Versant Power,Maine,Hancock,Stonington,1182,1353,1683.72,851400.69,2022,4
Versant Power,Maine,Hancock,Hancock,1663,1788,20511.91,1237271.96,2019,10
Central Maine Power,Maine,Androscoggin,Jay,14,30,42.53,10403.35,2023,5
Central Maine Power,Maine,Somerset,Jackman,772,1321,1481.25,556521.37,2020,11
Versant Power,Maine,Unknown,Orneville Twp,24824,25379,73410.9,17873278.82,2017,6
Central Maine Power,Maine,Franklin,Carthage,332,428,521.79,239536.84,2018,9
Versant Power,Maine,Penobscot,Woodville,114,2359,55495.17,82080.0,2017,11
Central Maine Power,Maine,Oxford,Riley,1,3,37.82,744.0,2022,12
Versant Power,Maine,Penobscot,Lee,596,1385,19832.88,429789.95,2019,11
Central Maine Power,Maine,Cumberland,Windham,9043,12023,37216.18,6511588.04,2018,11
Central Maine Power,Maine,Penobscot,Burnham,1,2,0.0,720.0,2021,6
Versant Power,Maine,Hancock,Stonington,1183,1229,9391.98,880227.81,2021,3
Central Maine Power,Maine,Franklin,Carthage,332,663,2939.51,239040.0,2017,11
Central Maine Power,Maine,Oxford,Byron,102,174,1123.64,75888.0,2018,1
Central Maine Power,Maine,Cumberland,Chebeague Island,604,628,3572.05,449202.52,2023,5
Versant Power,Maine,Washington,Beddington,242,243,1370.88,180048.0,2023,1
Versant Power,Maine,Piscataquis,Dover-foxcroft,16,82,1556.88,8023.84,2020,4
Versant Power,Maine,Washington,Northfield,209,480,5177.29,151130.33,2018,11
Versant Power,Maine,Unknown,Sutton Island,26,29,246.32,18720.0,2018,11
Versant Power,Maine,Aroostook,Ashville,23,44,133.07,17112.0,2018,3
Central Maine Power,Maine,Somerset,Smithfield,815,1874,26823.69,586990.03,2019,11
Versant Power,Maine,Unknown,Marion Twp,439,750,679.1,55973.72,2016,11
Central Maine Power,Maine,Oxford,Magalloway Plantation,73,367,1626.65,54344.66,2020,8
Central Maine Power,Maine,Somerset,Industry,15,22,69.1,11160.0,2023,3
Versant Power,Maine,Penobscot,Greenfield Twp,161,307,943.2,119784.0,2021,10
Central Maine Power,Maine,Waldo,Unity,1136,1220,402.91,845692.49,2020,7
Central Maine Power,Maine,Oxford,Hanover,299,302,0.69,220508.49,2023,8
Central Maine Power,Maine,Piscataquis,Monson,594,596,1374.65,442338.0,2019,8
Versant Power,Maine,Hancock,Winter Harbor,612,615,3472.46,455707.52,2020,10
Versant Power,Maine,Hancock,Frenchboro,71,142,1284.07,40823.31,2023,9
Central Maine Power,Maine,Somerset,Norridgewock,1782,1820,2053.56,1304491.95,2023,7
Central Maine Power,Maine,Franklin,Stetsontown,72,88,108.94,51840.0,2022,9
Central Maine Power,Maine,Piscataquis,Elliottsville,95,120,231.24,70680.0,2022,8
Central Maine Power,Maine,Oxford,Lincoln Plantation,88,1990,42838.16,63360.0,2017,11
Central Maine Power,Maine,Kennebec,Vienna,447,826,3912.6,333100.31,2019,1
Versant Power,Maine,Aroostook,Perham,216,431,925.43,160704.0,2020,12
Versant Power,Maine,Penobscot,Enfield,1047,1468,2102.85,746983.3,2023,6
Central Maine Power,Maine,Oxford,Hartford,739,1233,8804.83,532777.32,2019,11
Central Maine Power,Maine,Waldo,Montville,604,716,1906.22,449947.85,2020,1
Versant Power,Maine,Hancock,Orland,44,861,20481.59,32736.0,2017,12
Versant Power,Maine,Aroostook,Garfield Plt,62,126,630.41,46747.15,2020,12
Central Maine Power,Maine,York,Lebanon,3078,5509,108514.54,2290467.63,2017,10
Central Maine Power,Maine,Hancock,Castine,764,768,5.33,513567.85,2019,2
Central Maine Power,Maine,Somerset,Tomhegan,183,535,1436.75,131769.97,2020,9
Central Maine Power,Maine,Franklin,Davis,33,62,204.58,24552.0,2018,5
Central Maine Power,Maine,Oxford,Stoneham,362,631,3925.68,196780.77,2023,9
Central Maine Power,Maine,Somerset,Cornville,688,2909,51975.64,495410.82,2020,4
Central Maine Power,Maine,Somerset,Moxie Gore,26,80,243.89,19101.39,2022,12
Central Maine Power,Maine,Piscataquis,Bowerbank,30,60,54.86,22320.0,2019,3
Central Maine Power,Maine,Franklin,Wilton,2299,5220,79573.78,1710930.06,2020,12
Central Maine Power,Maine,Somerset,Highland Plantation,52,105,1284.08,29717.46,2023,9
Versant Power,Maine,Penobscot,Veazie,903,1838,26827.15,650160.0,2017,11
Central Maine Power,Maine,Oxford,Hebron,570,881,1472.98,424375.57,2022,8
Versant Power,Maine,Hancock,East Blue Hill,10,11,17.5,6205.0,2017,8
Versant Power,Maine,Unknown,Lucerne,24,72,147.33,17725.0,2017,9
Central Maine Power,Maine,Franklin,Madrid,196,330,622.8,145824.0,2018,1
Central Maine Power,Maine,Lincoln,Southport,1175,1182,809.31,846603.91,2023,4
Versant Power,Maine,Penobscot,Hermon,431,1336,10877.39,310502.58,2020,4
Central Maine Power,Maine,Knox,Warren,2312,2671,7764.22,1720778.84,2021,8
Central Maine Power,Maine,Cumberland,Raymond,3446,5574,10686.58,2564238.91,2020,10
Central Maine Power,Maine,Penobscot,Dixmont,501,1666,33718.49,360720.0,2017,11
Central Maine Power,Maine,Piscataquis,Willimantic,276,1426,10357.94,205415.79,2021,3
Versant Power,Maine,Penobscot,Bradford,625,1259,4326.89,465296.45,2021,3
Versant Power,Maine,Unknown,T30 Md Bpp,1,3,18.99,720.0,2018,11
Central Maine Power,Maine,Somerset,Lexington,156,306,5327.33,116064.0,2017,10
Central Maine Power,Maine,Piscataquis,Sebec,18,54,36.12,13392.0,2020,5
Central Maine Power,Maine,Somerset,Anson,695,1113,6447.6,501105.67,2018,11
Versant Power,Maine,Penobscot,Stacyville,138,140,358.4,102723.15,2021,3
Versant Power,Maine,Aroostook,Westmanland,117,345,631.77,87184.85,2020,12
Versant Power,Maine,Unknown,Starboard,15,30,180.02,11160.0,2018,8
Versant Power,Maine,Hancock,Brooksville,32,66,154.3,23147.67,2017,9
Versant Power,Maine,Unknown,T8 Sd,4345,8986,25337.07,1651590.25,2016,12
Central Maine Power,Maine,Piscataquis,Frenchtown,102,103,0.0,75959.83,2018,8
Versant Power,Maine,Piscataquis,Atkinson,186,793,15482.04,134341.49,2020,4
Central Maine Power,Maine,Oxford,Sweden,390,398,1436.24,290160.0,2022,3
Central Maine Power,Maine,Hancock,Orland,1596,2028,29074.98,1187963.79,2022,12
Versant Power,Maine,Piscataquis,Milo,1480,1753,771.44,1090306.93,2023,5
Central Maine Power,Maine,Franklin,Industry,579,2174,43193.38,430993.21,2020,12
Central Maine Power,Maine,Androscoggin,Leeds,1148,1450,2438.52,826668.32,2019,6
Central Maine Power,Maine,Sagadahoc,Arrowsic,289,796,14355.87,208080.0,2017,11
Versant Power,Maine,Aroostook,Benedicta Twp,190,671,5728.82,141360.0,2020,12
Central Maine Power,Maine,Knox,Cushing,1008,1275,2925.48,677844.46,2019,2
Versant Power,Maine,Hancock,Brooksville,154,2472,27576.16,120460.82,2017,10
Versant Power,Maine,Penobscot,Eddington,1219,3214,52919.57,877679.97,2017,11
Versant Power,Maine,Penobscot,Burlington,261,389,0.0,186972.35,2023,6
Central Maine Power,Maine,Oxford,Woodstock,1047,1230,13218.43,779365.9,2021,3
Central Maine Power,Maine,Somerset,Lexington,157,426,5500.76,117155.16,2019,10
Versant Power,Maine,Hancock,Orland,43,943,21184.82,31460.67,2017,11
Versant Power,Maine,Piscataquis,T1 R9 Wels,351,353,421.5,261794.15,2021,12
Central Maine Power,Maine,Somerset,Long Pond,93,333,2960.68,66960.0,2017,11
Central Maine Power,Maine,Somerset,Brighton Plantation,50,158,3490.28,37441.37,2020,12
Central Maine Power,Maine,Piscataquis,Sebec,13,27,98.6,7158.22,2023,9
Central Maine Power,Maine,Oxford,Stoneham,361,458,1243.8,260241.6,2022,9
Central Maine Power,Maine,Waldo,Freedom,389,423,319.51,280080.0,2018,4
Central Maine Power,Maine,Oxford,Hanover,290,467,595.89,215760.0,2021,12
Central Maine Power,Maine,Somerset,Lexington,170,480,4477.1,126480.0,2022,12
Central Maine Power,Maine,Lincoln,Newcastle,1281,1794,1780.34,953718.0,2020,7
Versant Power,Maine,Hancock,Great Pond,65,196,1009.58,48360.0,2021,3
Central Maine Power,Maine,York,Acton,2438,4300,12477.27,1814072.46,2019,7
Central Maine Power,Maine,Sagadahoc,Bowdoin,1472,2855,1800.02,1059969.45,2021,11
Versant Power,Maine,Washington,Dennysville,191,192,327.19,142104.0,2022,10
Central Maine Power,Maine,Oxford,Porter,908,1767,22338.56,675561.33,2017,10
Central Maine Power,Maine,Franklin,Davis,37,44,73.44,26640.0,2022,4
Central Maine Power,Maine,Franklin,Stetsontown,75,154,538.81,55800.0,2018,1
Central Maine Power,Maine,Franklin,Avon,309,530,3603.04,222480.0,2018,11
Versant Power,Maine,Piscataquis,Bowerbank,345,2846,44766.01,248671.5,2020,4
Central Maine Power,Maine,Piscataquis,Cove Point,7,14,171.5,5208.0,2017,10
Central Maine Power,Maine,Piscataquis,Dexter,7,8,100.8,5780.03,2022,12
Central Maine Power,Maine,Oxford,Lovell,1357,1869,6201.05,1009608.0,2018,1
Versant Power,Maine,Piscataquis,Brownville Junction,337,342,1633.45,250728.0,2019,7
Central Maine Power,Maine,Franklin,Freeman,235,593,1027.98,174840.0,2018,8
Versant Power,Maine,Aroostook,Portage,531,570,2410.97,395047.97,2018,10
Central Maine Power,Maine,Knox,Cushing,1031,1116,1777.79,743005.31,2020,9
Versant Power,Maine,Penobscot,Garland,495,496,610.58,368280.0,2019,3
Central Maine Power,Maine,Oxford,Lower Cupsuptic,7,29,435.0,5040.0,2019,11
Central Maine Power,Maine,Franklin,Temple,341,808,7395.65,245743.5,2019,11
Versant Power,Maine,Unknown,Trenton,2737,29800,255487.88,978309.34,2016,12
Versant Power,Maine,Aroostook,Frenchville,621,1050,25200.0,447120.0,2017,11
Central Maine Power,Maine,Somerset,Moxie Gore,28,56,181.82,20832.0,2018,3
Versant Power,Maine,Piscataquis,Milo,1416,3351,56339.07,1020573.22,2020,4
Versant Power,Maine,Penobscot,Lagrange,390,406,3469.31,290568.77,2018,10
Versant Power,Maine,Penobscot,Bradley,784,1065,2987.46,583678.62,2021,10
Central Maine Power,Maine,Oxford,Sumner,568,980,9596.17,422762.84,2017,10
Versant Power,Maine,Unknown,T4 Indian Purchase,7,13,12.83,5208.0,2017,10
Versant Power,Maine,Aroostook,Westmanland,120,275,228.32,86549.48,2022,9
Versant Power,Maine,Washington,Whiting,364,422,925.88,270816.0,2018,12
Versant Power,Maine,Penobscot,Greenbush,700,2895,39239.45,505125.08,2019,11
Versant Power,Maine,Penobscot,Chester,273,307,222.24,203112.0,2019,1
Eastern Maine Power Cooperative,Maine,Washington,Baring,4,22,59.0,2909.19,2020,1
Central Maine Power,Maine,Piscataquis,Kineo,35,140,82.64,26040.0,2018,5
Central Maine Power,Maine,Penobscot,Levant,1405,1409,3835.67,1012252.94,2021,11
Central Maine Power,Maine,Knox,St George,2378,2429,3982.6,1769316.63,2021,7
Versant Power,Maine,Penobscot,Lincoln,134,290,321.2,96869.67,2017,9
Central Maine Power,Maine,Piscataquis,Harfords Point,143,994,23463.49,106392.0,2018,1
Versant Power,Maine,Piscataquis,Sebec,537,557,394.24,399570.57,2023,1
Central Maine Power,Maine,Somerset,St Albans,1425,1669,20200.44,789374.07,2023,9
Versant Power,Maine,Piscataquis,Bowerbank,344,345,226.25,255936.0,2023,1
Versant Power,Maine,Aroostook,Washburn,13,36,120.33,10283.34,2017,8
Central Maine Power,Maine,Franklin,Industry,573,825,5856.51,426851.51,2018,5
Eastern Maine Power Cooperative,Maine,Washington,Robbinston,73,108,71.69,54371.83,2021,12
Versant Power,Maine,Penobscot,Glenburn,2059,3691,19783.26,1482992.97,2020,9
Versant Power,Maine,Penobscot,Alton,103,1461,15098.33,50276.99,2017,10
Central Maine Power,Maine,York,Hollis,2200,5317,79931.02,1637532.3,2017,10
Versant Power,Maine,Penobscot,Lagrange,391,692,7024.02,291380.01,2020,12
Versant Power,Maine,Penobscot,T3 Indian Purchase Twp,153,215,550.55,102816.0,2022,2
Central Maine Power,Maine,Franklin,Madrid,200,401,3362.06,139200.0,2020,2
Central Maine Power,Maine,Franklin,Madrid,200,283,3856.38,148800.0,2018,10
Central Maine Power,Maine,York,Arundel,2089,2984,34702.98,1554579.83,2023,1
Central Maine Power,Maine,Cumberland,Frye Island,551,557,2015.12,397424.48,2019,11
Central Maine Power,Maine,Androscoggin,OXFORD,4,10,94.18,2976.0,2022,12
Central Maine Power,Maine,York,Shapleigh,2402,4452,13227.3,1787449.27,2021,5
Central Maine Power,Maine,Lincoln,Waldoboro,2972,4652,67453.99,2211113.93,2017,10
Versant Power,Maine,Penobscot,Exeter,510,900,2194.52,379532.19,2020,10
Versant Power,Maine,Hancock,Otis,802,2505,31538.29,577967.33,2020,4
Eastern Maine Power Cooperative,Maine,Washington,Princeton,18,22,11.94,12578.83,2020,1
Central Maine Power,Maine,Somerset,Solon,734,1624,15229.72,414655.54,2023,9
Central Maine Power,Maine,Somerset,New Portland,678,907,10799.87,504822.48,2022,12
Eastern Maine Power Cooperative,Maine,Penobscot,Unknown,1575,1698,1932.04,1171799.99,2019,3
Versant Power,Maine,Washington,Perry,407,449,707.64,303471.29,2022,1
Central Maine Power,Maine,Lincoln,Wiscasset,2288,5458,82266.35,1647359.91,2017,11
Versant Power,Maine,Hancock,Great Pond,65,133,252.67,48584.35,2022,5
Versant Power,Maine,Hancock,Hancock County Island,1,2,2.83,744.0,2021,3
Eastern Maine Power Cooperative,Maine,Washington,Topsfield,33,40,83.36,22226.76,2022,2
Versant Power,Maine,Penobscot,Orrington,1947,1973,1648.3,1448534.18,2019,5
Eastern Maine Power Cooperative,Maine,Washington,Perry,297,426,2833.15,169250.97,2023,9
Central Maine Power,Maine,Knox,Owls Head,1243,1292,20562.68,894960.0,2017,11
Central Maine Power,Maine,Lincoln,Bremen,669,830,3691.68,465624.0,2020,2
Versant Power,Maine,Unknown,Town Hill,331,683,4552.76,238825.98,2018,11
Central Maine Power,Maine,Franklin,Carthage,331,569,2570.39,246475.68,2019,1
Versant Power,Maine,Hancock,Mariaville,434,945,1386.01,323184.6,2021,7
Central Maine Power,Maine,Franklin,Rangeley Plantation,564,565,107.32,419906.52,2019,12
Versant Power,Maine,Penobscot,Old Town,3907,8430,21235.85,2813039.91,2018,11
Versant Power,Maine,Unknown,"T2, R4, 6,7,8",57,176,4192.07,42408.0,2018,3
Central Maine Power,Maine,Waldo,Winterport,1673,1950,1130.7,1245392.73,2022,3
Central Maine Power,Maine,Oxford,Lower Cupsuptic,13,18,15.02,9672.0,2022,7
Versant Power,Maine,Unknown,Grand Falls Twp,17,85,152.92,12240.0,2019,4
Central Maine Power,Maine,Oxford,Lincoln Plantation,88,2351,54129.67,65472.0,2017,12
Versant Power,Maine,Aroostook,Easton,721,1413,8785.1,536607.85,2020,12
Central Maine Power,Maine,Franklin,Freeman,252,282,359.34,187488.0,2022,8
Versant Power,Maine,Penobscot,Lincoln,1861,3954,5587.37,1384583.97,2019,8
Versant Power,Maine,Penobscot,Grindstone Twp,50,250,1254.88,37200.0,2020,12
Versant Power,Maine,Penobscot,Bradley,774,1119,1267.1,557586.6,2020,11
Central Maine Power,Maine,Franklin,Salem,186,368,2478.9,129456.0,2020,2
Versant Power,Maine,Washington,Cutler,441,443,277.88,328137.51,2020,12
Versant Power,Maine,Unknown,T 3 R 9 Nwp,1,3,42.55,720.0,2019,11
Central Maine Power,Maine,Lincoln,Nobleboro,1413,2243,21088.25,1051525.4,2023,3
Central Maine Power,Maine,Piscataquis,Harfords Point,143,429,1611.52,106392.0,2018,10
Versant Power,Maine,Hancock,Osborn,40,48,75.68,29760.0,2018,7
Central Maine Power,Maine,Sagadahoc,Litchfield,3,4,4.51,2232.0,2021,5
Versant Power,Maine,Aroostook,Fort Fairfield,957,1200,1791.57,712008.0,2018,1
Central Maine Power,Maine,Cumberland,North Yarmouth,1725,1804,1451.96,1283637.65,2018,1
Central Maine Power,Maine,Oxford,Hiram,1027,2351,19487.65,764602.75,2020,8
Versant Power,Maine,Penobscot,Costigan,13,334,7970.67,9360.0,2017,11
Central Maine Power,Maine,Somerset,Brighton Plantation,51,104,849.36,38582.66,2018,5
Central Maine Power,Maine,Somerset,The Forks Plantation,206,260,972.96,153264.0,2018,3
Central Maine Power,Maine,Androscoggin,Poland,3363,3601,2399.34,2341379.2,2023,6
Central Maine Power,Maine,Oxford,Stow,226,425,5899.32,162720.0,2019,11
Versant Power,Maine,Washington,Jonesboro,365,383,3508.05,271652.16,2018,10
Versant Power,Maine,Penobscot,Lee,604,611,708.92,449376.0,2022,5
Versant Power,Maine,Penobscot,Alton,417,2567,25572.24,300601.87,2020,4
Central Maine Power,Maine,Waldo,Islesboro,994,4751,44108.74,715855.66,2020,4
Versant Power,Maine,Washington,Perry,424,438,803.65,315844.96,2022,10
Versant Power,Maine,Washington,Edmunds Twp,121,163,302.83,87549.95,2017,11
Versant Power,Maine,Washington,Whiting,421,836,708.15,303745.99,2020,6
Versant Power,Maine,Unknown,Oxbow Plantation,71,73,561.03,52824.0,2018,10
Versant Power,Maine,Unknown,Ta R7 Wels,15,434,10416.0,11160.0,2018,3
Versant Power,Maine,Hancock,Hulls Cove,378,758,5804.73,272160.0,2018,11
Central Maine Power,Maine,York,York,10882,11390,45272.93,6015645.93,2023,9
Versant Power,Maine,Unknown,Starboard,18851,41937,180248.78,3255789.74,2016,12
Central Maine Power,Maine,Piscataquis,Harfords Point,142,572,981.18,106285.82,2018,5
Central Maine Power,Maine,Somerset,Lexington,158,170,1099.85,114130.16,2020,6
Central Maine Power,Maine,Lincoln,Jefferson,1834,6910,90599.5,1320473.04,2020,4
Versant Power,Maine,Piscataquis,T1 R9 Wels,354,401,844.98,263862.96,2022,7
Central Maine Power,Maine,York,Cornish,846,1220,13627.19,630120.85,2017,10
Central Maine Power,Maine,Somerset,Rockwood Strip T1r1,11,33,324.32,8184.0,2022,12
Central Maine Power,Maine,Lincoln,Dresden,989,1222,4082.68,712087.3,2022,9
Versant Power,Maine,Hancock,Fletchers Landing Twp,99,200,170.55,74066.63,2022,8
Central Maine Power,Maine,Androscoggin,Leeds,1171,2999,33445.62,843586.59,2020,4
Central Maine Power,Maine,Penobscot,Corinth,19,38,374.59,13690.29,2019,11
Central Maine Power,Maine,Oxford,Brownfield,1052,2257,33406.66,757476.16,2018,11
Central Maine Power,Maine,Somerset,Canaan,1233,2981,11870.46,917434.42,2022,12
Versant Power,Maine,Hancock,Deer Isle,1840,2731,2713.55,1280639.96,2020,2
Central Maine Power,Maine,Knox,Cushing,1073,1092,667.42,793215.72,2023,5
Versant Power,Maine,Hancock,Harborside,191,192,1082.71,142104.0,2019,8
Central Maine Power,Maine,Somerset,Moscow,377,758,2412.77,280743.33,2017,12
Central Maine Power,Maine,Sagadahoc,Richmond,1708,2360,33892.81,1229879.26,2020,4
Central Maine Power,Maine,Oxford,Lower Cupsuptic,13,17,45.38,9360.0,2021,6
Versant Power,Maine,Hancock,Prospect Harbor,148,321,3238.04,111374.96,2018,3
Versant Power,Maine,Piscataquis,Sebec,501,830,6642.76,360720.0,2018,11
Central Maine Power,Maine,Androscoggin,Poland,3211,5685,84160.34,2374058.4,2017,10
Versant Power,Maine,Washington,Milbridge,1141,2285,16250.92,641667.17,2023,9
Versant Power,Maine,Hancock,Islesford,188,306,3714.81,139872.0,2017,12
Central Maine Power,Maine,Lincoln,Waldoboro,3076,3866,38186.81,2289268.42,2020,12
Central Maine Power,Maine,Oxford,Stoneham,376,1123,12628.21,270827.68,2019,11
Versant Power,Maine,Penobscot,Grindstone Twp,50,51,17.84,37200.0,2021,8
Central Maine Power,Maine,Oxford,Lower Cupsuptic,13,39,162.76,9672.0,2022,5
Versant Power,Maine,Penobscot,Lagrange,397,735,5596.72,285840.0,2018,11
Versant Power,Maine,Unknown,Oxbow Plantation,5066,10554,25540.49,3700754.16,2016,12
Central Maine Power,Maine,Franklin,Chain Of Ponds,3,81,1869.01,2232.0,2017,12
Versant Power,Maine,Aroostook,Benedicta Twp,190,645,2081.63,95283.15,2020,4
Versant Power,Maine,Aroostook,Island Falls,5,20,36.17,3770.83,2017,9
Versant Power,Maine,Aroostook,Benedicta,190,378,661.86,141360.0,2018,12
Versant Power,Maine,Penobscot,Hudson,847,1398,4031.48,1261601.36,2022,1
Central Maine Power,Maine,Oxford,Lower Cupsuptic,7,21,111.94,5208.0,2020,7
Central Maine Power,Maine,Sagadahoc,Bowdoin,1487,1556,2557.52,1106498.26,2023,3
Versant Power,Maine,Piscataquis,Brownville Junction,337,349,624.1,242640.0,2018,9
Versant Power,Maine,Aroostook,Oakfield,320,574,330.03,230400.0,2018,11
Versant Power,Maine,Hancock,Trenton,1290,2454,12190.56,928799.99,2019,11
Central Maine Power,Maine,Somerset,Tomhegan,178,1429,3835.08,128571.16,2018,11
Central Maine Power,Maine,Sagadahoc,Arrowsic,321,333,2236.91,238824.0,2022,10
Versant Power,Maine,Washington,Pleasant Point,241,405,823.44,173629.32,2019,11
Versant Power,Maine,Aroostook,T17 R3 Wels,138,411,341.81,102672.0,2022,8
Versant Power,Maine,Unknown,Chester,5797,44152,186627.66,4010837.48,2016,12
Central Maine Power,Maine,Somerset,Moxie Gore,26,28,50.01,19415.69,2021,3
Eastern Maine Power Cooperative,Maine,Washington,Calais,40,89,4.13,30018.97,2021,8
Versant Power,Maine,Penobscot,Lowell,239,422,353.47,177816.0,2018,7
Central Maine Power,Maine,Somerset,Highland Plantation,49,248,2188.25,35475.99,2019,11
Central Maine Power,Maine,Waldo,Stockton Springs,1164,1282,2148.61,838471.65,2022,9
Central Maine Power,Maine,Oxford,Adamstown,68,344,1268.33,50905.5,2020,8
Versant Power,Maine,Aroostook,Perham,124,131,277.49,89280.0,2018,9
Versant Power,Maine,Unknown,Great Cranberry Island,192,5760,138189.5,138240.0,2017,11
Central Maine Power,Maine,Somerset,Caratunk Plantation,174,177,733.46,129986.99,2020,5
Versant Power,Maine,Aroostook,Benedicta Twp,190,197,233.09,141360.0,2020,10
Versant Power,Maine,Unknown,Pretty Marsh,101,206,996.86,75144.0,2018,3
Central Maine Power,Maine,Kennebec,Sidney,2377,4170,42046.94,1768576.94,2020,12
Versant Power,Maine,Hancock,Surry,1271,2960,43588.5,945985.74,2022,12
Central Maine Power,Maine,Franklin,Carthage,343,418,3845.55,255192.0,2021,3
Central Maine Power,Maine,Cumberland,Frye Island,542,676,2444.2,403346.83,2018,10
Versant Power,Maine,Penobscot,Herseytown Twp,19,48,38.07,13680.0,2020,6
Central Maine Power,Maine,Piscataquis,Big Squaw,64,127,133.06,48033.16,2018,7
Versant Power,Maine,Unknown,Hancock Point,33,169,1656.75,23760.0,2017,11
Versant Power,Maine,Aroostook,Oxbow North Twp,71,142,400.47,52897.68,2020,8
Versant Power,Maine,Unknown,T 3 R 9 Nwp,1,3,3.66,672.0,2019,2
Central Maine Power,Maine,Lincoln,South Bristol,1180,2539,1823.89,869190.14,2023,8
Central Maine Power,Maine,Kennebec,Wayne,963,2962,34492.42,716788.42,2022,12
Central Maine Power,Maine,Somerset,New Portland,653,741,4697.25,486149.84,2018,5
Versant Power,Maine,Hancock,Southwest Harbor,1890,3728,3125.85,1406183.54,2021,7
Central Maine Power,Maine,Piscataquis,Frenchtown,100,313,683.47,72000.0,2017,11
Eastern Maine Power Cooperative,Maine,Aroostook,Macwahoc,11,45,48.48,7962.98,2020,1
Central Maine Power,Maine,Knox,Appleton,741,2240,27178.32,551508.48,2019,10
Versant Power,Maine,Aroostook,Saint Francis,309,606,455.42,230007.87,2020,10
Versant Power,Maine,Penobscot,Indian Island,279,562,884.84,200880.0,2018,11
Versant Power,Maine,Unknown,Cyr Plantation,58,60,74.52,41769.15,2018,11
Eastern Maine Power Cooperative,Maine,Aroostook,Oakfield,306,376,444.55,206120.34,2023,2
Central Maine Power,Maine,Androscoggin,Greene,2236,3231,20927.93,1663867.3,2022,10
Central Maine Power,Maine,Androscoggin,Minot,1271,1392,406.59,915316.74,2022,6
Eastern Maine Power Cooperative,Maine,Penobscot,Mattawamkeag,166,168,0.0,119595.78,2023,6
Central Maine Power,Maine,Waldo,Belfast,4680,4726,8125.76,3369932.55,2022,9
Central Maine Power,Maine,Cumberland,Casco,2987,10119,83836.84,2150639.83,2017,11
Central Maine Power,Maine,Somerset,Rockwood Strip T1r1,11,55,114.86,7920.0,2019,11
Central Maine Power,Maine,Piscataquis,Kingsbury Plantation,44,45,707.31,31735.48,2018,11
Versant Power,Maine,Penobscot,Seboeis Plt,56,171,3009.34,40599.98,2020,4
Central Maine Power,Maine,Waldo,Jackson,297,862,805.25,221496.34,2020,7
Versant Power,Maine,Piscataquis,Lake View Plt,492,1010,1376.19,363526.78,2023,5
Versant Power,Maine,Aroostook,T1 R8 Wels,32,65,167.04,23343.69,2022,11
Versant Power,Maine,Piscataquis,Grand Falls Twp,18,36,308.98,9026.82,2020,4
Versant Power,Maine,Piscataquis,Brownville,876,1024,7547.07,487529.46,2023,9
Central Maine Power,Maine,Franklin,Madrid,201,485,926.56,149544.0,2018,7
Versant Power,Maine,Aroostook,Caswell,184,408,1790.87,136896.0,2019,7
Central Maine Power,Maine,Cumberland,Sebago,1693,1720,14032.4,1259779.15,2018,10
Versant Power,Maine,Piscataquis,T1 R9 Wels,346,1761,20324.93,173889.14,2020,4
Versant Power,Maine,Unknown,T4 Indian Purchase,7,24,92.16,5459.33,2017,11
Central Maine Power,Maine,Piscataquis,Shirley,229,267,241.28,170376.0,2022,5
Central Maine Power,Maine,Somerset,Jackman,780,2101,3354.52,580320.0,2017,12
Central Maine Power,Maine,Lincoln,Dresden,955,3221,39095.56,710640.25,2020,12
Central Maine Power,Maine,Piscataquis,Elliottsville,95,189,0.74,70351.65,2023,8
Central Maine Power,Maine,York,South Berwick,3513,4290,6813.39,2614114.87,2023,3
Central Maine Power,Maine,Sagadahoc,Bath,5016,5296,10480.2,3611746.52,2020,11
Central Maine Power,Maine,Waldo,Lincolnville,1866,4300,51577.31,1388415.04,2022,12
Versant Power,Maine,Hancock,Tremont,62,486,4689.33,10162.0,2017,10
Versant Power,Maine,Hancock,Deer Isle,1943,3718,11648.04,1445968.35,2022,1
Central Maine Power,Maine,Kennebec,Wayne,965,2153,19014.04,718279.97,2022,10
Versant Power,Maine,Unknown,Hermon,4706,33082,292884.97,3368171.85,2016,12
Versant Power,Maine,Penobscot,Millinocket,2705,3149,5929.93,1947736.11,2022,11
Central Maine Power,Maine,Somerset,Detroit,455,953,15406.54,339261.67,2017,10
Central Maine Power,Maine,York,Berwick,3632,4570,14783.74,2615599.04,2018,6
Versant Power,Maine,Unknown,"T1, R6, 7,8",801,1656,3222.02,576720.0,2018,6
Central Maine Power,Maine,Somerset,Long Pond,95,190,333.41,70680.0,2019,3
Central Maine Power,Maine,Oxford,Byron,107,130,518.52,77108.99,2019,11
Central Maine Power,Maine,Piscataquis,Lily Bay,113,226,516.9,84072.0,2022,1
Versant Power,Maine,Penobscot,Woodville,121,150,232.69,90024.0,2020,5
Central Maine Power,Maine,Lincoln,Dresden,992,3034,40795.09,738217.81,2022,12
Central Maine Power,Maine,Somerset,Sapling,13,25,37.8,9529.99,2019,6
Central Maine Power,Maine,Somerset,Tomhegan,316,337,1132.74,227520.0,2019,6
Central Maine Power,Maine,Somerset,West Forks Plantation,115,116,0.0,83425.66,2019,9
Central Maine Power,Maine,Piscataquis,Beaver Cove Plantation,268,290,914.65,193314.97,2020,11
Versant Power,Maine,Aroostook,Fort Kent,503,3036,4217.01,313273.17,2017,8
Versant Power,Maine,Piscataquis,Ebeemee Twp,177,178,625.73,132324.16,2018,5
Central Maine Power,Maine,Franklin,Dixfield,23,46,66.54,17112.0,2021,7
Central Maine Power,Maine,Hancock,Castine,763,2235,8383.51,549438.98,2018,11
Versant Power,Maine,Unknown,T22 Md,9,44,34.96,6099.6,2020,4
Central Maine Power,Maine,Oxford,Milton,80,160,1350.37,59520.0,2021,3
Central Maine Power,Maine,Somerset,Sapling,13,37,147.87,9666.83,2018,9
Versant Power,Maine,Hancock,Orland,39,123,1502.83,29016.0,2017,10
Central Maine Power,Maine,Somerset,Highland Plantation,48,98,196.0,36278.66,2019,8
Central Maine Power,Maine,Waldo,Lincolnville,1816,2900,4862.93,1351285.49,2021,3
Central Maine Power,Maine,Somerset,Taunton & Raynham Academy Grant,584,4773,13786.12,420479.99,2018,11
Versant Power,Maine,Piscataquis,Atkinson,182,239,301.62,135408.0,2018,1
Central Maine Power,Maine,Somerset,Clinton,4,6,11.01,2809.93,2021,1
Central Maine Power,Maine,Somerset,Hartland,1127,1329,1781.52,838670.49,2018,1
Versant Power,Maine,Aroostook,Saint Francis,301,961,2077.9,223944.0,2018,10
Versant Power,Maine,Washington,Milbridge,1012,1133,1712.86,704352.0,2020,2
Central Maine Power,Maine,Franklin,Sandy River Plantation,384,476,5783.67,285696.0,2017,10
Central Maine Power,Maine,Cumberland,Chebeague Island,583,599,510.66,433994.99,2020,7
Central Maine Power,Maine,Franklin,Livermore,3,4,7.31,2232.0,2021,8
Central Maine Power,Maine,Lincoln,Southport,1151,4066,3147.24,856356.26,2019,3
Central Maine Power,Maine,Androscoggin,Fayette,2,8,18.33,1488.0,2022,7
Versant Power,Maine,Penobscot,Alton,420,924,12838.22,303084.95,2019,11
Central Maine Power,Maine,York,Newfield,1331,6979,101165.41,990239.82,2022,12
Versant Power,Maine,Unknown,Cedar Lake Twp,12,68,0.17,9213.02,2020,4
Central Maine Power,Maine,Knox,Owls Head,1251,1300,1522.93,931409.34,2018,3
Central Maine Power,Maine,Piscataquis,Shirley,216,436,737.99,160834.45,2020,5
Versant Power,Maine,Penobscot,Greenfield Twp,146,586,7507.23,105120.0,2019,11
Versant Power,Maine,Penobscot,Argyle Twp,143,225,132.25,96096.0,2018,2
Central Maine Power,Maine,Oxford,Bridgton,32,35,78.22,23808.0,2022,8
Versant Power,Maine,Hancock,Little Deer Isle,89,360,1327.67,66216.0,2018,10
Versant Power,Maine,Washington,Beddington,242,244,162.1,174580.49,2019,9
Versant Power,Maine,Piscataquis,Ebeemee Twp,183,549,884.63,131998.68,2020,6
Versant Power,Maine,Unknown,Wallagrass Plt,5062,9451,43692.51,3713667.84,2016,12
Central Maine Power,Maine,Lincoln,Pittston,2,5,60.65,1488.0,2022,12
Central Maine Power,Maine,Kennebec,Mt Vernon,1327,2774,49132.22,955840.31,2020,4
Central Maine Power,Maine,Somerset,Attean,1,4,14.67,744.0,2021,3
Central Maine Power,Maine,Somerset,Rockwood Strip T2r1,43,86,164.55,31992.0,2019,1
Central Maine Power,Maine,Somerset,Brighton Plantation,51,264,5631.83,36720.0,2017,11
Eastern Maine Power Cooperative,Maine,Washington,Princeton,201,467,1126.88,113208.66,2023,9
Central Maine Power,Maine,Franklin,Kingfield,838,887,6547.31,603743.66,2020,9
Central Maine Power,Maine,York,Parsonsfield,1280,2607,18613.74,921684.63,2018,11
Central Maine Power,Maine,Penobscot,Kenduskeag,120,123,287.68,80810.92,2019,2
Central Maine Power,Maine,Oxford,Lincoln Plantation,86,173,1512.97,61920.0,2023,4
Central Maine Power,Maine,Franklin,Perkins,19,589,14136.0,14136.0,2017,12
Versant Power,Maine,Hancock,Bernard,195,402,3728.67,145252.0,2017,10
Central Maine Power,Maine,Somerset,Hartland,1144,3511,43638.62,824393.6,2019,11
Versant Power,Maine,Aroostook,Connor,167,239,848.32,120249.15,2018,11
Versant Power,Maine,Aroostook,Island Falls,513,1505,3238.33,376249.0,2017,10
Versant Power,Maine,Hancock,Swans Island,534,1409,26352.39,397296.0,2022,12
Versant Power,Maine,Penobscot,Mattamiscontis Twp,36,37,6.53,27443.99,2019,7
Central Maine Power,Maine,Androscoggin,Pownal,30,54,220.54,22320.0,2023,3
Central Maine Power,Maine,Cumberland,Harpswell,4537,9456,179574.01,3376269.6,2017,10
Central Maine Power,Maine,Cumberland,Hiram,1,2,11.8,507.8,2021,5
Central Maine Power,Maine,Franklin,Carthage,332,607,6109.41,247008.0,2018,10
Versant Power,Maine,Hancock,Corea,2,3,10.33,1401.83,2017,8
Central Maine Power,Maine,Franklin,Freeman,240,345,2564.66,178874.66,2020,8
Versant Power,Maine,Hancock,Franklin,1151,1266,7303.57,618237.09,2023,9
Versant Power,Maine,Aroostook,Silver Ridge,47,1457,34968.0,34968.0,2018,1
Central Maine Power,Maine,Waldo,Brooks,631,1868,32885.93,454810.31,2020,4
Central Maine Power,Maine,Piscataquis,Big Squaw,62,124,1567.0,46128.0,2017,10
Versant Power,Maine,Piscataquis,Medford,158,229,432.28,117552.0,2019,7
Central Maine Power,Maine,Somerset,The Forks Plantation,205,219,27.6,116399.4,2023,9
Versant Power,Maine,Hancock,Southwest Harbor,1908,3312,52995.49,1419983.04,2022,12
Central Maine Power,Maine,Oxford,Lincoln Plantation,88,176,294.63,65472.0,2021,5
Central Maine Power,Maine,Oxford,Lower Cupsuptic,12,13,0.0,8916.33,2023,7
Central Maine Power,Maine,Waldo,Waldo,410,834,14485.33,305042.33,2017,10
Versant Power,Maine,Hancock,Winter Harbor,604,627,459.95,449698.16,2018,10
Central Maine Power,Maine,Somerset,Highland Plantation,50,61,56.48,37200.0,2020,10
Versant Power,Maine,Piscataquis,Brownville Junction,336,1033,2081.0,250062.0,2018,1
Versant Power,Maine,Washington,Deblois,68,120,1645.72,50592.0,2019,10
Versant Power,Maine,Aroostook,Saint Francis,310,353,879.36,231192.34,2022,7
Versant Power,Maine,Washington,Perry,405,695,2211.52,291911.96,2021,6
Central Maine Power,Maine,Somerset,Brighton Plantation,50,52,173.03,37667.98,2020,7
Eastern Maine Power Cooperative,Maine,Aroostook,Monticello,41,58,56.45,22896.25,2023,9
Versant Power,Maine,Penobscot,Lowell,265,476,197.3,189549.93,2023,6
Versant Power,Maine,Hancock,Swans Island,534,773,7496.3,353002.04,2023,5
Central Maine Power,Maine,Lincoln,Southport,1022,3094,35220.0,760370.33,2017,10
Eastern Maine Power Cooperative,Maine,Washington,Indian Township,25,82,96.08,19757.46,2021,12
Central Maine Power,Maine,Piscataquis,Frenchtown,113,226,516.56,84072.0,2022,1
Central Maine Power,Maine,Somerset,Mercer,449,477,1136.39,334092.66,2017,12
Central Maine Power,Maine,Franklin,Avon,290,598,3695.08,194880.0,2022,2
Versant Power,Maine,Penobscot,Passadumkeag,49,69,813.82,36876.49,2018,3
Central Maine Power,Maine,Franklin,Strong,918,1032,15211.9,683033.33,2019,10
Eastern Maine Power Cooperative,Maine,Washington,Princeton,265,528,351.49,197160.0,2021,12
Versant Power,Maine,Penobscot,Bradley,772,1387,7424.41,555839.99,2018,11
Central Maine Power,Maine,Piscataquis,Willimantic,275,1464,20826.94,198065.34,2020,4
Versant Power,Maine,Aroostook,T17 R3 Wels,137,272,601.16,98849.78,2023,4
Central Maine Power,Maine,Franklin,Washington Twp,19,42,749.86,13680.0,2020,4
Versant Power,Maine,Penobscot,Bradford,650,1861,4148.62,483600.0,2019,8
Versant Power,Maine,Washington,Marion Twp,65,110,1259.91,48360.0,2022,12
Central Maine Power,Maine,Somerset,Norridgewock,1726,3672,47249.65,1242848.64,2019,11
Central Maine Power,Maine,Franklin,Carthage,342,406,1989.45,254593.0,2020,12
Central Maine Power,Maine,Somerset,Palmyra,1092,2272,16427.0,786514.27,2019,11
Central Maine Power,Maine,Piscataquis,Greenville,1929,3058,3612.88,1435576.69,2022,3
Versant Power,Maine,Washington,Perry,463,832,1536.59,333414.65,2019,11
Central Maine Power,Maine,Piscataquis,Abbot,560,831,1730.39,416799.97,2018,5
Central Maine Power,Maine,Somerset,NEWPORT,1,3,1.83,744.0,2022,5
Versant Power,Maine,Penobscot,Maxfield,60,109,81.76,44640.0,2019,1
Central Maine Power,Maine,Hancock,Penobscot,849,1255,7143.55,611931.81,2018,11
Central Maine Power,Maine,Oxford,Hartford,760,1471,72.09,540332.1,2023,7
Eastern Maine Power Cooperative,Maine,Washington,Waite,2,4,3.82,632.65,2020,1
Central Maine Power,Maine,Franklin,Stetsontown,74,151,205.91,55056.0,2019,12
Versant Power,Maine,Penobscot,Hudson,822,1124,1930.22,1223136.0,2019,12
Central Maine Power,Maine,Oxford,Albany,374,388,1427.7,278256.0,2022,8
Versant Power,Maine,Penobscot,Olamon,7,15,14.66,5348.1,2018,4
Versant Power,Maine,Penobscot,Garland,496,1052,18628.94,369023.99,2022,12
Central Maine Power,Maine,Somerset,Long Pond,94,389,329.63,67686.16,2020,4
Central Maine Power,Maine,Piscataquis,Abbot,559,609,356.26,416065.68,2018,1
Versant Power,Maine,Piscataquis,Ebeemee Twp,182,185,255.87,122933.38,2023,2
Central Maine Power,Maine,Franklin,Temple,346,372,3113.29,232542.43,2022,2
Central Maine Power,Maine,Androscoggin,Leeds,1134,2515,4461.04,844188.16,2018,7
Versant Power,Maine,Washington,Northfield,210,423,365.6,151410.02,2020,6
Versant Power,Maine,Piscataquis,Levant,25,80,810.42,18600.0,2022,12
Central Maine Power,Maine,Oxford,Porter,938,1049,1918.53,697872.0,2022,5
Central Maine Power,Maine,Cumberland,Naples,3731,13849,196219.6,2776537.99,2022,12
Central Maine Power,Maine,Oxford,Lower Cupsuptic,8,25,15.16,5952.0,2018,7
Central Maine Power,Maine,Piscataquis,Monson,593,712,9942.94,427146.66,2019,11
Central Maine Power,Maine,Oxford,Milton,74,142,2262.84,55056.0,2017,10
Versant Power,Maine,Unknown,Mt Desert,430,1270,8289.57,316891.64,2019,10
Versant Power,Maine,Piscataquis,Sebec,534,1059,3170.54,397732.97,2022,8
Versant Power,Maine,Unknown,"Squa Pan T11, R4,7,8",127,186,4464.0,94488.0,2017,12
Versant Power,Maine,Aroostook,Winterville,237,567,3235.61,171339.16,2019,11
Central Maine Power,Maine,Franklin,Coplin Plantation,211,322,747.22,157445.97,2022,5
Central Maine Power,Maine,Androscoggin,Poland,3326,6104,11692.62,2394814.98,2021,9
Central Maine Power,Maine,Kennebec,Mercer,2,6,49.38,1488.0,2022,12
Eastern Maine Power Cooperative,Maine,Aroostook,Weston,3,4,68.65,2252.46,2020,3
Central Maine Power,Maine,Piscataquis,Harfords Point,144,288,457.72,107136.0,2021,12
Central Maine Power,Maine,Waldo,Monroe,556,1534,1348.44,414022.52,2020,7
Versant Power,Maine,Unknown,T1 R9,12,20,13.8,9051.16,2017,12
Central Maine Power,Maine,Knox,Washington,947,3855,56565.7,681950.79,2020,4
Versant Power,Maine,Hancock,Otis,779,876,3295.48,580133.16,2018,3
Central Maine Power,Maine,Franklin,Coplin Plantation,213,336,656.84,153360.0,2017,11
Versant Power,Maine,Penobscot,Lowell,239,426,1013.91,172080.0,2018,11
Versant Power,Maine,Penobscot,Woodville,82,227,3520.0,3917.83,2017,10
Central Maine Power,Maine,Somerset,Dennistown Plantation,20,23,3.77,14953.83,2020,8
Versant Power,Maine,Penobscot,Lagrange,390,1615,29716.14,281267.44,2020,4
Versant Power,Maine,Penobscot,Milford,1555,3127,8915.85,1119599.98,2018,11
Versant Power,Maine,Hancock,Frenchboro,70,272,1234.42,52080.0,2021,7
Central Maine Power,Maine,Cumberland,Buxton,19,24,31.29,13680.0,2021,6
Central Maine Power,Maine,Kennebec,Fayette,920,1247,1439.3,618826.45,2019,2
Versant Power,Maine,Washington,Whiting,328,539,3468.76,244377.24,2018,3
Versant Power,Maine,Aroostook,Saint Agatha,678,755,3.36,494073.97,2023,7
Central Maine Power,Maine,Hancock,Penobscot,843,3171,49747.63,606960.0,2017,11
Versant Power,Maine,Hancock,Amherst,143,157,351.83,8987.5,2017,9
Central Maine Power,Maine,Franklin,Industry,584,1519,14414.8,420479.98,2019,11
Versant Power,Maine,Aroostook,New Limerick,14,28,42.83,10080.0,2018,11
Central Maine Power,Maine,Somerset,Athens,588,1497,20870.35,423479.35,2019,11
Central Maine Power,Maine,Somerset,Lexington,155,173,900.97,115320.0,2018,5
Versant Power,Maine,Washington,Devereaux Twp,26,55,288.13,20052.31,2021,3
Central Maine Power,Maine,Franklin,Strong,730,2031,34384.19,543480.19,2020,12
Central Maine Power,Maine,Sagadahoc,Woolwich,1723,3165,6646.27,1240873.41,2020,11
Central Maine Power,Maine,Waldo,Frankfort,669,690,1144.05,482126.93,2022,9
Versant Power,Maine,Washington,Cutler,450,452,0.95,332922.5,2023,5
Versant Power,Maine,Washington,Perry,424,897,11178.82,238123.8,2023,9
Central Maine Power,Maine,Waldo,Winterport,1653,3446,5478.09,1190410.79,2021,6
Central Maine Power,Maine,Franklin,Dallas Plantation,483,763,10105.75,348478.16,2019,11
Central Maine Power,Maine,Franklin,New Sharon,835,1299,23320.57,621713.26,2020,12
Central Maine Power,Maine,Sagadahoc,Georgetown,1207,1262,4820.99,898394.49,2020,8
Versant Power,Maine,Penobscot,Millinocket,2707,2710,7215.94,1819181.53,2022,2
Versant Power,Maine,Hancock,Ellsworth,2420,3446,2041.8,1742399.95,2019,6
Central Maine Power,Maine,Oxford,Buckfield,1104,1264,2463.87,821917.46,2020,8
Versant Power,Maine,Unknown,West Tremont,5734,37922,202294.36,4009892.99,2016,12
Central Maine Power,Maine,Somerset,Parlin Pond,26,78,155.42,18720.0,2019,9
Central Maine Power,Maine,Oxford,Lower Cupsuptic,12,49,1.5,8859.58,2023,5
Central Maine Power,Maine,Somerset,TAUNTON   RAYNHAM ACADEMY GRANT,607,656,4050.53,452383.32,2022,7
Central Maine Power,Maine,York,Acton,2509,7713,110901.07,1867392.21,2022,12
Eastern Maine Power Cooperative,Maine,Washington,Meddybemps,10,88,202.51,3938.86,2020,2
Central Maine Power,Maine,Cumberland,Bridgton,5371,12964,219798.13,3995992.97,2022,12
Central Maine Power,Maine,Sagadahoc,Arrowsic,304,305,1901.44,218890.3,2020,9
Central Maine Power,Maine,Franklin,Avon,301,724,12416.0,224196.06,2020,12
Central Maine Power,Maine,Lincoln,Newcastle,1276,2183,18927.69,918981.6,2019,11
Central Maine Power,Maine,Piscataquis,Big Squaw,71,143,190.77,52824.0,2022,8
Versant Power,Maine,Penobscot,Millinocket,2698,2734,4314.44,2007993.27,2021,3
Central Maine Power,Maine,Piscataquis,Cove Point,7,21,45.51,5040.0,2019,11
Versant Power,Maine,Piscataquis,Barnard Twp,39,44,86.7,27144.0,2020,2
Central Maine Power,Maine,Oxford,Denmark,1222,2814,39518.78,879839.97,2017,11
Versant Power,Maine,Penobscot,Burlington,196,500,3674.68,145593.5,2017,10
Central Maine Power,Maine,Sagadahoc,Arrowsic,319,968,4662.86,180220.82,2023,9
Versant Power,Maine,Washington,Harrington,272,632,369.31,191999.05,2018,6
Central Maine Power,Maine,Waldo,Morrill,456,685,4498.89,328320.0,2018,11
Versant Power,Maine,Aroostook,Castle Hill,238,486,2423.57,177072.0,2020,12
Central Maine Power,Maine,Somerset,Parlin Pond,26,28,42.56,19344.0,2020,8
Central Maine Power,Maine,Kennebec,Litchfield,2103,4035,72017.94,1565227.5,2017,10
Central Maine Power,Maine,Lincoln,Hibberts Gore,1,2,3.67,720.0,2018,4
Versant Power,Maine,Penobscot,Charleston,614,666,924.67,456816.0,2018,1
Versant Power,Maine,Hancock,Mariaville,440,447,945.02,327607.16,2022,5
Central Maine Power,Maine,Waldo,Monroe,561,958,11781.09,404373.5,2019,11
Versant Power,Maine,Penobscot,Dixmont,109,354,2606.76,81152.12,2020,12
Central Maine Power,Maine,Somerset,Tomhegan,316,1556,4235.82,227520.0,2019,4
Versant Power,Maine,Aroostook,Frenchville,626,1011,1361.58,466373.29,2021,7
Central Maine Power,Maine,Knox,Owls Head,1266,1583,11705.06,942323.47,2019,10
Versant Power,Maine,Aroostook,Connor,50,225,300.19,35365.54,2020,2
Versant Power,Maine,Unknown,T4 R9 Nwp,3298,3732,2301.9,2439863.15,2017,1
Central Maine Power,Maine,Lincoln,Nobleboro,1424,2028,6758.99,779989.17,2023,9
Versant Power,Maine,Piscataquis,Dover-foxcroft,17,19,125.84,11424.0,2022,2
Versant Power,Maine,Hancock,Otis,728,775,494.5,44328.0,2017,9
Central Maine Power,Maine,Oxford,Porter,937,1968,10678.85,697301.58,2022,7
Central Maine Power,Maine,Penobscot,Glenburn,196,369,699.81,145824.0,2020,5
Versant Power,Maine,Hancock,Sullivan,468,946,501.17,336960.0,2019,6
Versant Power,Maine,Unknown,T1 R9,2996,3025,2311.8,2189268.79,2016,12
Central Maine Power,Maine,Somerset,Smithfield,812,2684,36957.94,584935.48,2020,4
Versant Power,Maine,Penobscot,Woodville,119,129,313.78,88536.0,2021,3
Central Maine Power,Maine,Piscataquis,Kineo,35,105,215.74,26040.0,2018,10
Central Maine Power,Maine,Franklin,Farmington,4109,7212,3403.36,3057275.91,2021,12
Central Maine Power,Maine,Franklin,Weld,607,2495,22374.24,437155.5,2019,11
Central Maine Power,Maine,Somerset,Bingham,629,1194,1757.38,423218.46,2023,2
Central Maine Power,Maine,Piscataquis,Harfords Point,142,428,1868.07,102363.01,2019,11
Versant Power,Maine,Penobscot,Greenfield Twp,163,166,335.66,121272.0,2020,8
Central Maine Power,Maine,Oxford,Gilead,175,692,6484.14,126563.33,2018,11
Central Maine Power,Maine,Oxford,Denmark,1271,5524,95818.75,946040.39,2022,12
Eastern Maine Power Cooperative,Maine,Aroostook,Monarda,17,18,0.0,9841.56,2023,9
Central Maine Power,Maine,Androscoggin,Livermore Falls,1676,2229,6807.85,1247157.15,2018,1
Versant Power,Maine,Unknown,Oxbow Plantation,72,218,585.34,54264.32,2018,12
Central Maine Power,Maine,Oxford,Magalloway Plantation,72,144,71.98,53568.0,2017,12
Versant Power,Maine,Aroostook,Frenchville,621,658,354.98,462024.0,2018,7
Central Maine Power,Maine,Somerset,Sapling,13,39,51.97,9360.0,2020,11
Central Maine Power,Maine,Franklin,Coplin Plantation,215,661,2846.92,159960.0,2022,12
Versant Power,Maine,Washington,T30 Md Bpp,1,3,14.33,501.49,2020,4
Versant Power,Maine,Unknown,Alton,4362,42834,298668.2,3128291.95,2016,12
Central Maine Power,Maine,Somerset,Rockwood Strip T2r1,3,9,18.45,2232.0,2022,3
Versant Power,Maine,Aroostook,Stockholm,165,275,1602.37,118800.0,2019,11
Central Maine Power,Maine,Lincoln,Nobleboro,1392,2344,29404.85,1036082.8,2020,12
Central Maine Power,Maine,Sagadahoc,Phippsburg,2018,2266,3521.41,1453501.99,2019,4
Versant Power,Maine,Penobscot,Hudson,816,870,2083.22,1214208.0,2019,5
Central Maine Power,Maine,Cumberland,Freeport,4907,5293,69651.51,3651100.42,2019,10
Central Maine Power,Maine,Oxford,Upton,182,188,950.73,135807.03,2020,10
Versant Power,Maine,Unknown,Somesville,368,634,339.27,273792.0,2018,5
Central Maine Power,Maine,Oxford,Canton,518,1328,5397.89,373621.83,2019,11
Versant Power,Maine,Piscataquis,Medford,154,542,9592.0,110880.0,2017,11
Versant Power,Maine,Washington,Beals,361,1050,576.02,267675.85,2018,1
Central Maine Power,Maine,Somerset,Starks,314,650,8.75,231116.38,2023,8
Central Maine Power,Maine,Piscataquis,Sangerville,900,1042,14608.17,669607.0,2017,10
Versant Power,Maine,Penobscot,Passadumkeag,56,129,456.71,41664.0,2018,10
Central Maine Power,Maine,Oxford,Upton,181,682,3656.15,134928.0,2018,5
Versant Power,Maine,Hancock,Sorrento,332,498,835.52,239040.0,2018,11
Versant Power,Maine,Piscataquis,Ebeemee Twp,183,202,0.21,131199.87,2023,6
Central Maine Power,Maine,Kennebec,Pittston,1469,5171,3542.11,1057784.58,2021,6
Central Maine Power,Maine,Oxford,Otisfield,1377,1483,17707.15,991684.29,2020,4
Central Maine Power,Maine,Oxford,Lincoln Plantation,88,167,797.43,65472.0,2018,5
Central Maine Power,Maine,Somerset,Hartland,1144,1149,234.86,851107.81,2019,8
Central Maine Power,Maine,Cumberland,Bridgton,4845,6611,40916.74,3488399.68,2017,11
Central Maine Power,Maine,Piscataquis,Greenville,1827,1947,3446.88,1359620.99,2020,7
Central Maine Power,Maine,Somerset,Anson,742,754,2644.45,532018.43,2023,4
Versant Power,Maine,Aroostook,Caswell,188,192,549.02,139996.68,2020,12
Versant Power,Maine,Penobscot,Lagrange,387,521,908.05,278640.0,2023,4
Versant Power,Maine,Penobscot,Exeter,514,535,2685.02,370378.14,2022,6
Eastern Maine Power Cooperative,Maine,Aroostook,Town Of Hammond,526,528,0.0,352989.14,2023,2
Central Maine Power,Maine,Franklin,Strong,733,1440,9523.01,545755.96,2021,3
Versant Power,Maine,Penobscot,Lowell,227,476,4778.1,8688.5,2017,10
Versant Power,Maine,Washington,Whitneyville,123,124,616.98,89253.65,2019,11
Central Maine Power,Maine,Piscataquis,Cove Point,7,21,12.82,5208.0,2018,10
Central Maine Power,Maine,Lincoln,Whitefield,1231,2766,45190.73,915829.99,2017,10
Central Maine Power,Maine,Sagadahoc,West Bath,1346,1431,4291.71,1001526.46,2020,5
Central Maine Power,Maine,Oxford,Hartford,731,871,1606.32,491372.1,2019,2
Versant Power,Maine,Unknown,T1 R9 Wels,336,337,414.1,242454.31,2019,4
Versant Power,Maine,Washington,Steuben,1003,3800,18635.57,551691.14,2023,9
Central Maine Power,Maine,Cumberland,Cape Elizabeth,4290,11481,156500.31,3192505.94,2017,10
Versant Power,Maine,Aroostook,Nashville Plt,34,43,159.36,25980.27,2020,12
Central Maine Power,Maine,Sagadahoc,Phippsburg,2087,2248,5751.96,1502820.12,2022,4
Versant Power,Maine,Washington,Pleasant Point,342,351,542.24,254752.83,2022,10
Versant Power,Maine,Piscataquis,Williamsburg Twp,53,245,2813.76,39748.63,2020,12
Central Maine Power,Maine,Somerset,Brighton Plantation,49,51,167.98,36925.65,2021,12
Versant Power,Maine,Aroostook,T11 R4 Wels,128,186,1312.26,95232.0,2020,10
Central Maine Power,Maine,Somerset,Lexington,168,323,573.95,124992.0,2022,7
Central Maine Power,Maine,Franklin,Industry,588,1117,8311.38,437982.46,2022,12
Central Maine Power,Maine,Franklin,New Sharon,836,1595,717.94,622545.84,2021,1
Central Maine Power,Maine,Somerset,Caratunk Plantation,180,917,2303.73,133990.02,2022,12
Versant Power,Maine,Aroostook,Sherman,451,452,0.67,335576.98,2018,8
Central Maine Power,Maine,Somerset,Madison,1148,2080,30106.82,854083.99,2017,10
Versant Power,Maine,Unknown,T3 Indian Purchase,436,751,1885.59,82901.65,2016,11
Versant Power,Maine,Aroostook,T1 R8 Wels,29,60,165.16,21962.31,2021,8
Central Maine Power,Maine,Sagadahoc,Gardiner,6,12,123.31,4464.0,2022,12
Eastern Maine Power Cooperative,Maine,Aroostook,Mattawamkeag,1,6,22.49,289.66,2020,1
Versant Power,Maine,Penobscot,Woodville,121,122,1206.36,90024.0,2019,10
Versant Power,Maine,Penobscot,Charleston,614,642,1112.63,456816.0,2018,5
Versant Power,Maine,Hancock,Sunset,17,19,327.38,12240.0,2018,11
Versant Power,Maine,Penobscot,Maxfield,42,46,157.0,2009.0,2017,9
Versant Power,Maine,Washington,Beddington,242,318,810.7,162624.0,2023,2
Central Maine Power,Maine,Franklin,Freeman,234,1281,10098.59,168480.0,2018,11
Eastern Maine Power Cooperative,Maine,Aroostook,Weston,194,709,0.0,140546.93,2022,3
Central Maine Power,Maine,Franklin,Wilton,2291,2325,6682.8,1705206.57,2020,7
Versant Power,Maine,Penobscot,Dixmont,111,158,88.29,82269.1,2023,8
Versant Power,Maine,Aroostook,Grand Isle,284,315,262.91,211296.0,2018,5
Versant Power,Maine,Washington,Machiasport,377,546,1264.85,262392.0,2020,2
Central Maine Power,Maine,Somerset,Detroit,480,560,920.86,357228.3,2021,3
Central Maine Power,Maine,Oxford,West Paris,990,1843,30609.11,737284.76,2022,12
Versant Power,Maine,Unknown,Oxbow Plantation,73,216,128.79,54312.0,2019,1
Central Maine Power,Maine,Penobscot,Kenduskeag,115,345,5456.33,82800.0,2017,11
Central Maine Power,Maine,Lincoln,Bristol,2897,8600,110958.09,2085839.87,2017,11
Central Maine Power,Maine,Somerset,Madison,1202,1214,6555.0,894421.25,2022,12
Eastern Maine Power Cooperative,Maine,Penobscot,Unknown,952,1337,3326.66,708288.0,2018,7
Central Maine Power,Maine,Piscataquis,Frenchtown,109,360,1704.58,78600.32,2019,11
Central Maine Power,Maine,Penobscot,Glenburn,192,548,8493.5,138240.0,2017,11
Versant Power,Maine,Washington,Lubec,1320,2637,3200.44,982145.82,2023,3
Central Maine Power,Maine,Knox,South Thomaston,1145,1177,1565.93,824492.06,2023,4
Central Maine Power,Maine,Piscataquis,Cove Point,7,217,5208.0,5208.0,2018,1
Versant Power,Maine,Penobscot,West Enfield,20,35,33.39,13219.5,2017,8
Versant Power,Maine,Hancock,Gouldsboro,1681,1718,15890.26,932070.36,2023,9
Versant Power,Maine,Unknown,T28 Md,8,128,2932.0,5760.0,2017,11
Versant Power,Maine,Unknown,Ornville Twp,21,267,889.04,11779.49,2018,11
Central Maine Power,Maine,Oxford,Buckfield,1092,2010,3704.48,812676.29,2021,3
Versant Power,Maine,Hancock,Seal Cove,233,240,740.16,136569.0,2017,8
Central Maine Power,Maine,Franklin,Rangeley,1939,2146,984.17,1442764.51,2019,12
Versant Power,Maine,Washington,Deblois,64,129,414.19,46137.95,2022,9
Central Maine Power,Maine,Somerset,Sapling,24,48,63.92,17856.0,2022,8
Versant Power,Maine,Washington,Roque Bluffs,250,568,3544.81,180000.0,2018,11
Central Maine Power,Maine,Somerset,Detroit,455,1036,24145.92,338702.83,2017,12
Versant Power,Maine,Aroostook,Winterville,237,258,279.38,170640.0,2019,9
Versant Power,Maine,Penobscot,Burlington,253,408,326.09,188232.0,2018,7
Central Maine Power,Maine,Kennebec,Belgrade,2660,3451,3577.15,1979512.55,2022,1
Versant Power,Maine,Piscataquis,Atkinson,182,364,988.72,135408.0,2019,1
Versant Power,Maine,Unknown,Ebeemee Twp,228,315,393.63,6458.77,2016,11
Versant Power,Maine,Hancock,Hancock,60,1342,18582.17,43963.0,2017,10
Versant Power,Maine,Hancock,Bucksport,2,5,5.33,1509.67,2017,8
Central Maine Power,Maine,Somerset,Rockwood Strip T2r1,45,46,153.38,33518.16,2020,3
Eastern Maine Power Cooperative,Maine,Washington,Cooper,4,44,37.56,2895.52,2020,2
Central Maine Power,Maine,Waldo,Burnham,749,1484,25815.5,557983.67,2017,10
Central Maine Power,Maine,Penobscot,Corinth,19,65,658.87,14330.47,2022,12
Versant Power,Maine,Unknown,Larrabee,18844,41937,182519.96,3256226.01,2016,12
Versant Power,Maine,Washington,Edmunds Twp,141,400,2342.53,105590.98,2019,10
Central Maine Power,Maine,Kennebec,Hallowell,1558,1641,4298.02,1122394.81,2018,6
Versant Power,Maine,Aroostook,Fort Kent,2432,2571,3542.35,1810169.1,2022,7
Versant Power,Maine,Penobscot,Greenfield Twp,160,542,6941.15,119040.0,2022,12
Versant Power,Maine,Hancock,Deer Isle,1831,1840,10414.04,1362413.32,2019,8
Central Maine Power,Maine,Oxford,Magalloway Plantation,74,223,1551.46,55056.0,2021,3
Central Maine Power,Maine,Oxford,Lovell,1400,1876,1322.17,974966.39,2023,8
Central Maine Power,Maine,Kennebec,Farmingdale,1625,2187,15147.57,1208999.96,2022,12
Central Maine Power,Maine,Kennebec,Vienna,455,547,6043.91,338520.0,2019,10
Central Maine Power,Maine,Waldo,Stockton Springs,1124,1894,29384.08,809637.28,2020,4
Central Maine Power,Maine,Somerset,Bingham,623,668,3124.81,463512.0,2021,3
Central Maine Power,Maine,Franklin,Davis,34,44,297.84,25296.0,2018,10
Central Maine Power,Maine,Somerset,Solon,736,784,4450.82,547981.17,2022,12
Versant Power,Maine,Aroostook,New Limerick,14,28,632.53,9408.0,2018,2
Versant Power,Maine,Penobscot,Hudson,848,2054,9367.82,911932.02,2023,9
Central Maine Power,Maine,Somerset,Embden,956,1964,8804.3,711676.48,2018,10
Central Maine Power,Maine,Kennebec,Hallowell,1654,2609,2391.27,1111529.33,2021,2
Versant Power,Maine,Penobscot,Cedar Lake Twp,69,277,3245.24,34602.83,2020,4
Versant Power,Maine,Hancock,Eastbrook,501,2015,15551.17,361364.49,2020,4
Versant Power,Maine,Hancock,Orland,51,58,583.05,28338.58,2023,9
Central Maine Power,Maine,Piscataquis,Shirley,215,544,417.41,159960.0,2018,5
Versant Power,Maine,Piscataquis,Bowerbank,348,360,3156.24,234357.63,2022,2
Versant Power,Maine,Aroostook,Woodland,76,345,290.78,52333.63,2018,6
Central Maine Power,Maine,Oxford,Lower Cupsuptic,7,14,11.99,5208.0,2020,5
Central Maine Power,Maine,Oxford,Stoneham,375,695,2488.98,279561.65,2020,10
Eastern Maine Power Cooperative,Maine,Aroostook,Monticello,67,71,47.46,9075.72,2020,1
Versant Power,Maine,Washington,Milbridge,1136,1142,296.5,804468.87,2023,7
Central Maine Power,Maine,Kennebec,Farmingdale,1593,2850,37493.51,1146959.99,2017,11
Central Maine Power,Maine,Kennebec,Belgrade,2530,7284,93877.4,1821599.84,2017,11
Versant Power,Maine,Washington,East Machias,278,454,826.48,199936.23,2018,6
Versant Power,Maine,Aroostook,Saint Francis,303,402,6483.12,218160.0,2019,11
Central Maine Power,Maine,Franklin,Lang,63,111,1359.87,47243.51,2017,12
Versant Power,Maine,Unknown,Long A Twp,52,106,325.79,37657.83,2018,9
Versant Power,Maine,Penobscot,Exeter,510,511,1275.31,379440.0,2019,1
Versant Power,Maine,Penobscot,Maxfield,68,218,1832.31,50592.0,2022,12
Central Maine Power,Maine,Penobscot,Corinth,20,600,14043.33,14400.0,2017,11
Versant Power,Maine,Penobscot,Burlington,259,1248,6590.71,193356.67,2022,12
Central Maine Power,Maine,Oxford,Albany,357,386,654.66,265905.14,2020,10
Central Maine Power,Maine,Piscataquis,Bowerbank,30,150,3313.48,21600.0,2020,4
Versant Power,Maine,Unknown,T1 R9,9,29,40.01,6799.0,2017,10
Versant Power,Maine,Piscataquis,Barnard Twp,38,75,108.12,28272.0,2019,1
Central Maine Power,Maine,Androscoggin,Greene,2254,2745,4015.32,1215327.71,2023,9
Central Maine Power,Maine,Waldo,Unity,1125,1146,425.05,837249.48,2019,12
Versant Power,Maine,Unknown,Cedar Lake Twp,67,201,245.56,45024.0,2019,2
Versant Power,Maine,Hancock,Lamoine,1179,1207,3184.41,877910.32,2020,10
Versant Power,Maine,Penobscot,Stillwater,34,585,2466.48,24594.84,2017,10
Versant Power,Maine,Aroostook,Silver Ridge Twp,45,46,193.44,22567.06,2020,4
Central Maine Power,Maine,Oxford,Lower Cupsuptic,13,26,43.52,9672.0,2021,5
Versant Power,Maine,Washington,Perry,30,70,101.83,21685.0,2017,8
Central Maine Power,Maine,Waldo,Albion,4,8,27.32,210.59,2021,3
Central Maine Power,Maine,Somerset,Mercer,447,939,10236.35,332570.33,2017,10
Versant Power,Maine,Hancock,Swans Island,512,532,2480.1,368640.0,2019,11
Central Maine Power,Maine,Oxford,Hanover,286,346,2099.85,212784.0,2020,8
Versant Power,Maine,Aroostook,Allagash,274,548,915.53,197280.0,2018,6
Central Maine Power,Maine,Androscoggin,Bowdoin,14,16,44.1,10416.0,2023,3
Versant Power,Maine,Hancock,Bucksport,157,758,7820.25,113412.55,2020,4
Central Maine Power,Maine,Penobscot,Exeter,28,124,2976.0,20832.0,2017,12
Versant Power,Maine,Penobscot,Orono,3561,4172,8627.29,1969852.85,2023,9
Central Maine Power,Maine,Franklin,Weld,640,1300,3341.21,365868.31,2023,9
Eastern Maine Power Cooperative,Maine,Penobscot,Lakeville,25,187,106.12,10519.75,2020,1
Central Maine Power,Maine,Penobscot,Newburgh,64,118,236.1,46080.0,2019,6
Central Maine Power,Maine,Waldo,Islesboro,1015,3770,50512.08,755376.31,2022,12
Central Maine Power,Maine,Somerset,Moose River,215,430,428.35,154846.04,2020,11
Central Maine Power,Maine,Franklin,Rangeley,1931,2199,21519.22,1390543.24,2018,11
Central Maine Power,Maine,Lincoln,Alna,409,611,5755.4,285145.67,2020,2
Versant Power,Maine,Aroostook,Eagle Lake,760,837,487.0,566108.78,2018,7
Versant Power,Maine,Unknown,Cyr Plantation,548,587,812.92,393949.18,2017,6
Versant Power,Maine,Hancock,Eastbrook,514,715,1391.19,382416.0,2023,3
Central Maine Power,Maine,Androscoggin,Greene,2128,4159,60240.75,1583389.92,2017,10
Versant Power,Maine,Aroostook,E Twp,54,55,92.23,39133.32,2020,6
Central Maine Power,Maine,Franklin,Carrabassett Valley,2445,4973,8724.82,1819707.67,2017,12
Central Maine Power,Maine,Oxford,Andover,691,764,1607.77,396120.57,2023,9
Central Maine Power,Maine,Piscataquis,Shirley,216,2592,61459.26,160704.0,2018,1
Central Maine Power,Maine,York,PORTLAND,1,2,1.48,744.0,2023,1
Versant Power,Maine,Aroostook,Smyrna,92,185,78.27,66240.0,2022,11
Central Maine Power,Maine,Franklin,Stetsontown,71,83,15.67,40647.99,2023,9
Central Maine Power,Maine,Lincoln,Bremen,687,764,2448.21,508759.58,2023,5
Central Maine Power,Maine,Franklin,Phillips,706,995,331.45,518202.4,2023,7
Central Maine Power,Maine,Sagadahoc,Phippsburg,2077,2198,2768.39,1545980.48,2021,12
Versant Power,Maine,Hancock,Amherst,166,484,1762.37,123796.46,2021,3
Central Maine Power,Maine,York,Cornish,938,2399,5144.41,697881.29,2022,7
Central Maine Power,Maine,Somerset,Norridgewock,1770,2110,17384.12,1317056.88,2022,12
Versant Power,Maine,Hancock,Lamoine,1157,1561,11578.51,860807.98,2019,10
Central Maine Power,Maine,Somerset,Highland Plantation,50,51,243.7,36000.0,2020,9
Versant Power,Maine,Washington,Pleasant Point,349,542,2197.79,259990.01,2022,1
Central Maine Power,Maine,Somerset,Starks,302,584,1740.53,224880.16,2018,1
Versant Power,Maine,Aroostook,Van Buren,3,93,2232.0,2232.0,2017,12
Versant Power,Maine,Hancock,Great Pond,55,57,516.59,40920.0,2018,5
Central Maine Power,Maine,Franklin,Weld,621,1651,4767.9,447550.5,2021,11
Central Maine Power,Maine,Somerset,Cornville,680,1275,13427.48,490243.96,2019,11
Versant Power,Maine,Unknown,T22 Md,28,448,10262.0,20160.0,2017,11
Central Maine Power,Maine,York,Kennebunk,1676,1686,8884.37,1207099.11,2020,9
Versant Power,Maine,Piscataquis,Barnard Twp,7,85,1251.84,4814.84,2017,10
Central Maine Power,Maine,Oxford,Stow,253,278,1078.83,188522.85,2021,3
Versant Power,Maine,Penobscot,Holden,1839,2432,25906.43,1010534.71,2023,9
Versant Power,Maine,Unknown,Atkinson,9,73,128.67,6206.0,2017,9
Versant Power,Maine,Aroostook,Allagash,274,557,912.75,203856.0,2018,5
Eastern Maine Power Cooperative,Maine,Penobscot,Webster,1025,1036,4280.42,737903.58,2022,4
Central Maine Power,Maine,Franklin,Temple,342,345,293.68,246447.52,2022,11
Versant Power,Maine,Penobscot,Woodville,125,369,748.2,84000.0,2022,2
Central Maine Power,Maine,Piscataquis,Shirley,216,248,464.64,161027.16,2019,8
Versant Power,Maine,Penobscot,Bradley,785,789,268.19,565200.0,2021,11
Versant Power,Maine,Penobscot,Hampden,3699,9736,122840.75,2663793.13,2020,4
Versant Power,Maine,Penobscot,Patten,383,765,1282.65,284952.0,2018,12
Versant Power,Maine,Hancock,Amherst,172,358,287.36,126257.46,2023,7
Versant Power,Maine,Penobscot,Carmel,41,46,54.22,29879.2,2023,7
Versant Power,Maine,Aroostook,New Canada,170,332,539.05,126480.0,2022,7
Central Maine Power,Maine,Franklin,Jim Pond,3,81,1869.01,2232.0,2017,12
Versant Power,Maine,Penobscot,Greenfield Twp,162,163,353.76,117130.32,2020,6
Eastern Maine Power Cooperative,Maine,Penobscot,Webster,569,592,30.67,414213.35,2021,10
Central Maine Power,Maine,Somerset,Highland Plantation,47,48,63.8,34485.49,2019,6
Versant Power,Maine,Piscataquis,Barnard Twp,36,113,1626.0,25920.0,2017,11
Central Maine Power,Maine,York,Lebanon,3125,3517,16125.53,2100039.47,2018,2
Eastern Maine Power Cooperative,Maine,Penobscot,Patten,48,54,13.59,36078.71,2023,3
Versant Power,Maine,Penobscot,Cedar Lake Twp,69,280,1568.86,46859.82,2022,2
Central Maine Power,Maine,Oxford,Lovell,1346,1565,11242.32,1002138.94,2021,1
Versant Power,Maine,Washington,Dennysville,211,606,3494.95,157601.95,2019,10
Central Maine Power,Maine,Kennebec,Readfield,1543,1880,20111.53,1148351.67,2018,1
Eastern Maine Power Cooperative,Maine,Washington,Robbinston,12,14,25.6,8800.96,2021,11
Versant Power,Maine,Unknown,T7 Sd,12,15,97.53,9175.8,2019,10
Versant Power,Maine,Hancock,Osborn,39,76,1.28,22294.81,2023,9
Versant Power,Maine,Hancock,Harborside,191,385,3981.77,137520.0,2019,11
Central Maine Power,Maine,Somerset,Sapling,13,61,241.06,9360.0,2019,4
Central Maine Power,Maine,Franklin,New Sharon,866,1253,5051.55,457547.47,2023,9
Central Maine Power,Maine,Oxford,Dixfield,1254,2502,5016.2,903512.01,2019,11
Versant Power,Maine,Aroostook,E Twp,57,115,127.62,41040.0,2021,6
Central Maine Power,Maine,Somerset,Rockwood Strip T1r1,11,22,29.29,8184.0,2022,8
Eastern Maine Power Cooperative,Maine,Washington,Alexander,50,82,25.26,37017.26,2021,9
Versant Power,Maine,Penobscot,Alton,416,2159,34928.0,299520.0,2017,11
Versant Power,Maine,Hancock,Sullivan,462,1039,4730.34,344300.89,2018,3
Central Maine Power,Maine,Sagadahoc,Arrowsic,305,599,2847.78,227106.66,2020,3
Versant Power,Maine,Unknown,Cedar Lake Twp,67,75,135.05,49848.0,2018,7
Versant Power,Maine,Hancock,West Tremont,222,224,387.99,165168.0,2017,12
Central Maine Power,Maine,Somerset,Pittsfield,2184,2651,16685.05,1624937.22,2022,12
Central Maine Power,Maine,York,Kennebunkport,3664,4459,11523.64,2550619.17,2020,2
Versant Power,Maine,Hancock,Mariaville,442,1572,17946.09,329407.19,2022,12
Versant Power,Maine,Piscataquis,Lake View Plt,490,582,8900.37,364736.14,2022,12
Versant Power,Maine,Hancock,Osborn,46,78,316.48,33120.0,2019,11
Central Maine Power,Maine,Piscataquis,Harfords Point,143,3014,69379.33,103002.83,2017,11
Central Maine Power,Maine,Piscataquis,Greenville,1977,2330,4614.68,1138077.03,2023,9
Versant Power,Maine,Unknown,Oxbow Plantation,71,254,3111.0,51120.0,2017,11
Versant Power,Maine,Unknown,"T2, R4, 6,7,8",180,183,334.39,3250.09,2016,11
Versant Power,Maine,Piscataquis,Lake View Plt,188,3331,69665.12,135419.5,2017,11
Versant Power,Maine,Penobscot,Howland,14,86,165.83,10389.17,2017,9
Central Maine Power,Maine,Somerset,Sapling,15,26,382.28,10800.0,2020,4
Versant Power,Maine,Washington,Woodland,340,1141,26418.38,252960.0,2018,1
Versant Power,Maine,Washington,Addison,866,870,1137.2,623654.35,2021,11
Central Maine Power,Maine,York,Hiram,2,4,8.0,1488.0,2022,7
Versant Power,Maine,Washington,Machiasport,377,544,1453.41,280488.0,2019,7
Versant Power,Maine,Piscataquis,Bowerbank,344,415,6483.45,255936.0,2022,12
Central Maine Power,Maine,Piscataquis,Harfords Point,140,152,330.56,101357.34,2020,11
Central Maine Power,Maine,Kennebec,Chelsea,1347,1698,25421.06,970018.8,2020,4
Central Maine Power,Maine,Lincoln,Dresden,986,1751,2056.57,734125.93,2022,7
Versant Power,Maine,Unknown,Indian Island,294,295,261.68,102102.48,2016,11
Central Maine Power,Maine,Penobscot,Corinna,1215,1310,3704.14,904235.58,2020,5
Central Maine Power,Maine,York,Kennebunk,1607,3203,48882.33,1196197.98,2017,10
Central Maine Power,Maine,Waldo,Thorndike,414,421,1689.04,308336.98,2017,12
Versant Power,Maine,Washington,Whitneyville,127,254,220.72,91628.02,2020,6
Versant Power,Maine,Washington,Perry,218,421,782.84,161604.33,2017,10
Central Maine Power,Maine,Knox,Rockport,2695,3662,28274.42,2005497.31,2022,12
Versant Power,Maine,Washington,Perry,30,35,25.5,22040.5,2017,9
Central Maine Power,Maine,Cumberland,Baldwin,890,1010,1690.72,662177.97,2022,3
Central Maine Power,Maine,Androscoggin,Sabattus,2379,4856,39434.34,1712879.95,2017,11
Versant Power,Maine,Hancock,Trenton,1396,5748,49872.58,1039006.11,2022,12
Central Maine Power,Maine,Oxford,Mason,51,108,751.47,34272.0,2022,2
Versant Power,Maine,Washington,Roque Bluffs,250,254,85.94,180000.0,2018,4
Central Maine Power,Maine,Hancock,Castine,763,767,1531.19,567975.66,2017,12
Central Maine Power,Maine,Somerset,Embden,1005,1850,3432.62,748331.95,2021,12
Central Maine Power,Maine,Penobscot,Levant,1314,3543,46162.78,977620.67,2017,10
Central Maine Power,Maine,Somerset,Solon,693,864,3513.04,515984.33,2018,1
Central Maine Power,Maine,Piscataquis,Shirley,237,363,373.6,132284.05,2023,9
Central Maine Power,Maine,Knox,Appleton,777,873,9006.22,578693.89,2023,3
Central Maine Power,Maine,Franklin,Wilton,2303,2329,4007.52,1714073.51,2020,8
Central Maine Power,Maine,Somerset,Norridgewock,1731,1932,4124.56,1246531.3,2018,11
Central Maine Power,Maine,Franklin,Carrabassett Valley,2547,3946,9032.02,1894967.93,2021,12
Versant Power,Maine,Piscataquis,Lake View Plt,189,720,6751.88,136080.0,2019,11
Versant Power,Maine,Hancock,Great Pond,63,254,3828.06,45767.94,2020,4
Versant Power,Maine,Unknown,Long A Twp,53,82,234.81,39432.0,2018,10
Versant Power,Maine,Aroostook,Connor,167,272,314.93,124248.0,2018,7
Versant Power,Maine,Hancock,Sullivan,451,1392,13129.46,335707.16,2017,10
Versant Power,Maine,Penobscot,Mattawamkeag,418,486,149.83,311450.5,2020,5
Central Maine Power,Maine,Somerset,Detroit,469,667,1590.4,338001.99,2019,11
Central Maine Power,Maine,Franklin,Washington Twp,19,28,152.96,13680.0,2019,11
Central Maine Power,Maine,Oxford,Adamstown,64,199,732.04,47616.0,2022,12
Versant Power,Maine,Penobscot,Burlington,253,597,1148.46,182160.0,2019,4
Versant Power,Maine,Penobscot,Carmel,44,164,2942.27,32145.42,2020,4
Versant Power,Maine,Hancock,Sorrento,343,1126,16733.7,247461.16,2020,4
Central Maine Power,Maine,Oxford,Albany,356,378,1025.1,265565.01,2019,12
Versant Power,Maine,Penobscot,Lee,598,601,494.03,430891.31,2022,9
Central Maine Power,Maine,Somerset,St Albans,1368,3777,46421.0,1018508.16,2017,10
Central Maine Power,Maine,Franklin,Dallas Plantation,479,950,789.96,356500.16,2017,12
Central Maine Power,Maine,Cumberland,Chebeague Island,581,970,1176.45,432831.7,2020,12
Central Maine Power,Maine,Oxford,Hanover,279,552,5468.48,207970.01,2019,10
Versant Power,Maine,Aroostook,Ashland,885,1656,8168.36,658843.93,2020,12
Central Maine Power,Maine,Franklin,Weld,636,966,570.87,467114.35,2023,5
Versant Power,Maine,Unknown,Medford,50,56,10.07,1221.11,2016,11
Central Maine Power,Maine,Cumberland,Bridgton,4889,6162,57058.67,3608385.87,2017,10
Central Maine Power,Maine,Piscataquis,Kineo,35,280,752.49,25200.0,2018,11
Eastern Maine Power Cooperative,Maine,Washington,Perry,159,257,333.72,118296.0,2020,3
Central Maine Power,Maine,Penobscot,Corinna,1157,2109,34149.65,861478.33,2017,10
Central Maine Power,Maine,Franklin,Rangeley Plantation,571,954,1906.59,424824.0,2021,5
Versant Power,Maine,Aroostook,Van Buren,7,8,11.04,5208.0,2020,10
Versant Power,Maine,Aroostook,Cross Lake Twp,309,1190,1961.96,230113.32,2022,7
Versant Power,Maine,Penobscot,Bradford,644,1515,7022.34,353908.99,2023,9
Versant Power,Maine,Aroostook,Stockholm,163,326,108.8,121473.83,2018,7
Central Maine Power,Maine,Somerset,Rockwood Strip T2r1,43,344,924.56,30960.0,2018,11
Central Maine Power,Maine,Waldo,Freedom,391,641,1041.86,291063.49,2018,7
Versant Power,Maine,Unknown,Grand Falls Twp,17,34,22.67,12648.0,2018,7
Central Maine Power,Maine,Somerset,Embden,998,1007,2078.21,718734.38,2020,11
Central Maine Power,Maine,Lincoln,Nobleboro,1412,4468,53860.54,1051206.23,2022,12
Central Maine Power,Maine,Oxford,Byron,104,300,832.55,70358.49,2019,2
Versant Power,Maine,Aroostook,Saint Francis,305,354,540.65,227393.47,2020,3
Central Maine Power,Maine,Sagadahoc,West Bath,1309,5115,86469.62,942479.98,2017,11
Versant Power,Maine,Washington,Beddington,240,243,1998.48,178560.0,2018,3
Central Maine Power,Maine,Oxford,Magalloway Plantation,72,220,640.53,52285.08,2020,11
Central Maine Power,Maine,Somerset,Rockwood Strip T1r1,11,22,31.19,8184.0,2021,12
Central Maine Power,Maine,Cumberland,Baldwin,822,1775,26443.52,612263.32,2017,10
Central Maine Power,Maine,Kennebec,Mercer,2,4,9.98,1488.0,2021,3
Central Maine Power,Maine,Knox,Rockland,4794,4984,4767.99,3504697.75,2023,7
Central Maine Power,Maine,Franklin,Salem,193,376,1751.96,110982.52,2023,9
Versant Power,Maine,Penobscot,Argyle Twp,144,432,6979.63,104389.49,2019,11
Versant Power,Maine,Penobscot,Woodville,122,370,6427.62,88474.65,2019,11
Versant Power,Maine,Penobscot,Carmel,52,123,416.56,38688.0,2019,10
Central Maine Power,Maine,Somerset,Parlin Pond,26,104,186.37,19344.0,2017,12
Central Maine Power,Maine,Somerset,Highland Plantation,45,135,1499.99,33480.0,2018,10
Eastern Maine Power Cooperative,Maine,Washington,Perry,15,167,589.27,9298.97,2020,2
Versant Power,Maine,Aroostook,Hamlin,102,106,286.39,17527.08,2018,2
Central Maine Power,Maine,Franklin,Strong,743,1375,8855.09,499588.8,2022,2
Central Maine Power,Maine,Androscoggin,Mechanic Falls,1586,1841,2255.47,1180547.56,2022,8
Eastern Maine Power Cooperative,Maine,Penobscot,Mount Chase,16,18,21.17,11136.0,2020,2
Versant Power,Maine,Unknown,T1 R9,12,25,88.34,8640.0,2017,11
Eastern Maine Power Cooperative,Maine,Washington,Danforth,2181,4044,33154.61,1567506.19,2022,4
Central Maine Power,Maine,Sagadahoc,Georgetown,1243,1333,8943.13,925213.3,2022,10
Central Maine Power,Maine,Somerset,Ripley,356,428,1506.95,264935.03,2022,5
Central Maine Power,Maine,Waldo,Islesboro,990,1694,1423.47,689568.16,2020,2
Central Maine Power,Maine,Penobscot,Newport,2106,6642,129313.24,1516334.97,2017,11
Central Maine Power,Maine,Oxford,Jay,4,6,8.85,2880.0,2022,11
Versant Power,Maine,Unknown,Oxbow Plantation,70,71,433.0,50470.83,2017,9
Eastern Maine Power Cooperative,Maine,Aroostook,Littleton,2,3,0.5,2129.29,2021,11
Versant Power,Maine,Washington,Marshfield,2,5,21.33,2131.0,2017,11
Central Maine Power,Maine,Cumberland,Old Orchard Beach,1,2,0.0,744.0,2021,10
Versant Power,Maine,Unknown,Westmanland,3546,7440,27584.32,2597528.08,2016,12
Central Maine Power,Maine,Oxford,Upton,182,915,2357.9,135686.99,2019,5
Central Maine Power,Maine,Franklin,Strong,716,1259,15095.04,516085.66,2018,11
Versant Power,Maine,Piscataquis,Sebec,511,2412,39834.18,367917.17,2020,4
Central Maine Power,Maine,Franklin,Freeman,231,492,1691.41,171864.0,2018,1
Central Maine Power,Maine,Somerset,Sapling,15,26,125.1,11160.0,2020,3
Central Maine Power,Maine,Cumberland,Naples,3640,7811,112955.49,2708335.28,2020,12
Versant Power,Maine,Washington,Deblois,65,282,4130.33,48360.0,2022,12
Central Maine Power,Maine,Oxford,Stoneham,379,383,2186.2,272956.32,2018,4
Central Maine Power,Maine,Kennebec,Rome,1111,1117,1563.9,826841.01,2019,8
Central Maine Power,Maine,Oxford,Gilead,180,245,1.15,133559.99,2023,7
Versant Power,Maine,Piscataquis,Ebeemee Twp,180,205,2215.89,133920.0,2018,10
Central Maine Power,Maine,Somerset,Brassua,1,3,17.67,720.0,2019,6
Versant Power,Maine,Hancock,Lamoine,1157,1289,16897.2,833039.96,2019,11
Eastern Maine Power Cooperative,Maine,Washington,Alexander,175,271,302.78,126000.0,2021,11
Central Maine Power,Maine,Androscoggin,Pownal,30,32,28.31,21600.0,2022,11
Versant Power,Maine,Aroostook,Blaine,349,1038,3569.66,258100.17,2017,10
Central Maine Power,Maine,Piscataquis,Abbot,560,804,3476.93,416711.67,2018,7
Versant Power,Maine,Penobscot,Cedar Lake Twp,69,276,657.01,51336.0,2021,3
Versant Power,Maine,Penobscot,Clifton,543,1444,12751.93,404006.33,2022,12
Versant Power,Maine,Washington,Deblois,64,102,499.88,47616.0,2021,3
Versant Power,Maine,Hancock,Otis,810,1672,3884.61,583323.47,2018,6
Versant Power,Maine,Aroostook,T17 R3 Wels,138,549,1132.48,102672.0,2020,10
Central Maine Power,Maine,Sagadahoc,Gardiner,5,6,5.84,3720.0,2021,7
Versant Power,Maine,Penobscot,Bradford,620,1244,2836.1,461957.48,2020,8
Central Maine Power,Maine,Oxford,Norway,3233,3798,5406.85,2405598.24,2017,12
Versant Power,Maine,Unknown,Jacksonville,37,44,309.09,27945.55,2018,3
Versant Power,Maine,Penobscot,Orono,3521,4833,68829.95,2535119.84,2019,11
Versant Power,Maine,Penobscot,Seboeis Plt,58,114,196.52,41760.0,2021,6
Versant Power,Maine,Penobscot,Hudson,826,1694,4373.82,1230554.28,2020,8
Versant Power,Maine,Piscataquis,Atkinson,183,265,634.93,132370.46,2020,9
Versant Power,Maine,Aroostook,Wade,144,286,686.0,107136.0,2020,12
Central Maine Power,Maine,Franklin,Chesterville,826,1020,7690.53,614794.05,2019,1
Versant Power,Maine,Penobscot,East Millinocket,921,1087,3033.76,685585.91,2020,12
Central Maine Power,Maine,Sagadahoc,Woolwich,1718,1752,10198.89,1237454.29,2020,9
Central Maine Power,Maine,Kennebec,Benton,1356,1998,33980.01,976319.98,2017,11
Versant Power,Maine,Aroostook,New Sweden,345,658,412.05,256680.0,2018,10
Versant Power,Maine,Aroostook,Masardis,189,429,218.49,140616.0,2019,1
Central Maine Power,Maine,Kennebec,Mercer,2,6,6.66,1488.0,2022,7
Central Maine Power,Maine,Oxford,Lincoln Plantation,88,176,992.89,61884.35,2020,2
Versant Power,Maine,Penobscot,Edinburg,66,128,1361.96,48151.83,2018,11
Central Maine Power,Maine,Somerset,New Sharon,1,3,6.2,744.0,2022,12
Central Maine Power,Maine,Oxford,Hartford,746,1026,4765.29,555024.0,2021,1
Central Maine Power,Maine,York,Berwick,3544,3750,57685.15,2637141.62,2017,10
Central Maine Power,Maine,Somerset,Brighton Plantation,49,99,254.58,36186.82,2023,8
Central Maine Power,Maine,Lincoln,Westport,623,1313,2074.25,433608.0,2020,2
Central Maine Power,Maine,Piscataquis,Elliottsville,95,217,1500.2,54009.72,2023,9
Versant Power,Maine,Penobscot,Corinna,17,136,2335.11,12240.0,2020,4
Versant Power,Maine,Aroostook,Portage,6,7,23.34,3060.0,2017,8
Central Maine Power,Maine,Piscataquis,Wellington,177,359,4245.97,131688.0,2018,5
Central Maine Power,Maine,York,Wells,10665,22676,295396.61,7935222.87,2023,1
Central Maine Power,Maine,Penobscot,Newport,2180,2224,5330.36,1465000.85,2022,2
Central Maine Power,Maine,Somerset,Embden,956,1144,6512.06,711263.99,2019,1
Eastern Maine Power Cooperative,Maine,Aroostook,Orient,225,235,88.52,162823.79,2023,4
Versant Power,Maine,Hancock,Aurora,107,338,4941.33,77283.61,2020,4
Central Maine Power,Maine,Waldo,Montville,595,773,605.79,429021.71,2022,6
Versant Power,Maine,Penobscot,Woodville,119,135,424.67,85680.0,2020,11
Central Maine Power,Maine,Oxford,Magalloway Plantation,76,384,1149.72,56544.0,2021,12
Central Maine Power,Maine,Somerset,The Forks Plantation,209,228,2412.6,155869.84,2018,10
Central Maine Power,Maine,Cumberland,Casco,3044,9228,105170.42,2264890.89,2020,12
Central Maine Power,Maine,Oxford,Fryeburg,2259,2801,8979.26,1627056.47,2019,4
Versant Power,Maine,Penobscot,Burlington,260,390,783.23,193440.0,2023,1
Versant Power,Maine,Hancock,Swans Island,521,2072,9381.76,387860.31,2021,7
Versant Power,Maine,Unknown,T 3 R 9 Nwp,1,3,10.0,720.0,2019,4
Versant Power,Maine,Hancock,Eastbrook,500,683,4698.45,372000.0,2018,3
Central Maine Power,Maine,Franklin,Eustis,905,1172,2146.6,673781.96,2022,5
Central Maine Power,Maine,Piscataquis,Monson,615,830,1425.18,413715.51,2023,2
Central Maine Power,Maine,Piscataquis,Harfords Point,143,214,259.17,106392.0,2018,8
Central Maine Power,Maine,Lincoln,Bremen,675,1009,829.66,502401.22,2022,3
Central Maine Power,Maine,Somerset,Long Pond,93,94,187.97,67577.82,2018,4
Eastern Maine Power Cooperative,Maine,Penobscot,Springfield,1145,3575,9394.83,851879.98,2022,12
Versant Power,Maine,Piscataquis,Ebeemee Twp,182,291,665.75,135408.0,2019,10
Central Maine Power,Maine,York,Berwick,3586,5666,18196.32,2582837.95,2017,9
Versant Power,Maine,Penobscot,Maxfield,60,140,2277.84,43200.0,2017,11
Central Maine Power,Maine,Oxford,Magalloway Plantation,73,296,2553.33,54527.0,2017,10
Central Maine Power,Maine,Somerset,Brassua,1,2,3.92,744.0,2021,10
Central Maine Power,Maine,Oxford,Upton,189,382,6049.73,140818.52,2022,12
Central Maine Power,Maine,Cumberland,Scarborough,10362,17857,211876.7,7656992.74,2017,10
Versant Power,Maine,Washington,East Machias,100,125,359.7,75693.33,2017,12
Versant Power,Maine,Penobscot,Stacyville,144,145,412.04,103775.77,2021,9
Central Maine Power,Maine,Somerset,Moxie Gore,26,52,161.25,17472.0,2022,2
Eastern Maine Power Cooperative,Maine,Aroostook,Reed,144,200,0.0,106630.09,2023,5
Central Maine Power,Maine,Somerset,The Forks Plantation,208,1631,27003.53,155208.67,2017,12
Versant Power,Maine,Penobscot,Alton,418,1704,3118.25,311148.7,2020,8
Central Maine Power,Maine,Androscoggin,Wales,786,1264,16899.43,584853.32,2017,10
Central Maine Power,Maine,Somerset,Brassua,1,2,1.67,720.0,2020,9
Versant Power,Maine,Penobscot,Medway,782,1353,2478.98,525946.98,2022,2
Versant Power,Maine,Unknown,Wallagrass Plt,387,390,775.34,287928.0,2019,3
Central Maine Power,Maine,Oxford,Milton,76,192,2688.31,54720.0,2020,4
Versant Power,Maine,Penobscot,Hudson,816,1372,2206.9,1214208.0,2018,10
Versant Power,Maine,Washington,East Machias,919,948,8982.67,684337.64,2022,12
Versant Power,Maine,Hancock,Bass Harbor,454,927,8480.67,338098.5,2017,10
Eastern Maine Power Cooperative,Maine,Aroostook,Hodgdon,60,245,556.36,44368.73,2022,12
Central Maine Power,Maine,Kennebec,Rome,1096,3714,55382.37,789119.98,2017,11
Versant Power,Maine,Hancock,Sorrento,338,1022,10602.05,251744.31,2019,10
Versant Power,Maine,Unknown,T4 Indian Purchase,23,34,99.25,16896.96,2019,11
Versant Power,Maine,Aroostook,T9 R5 Wels,2,4,39.33,1488.0,2020,12
Versant Power,Maine,Unknown,Ashville,1991,3833,35621.36,731185.17,2017,2
Central Maine Power,Maine,Lincoln,Westport,619,785,3358.75,416133.97,2019,2
Versant Power,Maine,Hancock,Stonington,1171,1185,245.67,787499.32,2018,2
Versant Power,Maine,Aroostook,Sherman,372,503,902.83,201933.17,2017,8
Central Maine Power,Maine,Oxford,Peru,1032,1195,22318.65,768028.59,2020,12
Central Maine Power,Maine,Somerset,Taunton & Raynham Academy Grant,584,1841,6849.29,421040.11,2019,4
Central Maine Power,Maine,Kennebec,Palermo,3,6,12.41,2160.0,2021,6
Versant Power,Maine,Washington,Trescott Twp,191,195,1114.95,142382.48,2018,10
Central Maine Power,Maine,Kennebec,West Gardiner,1925,2284,5114.58,1386429.79,2020,11
Versant Power,Maine,Piscataquis,Sebec,535,639,4424.3,297370.24,2023,9
Central Maine Power,Maine,Waldo,Islesboro,1015,1481,5099.29,698015.24,2023,6
Central Maine Power,Maine,Hancock,Castine,770,791,7047.77,573318.02,2019,10
Versant Power,Maine,Penobscot,Dedham,1327,1634,991.46,987484.15,2021,1
Versant Power,Maine,Hancock,Sorrento,348,463,2185.88,250560.0,2022,11
Central Maine Power,Maine,Androscoggin,Durham,1821,2270,9466.08,1354972.83,2018,10
Central Maine Power,Maine,Penobscot,Levant,1371,1812,7905.54,987107.85,2020,11
Versant Power,Maine,Aroostook,T17 R3 Wels,136,271,992.24,101745.69,2023,3
Central Maine Power,Maine,Franklin,Chesterville,828,960,1444.84,616032.0,2018,7
Central Maine Power,Maine,Oxford,Lower Cupsuptic,13,16,10.44,9360.0,2022,11
Central Maine Power,Maine,Piscataquis,Parkman,483,514,318.89,359704.99,2018,1
Versant Power,Maine,Aroostook,Limestone,851,888,1379.28,612720.0,2019,9
Versant Power,Maine,Unknown,Hancock Point,33,66,1067.32,24552.0,2019,10
Eastern Maine Power Cooperative,Maine,Washington,Unknown,737,2444,3031.58,545585.35,2018,3
Versant Power,Maine,Hancock,Eastbrook,503,593,1108.63,374544.44,2021,7
Central Maine Power,Maine,Oxford,Dixfield,1291,3543,29507.24,960826.9,2022,12
Central Maine Power,Maine,Oxford,Adamstown,65,66,161.76,48360.0,2023,3
Versant Power,Maine,Piscataquis,Ebeemee Twp,179,363,368.04,133223.35,2021,3
Central Maine Power,Maine,Cumberland,Harpswell,4648,15082,195656.52,3458548.83,2019,10
Central Maine Power,Maine,Kennebec,Albion,1082,1785,31278.85,779039.99,2017,11
Central Maine Power,Maine,Franklin,Phillips,686,1554,2578.93,511108.16,2018,7
Versant Power,Maine,Washington,Machiasport,155,161,236.93,115357.5,2017,12
Central Maine Power,Maine,York,York,10547,19201,73403.28,7847413.59,2019,7
Central Maine Power,Maine,Oxford,Waterford,1462,2548,23165.33,1053061.12,2019,11
Central Maine Power,Maine,Oxford,Stow,261,1594,24553.46,194469.93,2022,12
Central Maine Power,Maine,Piscataquis,Kineo,35,70,110.84,26040.0,2020,5
Central Maine Power,Maine,Penobscot,Kenduskeag,134,135,810.34,100022.16,2020,8
Versant Power,Maine,Piscataquis,Ebeemee Twp,183,419,718.37,101974.78,2023,9
Versant Power,Maine,Penobscot,Alton,417,615,698.12,310310.21,2023,3
Versant Power,Maine,Hancock,Sorrento,346,462,615.95,257863.32,2022,3
Central Maine Power,Maine,Oxford,Upton,181,367,2984.83,135038.0,2017,10
Central Maine Power,Maine,Oxford,Woodstock,1013,1077,6193.35,729450.16,2018,11
Central Maine Power,Maine,Oxford,Milton,78,101,400.67,52493.52,2022,2
Versant Power,Maine,Aroostook,Portage Lake,545,1097,9997.31,405532.03,2022,12
Central Maine Power,Maine,Penobscot,Levant,1366,1410,486.19,983736.43,2020,6
Central Maine Power,Maine,Waldo,Brooks,607,1453,20985.89,437040.0,2017,11
Versant Power,Maine,Penobscot,Winn,234,569,3064.46,174831.3,2020,12
Versant Power,Maine,Unknown,Cathance Twp,16926,17113,20882.75,2974265.27,2016,12
Versant Power,Maine,Penobscot,Chester,321,487,3033.6,239383.52,2022,12
Versant Power,Maine,Penobscot,T3 Indian Purchase Twp,146,468,6952.09,73217.58,2020,4
Versant Power,Maine,Hancock,Great Pond,55,165,2177.84,40920.0,2017,10
Central Maine Power,Maine,Lincoln,Jefferson,1795,4645,69404.46,1335645.96,2017,10
Central Maine Power,Maine,Cumberland,Scarborough,12126,12249,107792.07,9022114.98,2022,12
Versant Power,Maine,Washington,Beals,397,798,12.48,285840.0,2018,6
Central Maine Power,Maine,York,Berwick,3845,7886,103317.42,2861084.37,2022,12
Versant Power,Maine,Unknown,"T17, R3, 12",93,1260,12782.68,64518.82,2019,11
Versant Power,Maine,Piscataquis,Williamsburg Twp,51,431,9144.5,36720.0,2017,11
Versant Power,Maine,Unknown,Lakeview Plt,451,551,1465.19,325075.95,2019,4
Central Maine Power,Maine,Kennebec,Clinton,1702,3372,56751.63,1266318.32,2017,10
Central Maine Power,Maine,Piscataquis,Dover-foxcroft,2634,3056,20307.5,1960098.04,2018,10
Central Maine Power,Maine,Kennebec,Whitefield,3,4,2.5,2160.0,2021,6
Versant Power,Maine,Aroostook,Madawaska,2530,3620,4263.59,1821581.68,2021,11
Central Maine Power,Maine,Oxford,Adamstown,62,168,869.65,46803.97,2021,3
Central Maine Power,Maine,Piscataquis,Wellington,177,344,4683.55,127664.67,2018,11
Versant Power,Maine,Washington,Columbia Falls,227,670,3427.04,168239.09,2018,3
Versant Power,Maine,Penobscot,Seboeis Plt,57,110,154.51,41204.19,2022,11
Central Maine Power,Maine,Oxford,Lincoln Plantation,88,182,583.03,63360.0,2021,4
Central Maine Power,Maine,York,South Berwick,3293,3551,19146.59,2370959.9,2017,11
Central Maine Power,Maine,Kennebec,Hallowell,1547,4235,55782.0,1150970.31,2017,10
Versant Power,Maine,Waldo,Winterport,300,1062,16013.65,216274.75,2020,4
Versant Power,Maine,Washington,Addison,877,956,381.01,634930.98,2023,7
Central Maine Power,Maine,Franklin,Eustis,919,923,706.94,681469.78,2023,8
Versant Power,Maine,Piscataquis,Sebec,539,1135,1868.92,399447.96,2023,5
Central Maine Power,Maine,Somerset,Lexington,158,763,12201.52,117675.04,2020,12
Versant Power,Maine,Hancock,Penobscot,84,107,839.88,60480.0,2019,11
Central Maine Power,Maine,Kennebec,Winthrop,3762,10203,143583.4,2708923.87,2017,11
Central Maine Power,Maine,Somerset,Lexington,155,280,699.88,115320.0,2018,7
Eastern Maine Power Cooperative,Maine,Washington,Robbinston,1188,1571,2005.8,678683.38,2023,9
Central Maine Power,Maine,Cumberland,Pownal,811,2339,30734.9,603440.47,2020,12
Central Maine Power,Maine,Waldo,Northport,1388,1652,2777.27,995702.46,2023,6
Versant Power,Maine,Penobscot,Exeter,515,519,357.27,383160.0,2022,7
Central Maine Power,Maine,Somerset,Hartland,1234,1843,2759.43,889050.53,2023,4
Central Maine Power,Maine,Somerset,Anson,697,1384,21511.32,518572.67,2017,10
Versant Power,Maine,Penobscot,Hudson,816,4952,98056.1,1175039.98,2017,11
Central Maine Power,Maine,Oxford,Newry,1631,3462,40881.81,1213734.43,2021,3
Versant Power,Maine,Penobscot,Veazie,928,932,930.02,690592.47,2019,5
Central Maine Power,Maine,Oxford,Milton,79,239,3076.66,58776.0,2022,12
Central Maine Power,Maine,Somerset,Cambridge,287,458,2857.28,214269.15,2022,12
Versant Power,Maine,Hancock,Mount Desert,708,969,12529.64,526751.98,2019,10
Versant Power,Maine,Penobscot,Hudson,816,1722,3787.4,1214208.0,2018,5
Eastern Maine Power Cooperative,Maine,Aroostook,Hodgdon,60,84,0.0,44614.83,2023,5
Central Maine Power,Maine,Lincoln,Southport,1023,1129,12767.84,736559.97,2017,11
Central Maine Power,Maine,Somerset,St Albans,1368,1908,3697.99,985693.16,2017,9
Central Maine Power,Maine,Somerset,Tomhegan,181,201,532.34,130320.0,2020,4
Versant Power,Maine,Hancock,Surry,1185,1539,1764.47,881640.0,2018,10
Versant Power,Maine,Aroostook,Wade,142,151,64.51,105648.0,2018,5
Eastern Maine Power Cooperative,Maine,Aroostook,Amity,519,883,791.75,386136.0,2022,12
Versant Power,Maine,Piscataquis,Williamsburg Twp,57,78,225.55,42408.0,2022,8
Versant Power,Maine,Aroostook,Winterville,237,489,555.95,170640.0,2018,9
Eastern Maine Power Cooperative,Maine,Aroostook,Hersey,31,95,0.0,21826.9,2022,9
Versant Power,Maine,Penobscot,Charleston,614,891,1398.35,456816.0,2019,8
Central Maine Power,Maine,Somerset,Taunton & Raynham Academy Grant,584,607,2161.16,434916.15,2020,3
Central Maine Power,Maine,Piscataquis,Little Squaw,152,340,484.87,113088.0,2020,5
Central Maine Power,Maine,Androscoggin,New Gloucester,5,6,59.67,3820.15,2022,10
Central Maine Power,Maine,Knox,St George,2365,3159,5971.1,1759802.12,2021,3
Central Maine Power,Maine,Piscataquis,Frenchtown,113,339,984.84,81360.0,2022,4
Central Maine Power,Maine,Somerset,TAUNTON   RAYNHAM ACADEMY GRANT,610,1267,2086.25,454309.85,2022,10
Central Maine Power,Maine,York,Parsonsfield,1248,3583,64268.18,898559.97,2017,11
Versant Power,Maine,Penobscot,Woodville,128,526,3089.25,95232.0,2022,12
Versant Power,Maine,Hancock,Great Pond,49,55,128.67,3153.67,2017,9
Versant Power,Maine,Aroostook,Frenchville,621,706,16404.67,417312.0,2018,2
Central Maine Power,Maine,Franklin,Chesterville,833,2013,32229.77,620200.59,2020,12
Central Maine Power,Maine,Franklin,Sandy River Plantation,382,440,549.95,284773.01,2021,1
Versant Power,Maine,Aroostook,New Limerick,14,434,10416.0,10416.0,2018,1
Central Maine Power,Maine,Piscataquis,Willimantic,284,320,2161.36,211296.0,2022,10
Central Maine Power,Maine,Androscoggin,Livermore Falls,1695,3059,4717.2,970060.5,2023,5
Central Maine Power,Maine,Oxford,Canton,521,590,5244.04,387768.7,2018,1
Versant Power,Maine,Penobscot,Howland,672,690,898.1,500046.49,2023,3
Central Maine Power,Maine,Somerset,Jackman,815,2035,4952.72,587440.85,2021,4
Versant Power,Maine,Unknown,Lakeview Plantation,454,9819,223627.5,327172.0,2017,11
Versant Power,Maine,Washington,Beals,403,507,186.72,299904.17,2020,10
Central Maine Power,Maine,Franklin,New Vineyard,512,854,2600.3,381391.33,2017,8
Versant Power,Maine,Aroostook,Smyrna Mills,61,91,0.0,45310.54,2019,8
Versant Power,Maine,Unknown,Wallagrass Plt,387,418,780.23,279267.15,2019,4
Central Maine Power,Maine,Franklin,Stetsontown,72,169,782.61,50112.0,2020,2
Central Maine Power,Maine,Piscataquis,Sebec,17,41,89.78,12648.0,2018,5
Central Maine Power,Maine,Androscoggin,Greene,2141,6162,60371.42,1541519.95,2017,11
Versant Power,Maine,Washington,Pleasant Point,243,271,1023.68,180792.0,2019,12
Central Maine Power,Maine,Knox,Union,1453,4519,51887.97,1081492.08,2019,10
Central Maine Power,Maine,Kennebec,Wayne,945,2580,29483.29,703741.19,2020,12
Versant Power,Maine,Aroostook,Frenchville,626,1210,1402.55,465747.3,2020,10
Versant Power,Maine,Piscataquis,Ebeemee Twp,181,365,706.07,134899.82,2019,5
Central Maine Power,Maine,Oxford,Milton,77,101,133.91,56121.01,2022,6
Central Maine Power,Maine,Oxford,Stoneham,360,369,806.04,259200.0,2023,4
Central Maine Power,Maine,Sagadahoc,Phippsburg,2023,4628,24452.72,1505216.13,2018,3
Central Maine Power,Maine,Piscataquis,Big Squaw,66,70,76.96,49104.0,2019,1
Versant Power,Maine,Aroostook,Crystal,108,122,261.27,80352.0,2018,12
Central Maine Power,Maine,Sagadahoc,Phippsburg,2103,4183,6654.09,1509445.6,2023,6
Versant Power,Maine,Piscataquis,T4 R9 Nwp,3,6,11.01,2160.0,2022,4
Central Maine Power,Maine,Knox,Appleton,772,834,628.34,574794.16,2022,7
Central Maine Power,Maine,Piscataquis,Sebec,17,28,65.5,12240.0,2017,11
Central Maine Power,Maine,Franklin,Rangeley Plantation,567,603,3686.24,422449.68,2020,12
Versant Power,Maine,Piscataquis,Brownville,879,1752,1483.35,518975.03,2023,5
Central Maine Power,Maine,Waldo,Northport,1386,2568,32226.75,1031545.04,2022,12
Central Maine Power,Maine,Lincoln,Westport,623,762,4242.61,448560.0,2019,6
Central Maine Power,Maine,Oxford,Greenwood,884,1401,14126.67,636702.33,2018,11
Versant Power,Maine,Penobscot,Maxfield,60,120,559.9,44640.0,2018,10
Central Maine Power,Maine,Cumberland,Harpswell,4645,4901,2367.33,3455919.11,2019,5
Central Maine Power,Maine,Somerset,Long Pond,92,179,209.3,68174.71,2023,8
Eastern Maine Power Cooperative,Maine,Aroostook,Orient,38,127,372.35,25752.26,2022,2
Eastern Maine Power Cooperative,Maine,Penobscot,Webster,1041,1049,1207.98,774777.02,2022,10
Central Maine Power,Maine,Franklin,New Vineyard,527,1999,33032.13,392401.62,2020,12
Central Maine Power,Maine,Androscoggin,Durham,1822,2300,21367.55,1311839.97,2018,9
Central Maine Power,Maine,Franklin,New Vineyard,520,1527,16946.79,374399.98,2019,11
Central Maine Power,Maine,Somerset,The Forks Plantation,209,1531,33488.5,150492.17,2017,11
Versant Power,Maine,Hancock,Brooksville,1025,1257,837.72,738000.0,2021,11
Versant Power,Maine,Aroostook,Bridgewater,1,5,29.33,1191.0,2017,8
Central Maine Power,Maine,Cumberland,Raymond,3365,10449,125761.1,2422799.76,2017,11
Versant Power,Maine,Hancock,Winter Harbor,611,706,5264.47,343722.35,2023,9
Versant Power,Maine,Washington,T30 Md Bpp,1,2,1.17,744.0,2020,7
Versant Power,Maine,Hancock,Lamoine,1220,1276,674.25,908213.09,2023,3
Versant Power,Maine,Penobscot,Lagrange,32,51,100.0,23564.0,2017,9
Central Maine Power,Maine,Kennebec,Rome,1098,2456,36171.12,817649.0,2017,10
Central Maine Power,Maine,York,Lyman,2352,2954,31399.25,1750422.96,2020,12
Versant Power,Maine,Washington,Perry,419,498,877.63,301559.37,2017,11
Eastern Maine Power Cooperative,Maine,Washington,Topsfield,7,8,9.38,5390.83,2021,9
Central Maine Power,Maine,Oxford,Sumner,576,751,7435.92,414878.84,2018,11
Versant Power,Maine,Unknown,Oxbow Plantation,71,186,4464.0,52824.0,2018,1
Central Maine Power,Maine,Lincoln,Newcastle,1280,1612,6811.95,891362.13,2020,2
Central Maine Power,Maine,Franklin,Avon,308,316,692.72,229152.0,2019,12
Eastern Maine Power Cooperative,Maine,Penobscot,Unknown,92,417,1018.16,69052.58,2018,3
Versant Power,Maine,Unknown,Crystal,3107,3108,3688.9,966964.07,2016,12
Versant Power,Maine,Unknown,Grand Falls Twp,17,34,51.0,12240.0,2017,11
Central Maine Power,Maine,Knox,St George,2406,2711,2938.19,1790323.03,2023,1
Central Maine Power,Maine,Oxford,Stow,224,950,9270.33,161777.33,2018,11
Central Maine Power,Maine,Franklin,Salem,192,802,7306.11,143557.98,2021,3
Versant Power,Maine,Hancock,Aurora,113,162,130.87,84335.29,2020,3
Eastern Maine Power Cooperative,Maine,Aroostook,Reed,194,824,5053.13,144336.0,2022,12
Central Maine Power,Maine,Franklin,Stetsontown,70,145,148.12,50436.54,2022,11
Central Maine Power,Maine,Piscataquis,Elliottsville,96,97,0.18,71152.18,2023,7
Versant Power,Maine,Aroostook,Fort Kent,2445,2681,3800.64,1811360.57,2023,5
Versant Power,Maine,Aroostook,Smyrna Mills,92,2760,66240.0,66240.0,2017,11
Central Maine Power,Maine,Lincoln,Westport,623,641,1635.77,463512.0,2019,7
Central Maine Power,Maine,Kennebec,Pittston,1475,2115,2438.05,1062549.55,2021,9
Central Maine Power,Maine,Somerset,Tomhegan,238,646,1300.66,177072.0,2022,3
Versant Power,Maine,Washington,Pleasant Point,340,676,532.41,244800.0,2020,6
Central Maine Power,Maine,Oxford,Magalloway Plantation,73,397,5721.24,52560.0,2019,11
Versant Power,Maine,Penobscot,Argyle Twp,146,443,5800.81,109183.2,2022,12
Versant Power,Maine,Hancock,Sedgwick,773,1139,6923.81,556559.99,2019,11
Central Maine Power,Maine,York,Shapleigh,2436,3515,11501.74,1812588.0,2022,7
Central Maine Power,Maine,Knox,Friendship,978,1018,4195.35,559296.09,2023,9
Versant Power,Maine,Aroostook,Fort Fairfield,28,81,205.51,20897.33,2017,9
Central Maine Power,Maine,Penobscot,Newport,2168,2230,2697.44,1613113.17,2021,7
Versant Power,Maine,Aroostook,Garfield,31,61,91.53,23003.73,2018,10
Versant Power,Maine,Piscataquis,Ebeemee Twp,183,368,0.0,134768.77,2023,5
Central Maine Power,Maine,Oxford,Magalloway Plantation,75,110,280.56,54000.0,2021,6
Central Maine Power,Maine,Penobscot,Corinth,20,22,81.22,14400.0,2021,11
Central Maine Power,Maine,Somerset,Highland Plantation,45,137,1142.22,32400.0,2018,11
Central Maine Power,Maine,Piscataquis,Beaver Cove Plantation,264,800,903.42,196946.49,2020,5
Versant Power,Maine,Unknown,T17 R4,565,581,287.0,420549.91,2018,7
Central Maine Power,Maine,Penobscot,Corinth,19,22,68.48,14127.18,2018,6
Central Maine Power,Maine,Franklin,Madrid,209,338,1186.06,120017.1,2023,9
Versant Power,Maine,Washington,Harrington,31,597,13770.5,22320.0,2017,11
Versant Power,Maine,Aroostook,Nashville Plt,34,70,34.68,25276.32,2022,12
Central Maine Power,Maine,Piscataquis,Elliottsville,94,95,218.47,69945.98,2021,10
Central Maine Power,Maine,Oxford,Stoneham,380,498,2692.89,282975.82,2018,5
Central Maine Power,Maine,Knox,Appleton,775,2178,17687.45,577144.52,2022,12
Central Maine Power,Maine,Somerset,Brassua,1,2,5.17,720.0,2018,9
Versant Power,Maine,Aroostook,Benedicta Twp,190,324,265.67,141360.0,2021,7
Versant Power,Maine,Penobscot,Corinth,1423,1425,1860.02,1025047.27,2022,9
Central Maine Power,Maine,Somerset,East Moxie,18,36,57.01,13392.0,2022,3
Versant Power,Maine,Hancock,Tremont,234,349,1309.49,168480.0,2017,11
Central Maine Power,Maine,Piscataquis,Harfords Point,142,143,240.62,106339.66,2019,8
Central Maine Power,Maine,Somerset,Sapling,24,48,242.34,16128.0,2022,2
Central Maine Power,Maine,Androscoggin,Greene,2195,3229,5882.46,1580782.32,2018,11
Versant Power,Maine,Hancock,Eastbrook,507,1012,2733.72,377888.68,2021,12
Central Maine Power,Maine,Somerset,Smithfield,849,869,6640.65,478966.41,2023,9
Versant Power,Maine,Penobscot,Woodville,121,363,2891.4,87564.35,2020,4
Versant Power,Maine,Unknown,T1 R8 Wels,5810,11935,52531.4,4173668.29,2017,6
Central Maine Power,Maine,Somerset,Moscow,406,418,1.2,301443.38,2023,7
Central Maine Power,Maine,Franklin,Strong,712,725,8733.0,529728.0,2017,10
Central Maine Power,Maine,Oxford,Gilead,175,3782,90768.0,130200.0,2017,12
Central Maine Power,Maine,Hancock,Orland,1544,1628,5312.52,1111986.65,2018,11
Versant Power,Maine,Penobscot,Stillwater,178,185,215.47,132432.0,2018,7
Versant Power,Maine,Hancock,Otis,830,1222,9077.17,617519.99,2019,10
Versant Power,Maine,Aroostook,Monticello,327,723,2324.0,243385.33,2017,10
Central Maine Power,Maine,York,Waterboro,3890,5653,100094.06,2894482.27,2017,10
Central Maine Power,Maine,Oxford,Lower Cupsuptic,8,16,150.67,5952.0,2018,10
Central Maine Power,Maine,Oxford,Hartford,747,1531,24947.08,556507.03,2020,12
Central Maine Power,Maine,Kennebec,Monmouth,2381,2997,29186.58,1772157.57,2020,12
Versant Power,Maine,Unknown,T9 Sd,1,16,0.0,1032.12,2020,4
Central Maine Power,Maine,Franklin,Lang,62,64,21.52,46181.99,2019,12
Central Maine Power,Maine,Androscoggin,Leeds,1162,1402,6709.86,864725.63,2019,10
Central Maine Power,Maine,Penobscot,Troy,1,2,4.0,744.0,2022,10
Central Maine Power,Maine,Oxford,Dixfield,1257,2084,24857.33,905569.62,2020,4
Central Maine Power,Maine,Franklin,Strong,745,1314,6986.9,554998.97,2022,12
Eastern Maine Power Cooperative,Maine,Washington,Waite,149,174,86.88,109843.43,2020,3
Eastern Maine Power Cooperative,Maine,Washington,Wesley,317,351,1337.92,235943.65,2021,12
Central Maine Power,Maine,Waldo,Freedom,390,1559,29587.26,280799.99,2020,4
Central Maine Power,Maine,Piscataquis,Harfords Point,146,149,120.51,108624.0,2022,12
Central Maine Power,Maine,Oxford,Lincoln Plantation,88,429,3611.42,63360.0,2018,11
Versant Power,Maine,Unknown,Trenton,5,83,150.68,3811.67,2017,9
Versant Power,Maine,Unknown,Wade,0,16,0.0,318.67,2017,9
Eastern Maine Power Cooperative,Maine,Aroostook,Reed,194,383,63.63,139680.0,2022,4
Central Maine Power,Maine,Franklin,Dallas Plantation,482,712,4770.36,358796.34,2020,7
Versant Power,Maine,Unknown,Oxbow Plantation,71,205,807.46,51754.16,2018,11
Central Maine Power,Maine,Piscataquis,Frenchtown,110,334,361.82,82370.49,2020,5
Central Maine Power,Maine,Lincoln,Westport,613,3163,34084.99,441359.99,2017,11
Versant Power,Maine,Piscataquis,Bowerbank,343,691,111.75,255731.33,2019,8
Central Maine Power,Maine,Kennebec,West Gardiner,1829,4699,61656.41,1317050.26,2017,11
Central Maine Power,Maine,Kennebec,Winthrop,3795,6565,52923.31,2732482.73,2020,4
Central Maine Power,Maine,Somerset,Caratunk Plantation,173,342,4677.25,124560.0,2019,11
Versant Power,Maine,Hancock,Penobscot,59,85,194.16,42480.0,2020,9
Versant Power,Maine,Washington,Trescott Twp,198,315,1027.4,147427.43,2019,10
Central Maine Power,Maine,Oxford,Adamstown,69,264,2263.0,51336.0,2017,10
Eastern Maine Power Cooperative,Maine,Aroostook,Moro Plantation,116,197,982.76,63167.49,2023,9
Central Maine Power,Maine,Kennebec,Vienna,456,494,533.58,339264.0,2020,7
Versant Power,Maine,Washington,Harrington,1,2,3.17,602.33,2017,8
Central Maine Power,Maine,Franklin,Stetsontown,72,144,242.9,53568.0,2021,5
Versant Power,Maine,Unknown,T19 Md Bpp,9,252,6048.0,6048.0,2018,2
Central Maine Power,Maine,Kennebec,Whitefield,3,9,70.31,2232.0,2022,12
Versant Power,Maine,Penobscot,Patten,381,382,0.0,283852.49,2018,8
Central Maine Power,Maine,Somerset,Bingham,628,1292,3816.31,467232.0,2017,12
Versant Power,Maine,Unknown,T4 R9 Nwp,2622,2628,8190.82,782833.33,2016,12
Versant Power,Maine,Hancock,Stonington,1181,1272,1976.96,793631.99,2019,2
Central Maine Power,Maine,Somerset,Dennistown Plantation,22,23,103.5,16709.66,2020,1
Central Maine Power,Maine,Waldo,Frankfort,736,1940,34833.68,529919.98,2020,4
Versant Power,Maine,Unknown,Pretty Marsh,101,110,128.59,72720.0,2018,4
Central Maine Power,Maine,Androscoggin,Leeds,1157,1217,1142.18,833249.57,2019,9
Central Maine Power,Maine,Sagadahoc,Woolwich,1654,4790,64537.84,1230689.66,2017,10
Versant Power,Maine,Hancock,Eastbrook,500,999,13672.8,372699.32,2019,10
Central Maine Power,Maine,Piscataquis,Little Squaw,151,286,1139.66,108720.0,2017,11
Versant Power,Maine,Hancock,Gouldsboro,1341,1757,20840.9,965702.75,2020,4
Versant Power,Maine,Piscataquis,Sebec,515,579,1432.37,383359.14,2021,5
Versant Power,Maine,Aroostook,Littleton,360,1160,3477.66,195570.33,2017,10
Central Maine Power,Maine,Oxford,Norway,3249,3343,885.48,2339852.98,2019,9
Central Maine Power,Maine,Piscataquis,Willimantic,281,283,400.07,209301.29,2021,10
Central Maine Power,Maine,Piscataquis,Bowerbank,29,116,251.29,20880.0,2019,6
Versant Power,Maine,Unknown,Hamlin,135,140,105.23,28246.82,2017,4
Versant Power,Maine,Aroostook,Monticello,339,352,43.45,252216.0,2018,8
Central Maine Power,Maine,Oxford,Magalloway Plantation,74,148,1448.53,53280.0,2023,4
Eastern Maine Power Cooperative,Maine,Washington,Alexander,289,399,2049.21,161148.56,2023,9
Central Maine Power,Maine,Somerset,West Forks Plantation,121,242,282.34,90262.02,2020,10
Eastern Maine Power Cooperative,Maine,Washington,Charlotte,1259,1267,646.2,906480.0,2022,11
Versant Power,Maine,Penobscot,Bangor,1395,21639,316744.47,961988.77,2017,10
Versant Power,Maine,Penobscot,Greenbush,741,1484,5821.35,551561.13,2020,12
Versant Power,Maine,Aroostook,Silver Ridge,47,1457,34968.0,34968.0,2018,3
Central Maine Power,Maine,Somerset,Rockwood Strip T1r1,10,31,66.15,7815.67,2018,10
Versant Power,Maine,Hancock,Fletchers Landing Twp,22,23,11.49,16422.83,2019,9
Central Maine Power,Maine,Waldo,Searsmont,871,4743,76824.0,627119.96,2020,4
Central Maine Power,Maine,Franklin,Carthage,350,962,1753.23,251285.22,2023,4
Versant Power,Maine,Washington,Marion Twp,20,26,43.67,15090.48,2017,11
Central Maine Power,Maine,Piscataquis,Big Squaw,68,69,57.23,50956.64,2019,3
Central Maine Power,Maine,Somerset,Rockwood Strip T1r1,11,22,71.5,7920.0,2018,9
Versant Power,Maine,Hancock,Deer Isle,1945,2661,14578.32,1053538.94,2023,9
Versant Power,Maine,Aroostook,Chapman,148,149,61.92,99484.66,2018,2
Central Maine Power,Maine,Sagadahoc,Bath,4960,5684,82549.38,3571199.9,2017,11
Versant Power,Maine,Penobscot,Levant,24,40,901.01,17856.0,2017,12
Central Maine Power,Maine,Somerset,Dennistown Plantation,26,147,425.13,19344.0,2021,3
Central Maine Power,Maine,Somerset,Misery Gore,10,280,6720.0,6720.0,2018,2
Versant Power,Maine,Aroostook,Portage,534,1096,4680.75,384480.0,2018,11
Central Maine Power,Maine,Kennebec,Wayne,945,2018,7611.63,680881.51,2019,11
Central Maine Power,Maine,Waldo,Searsmont,872,1093,9143.83,627851.64,2020,9
Central Maine Power,Maine,Somerset,Tomhegan,238,276,1536.93,171360.0,2022,4
Versant Power,Maine,Aroostook,T28 Md Bpp,24,48,27.97,17856.0,2020,7
Central Maine Power,Maine,Oxford,Hebron,546,1119,2397.18,393749.32,2018,9
Eastern Maine Power Cooperative,Maine,Aroostook,Merrill,114,160,176.24,76608.0,2023,2
Versant Power,Maine,Penobscot,Eddington,1258,1412,536.13,905914.41,2021,11
Versant Power,Maine,Hancock,Aurora,103,281,739.47,69216.0,2022,2
Central Maine Power,Maine,Oxford,Otisfield,1418,1712,2820.14,1021086.41,2022,6
Central Maine Power,Maine,Hancock,Ellsworth,5,10,2.0,3480.0,2020,2
Versant Power,Maine,Washington,Milbridge,78,250,1022.5,58032.0,2017,10
Central Maine Power,Maine,Somerset,Industry,15,31,162.36,11160.0,2021,3
Versant Power,Maine,Washington,East Machias,435,479,1717.61,323640.0,2018,7
Central Maine Power,Maine,Franklin,Rangeley,1875,3881,30048.05,1395403.24,2020,7
Central Maine Power,Maine,Piscataquis,Sebec,17,34,31.09,12648.0,2019,3
Central Maine Power,Maine,Franklin,Davis,36,72,304.85,26784.0,2021,3
Versant Power,Maine,Hancock,Castine,1,2,1.0,744.0,2022,10
Versant Power,Maine,Hancock,Bernard,203,211,967.35,151032.0,2018,3
Central Maine Power,Maine,Androscoggin,Minot,1249,3286,31705.96,899858.8,2020,4
Versant Power,Maine,Penobscot,Dixmont,115,276,905.39,82800.0,2019,6
Versant Power,Maine,Penobscot,Clifton,553,1186,5164.47,372034.08,2022,2
Versant Power,Maine,Aroostook,Smyrna Mills,92,184,103.31,66240.0,2018,11
Versant Power,Maine,Penobscot,T4 Indian Purchase Twp,256,515,5437.6,146462.8,2023,9
Central Maine Power,Maine,Waldo,Prospect,395,397,133.31,293880.0,2022,3
Central Maine Power,Maine,Somerset,Misery Gore,10,14,146.52,7200.0,2020,4
Versant Power,Maine,Piscataquis,Williamsburg Twp,59,122,103.89,33790.92,2023,5
Central Maine Power,Maine,Somerset,Caratunk Plantation,181,256,551.88,130320.0,2022,9
Central Maine Power,Maine,York,Shapleigh,2287,3472,64554.32,1701854.49,2017,10
Central Maine Power,Maine,Sagadahoc,Bowdoin,1484,2084,12935.41,1098707.9,2023,5
Central Maine Power,Maine,Piscataquis,Shirley,216,4592,106077.34,155532.17,2017,11
Central Maine Power,Maine,Somerset,Ripley,363,367,1350.42,205080.92,2023,9
Central Maine Power,Maine,Cumberland,Pownal,795,1310,3598.14,591921.13,2020,3
Central Maine Power,Maine,Franklin,Coburn Gore,35,70,886.01,21407.05,2018,5
Central Maine Power,Maine,Oxford,Andover,664,2927,21518.84,494131.62,2021,3
Eastern Maine Power Cooperative,Maine,Aroostook,Ludlow,33,78,478.82,19247.42,2023,9
Versant Power,Maine,Penobscot,Garland,494,1542,18656.83,356171.81,2018,11
Central Maine Power,Maine,Lincoln,Bristol,3044,4204,40517.83,1718247.95,2023,9
Central Maine Power,Maine,Somerset,Lexington,159,302,2710.64,110664.0,2020,2
Eastern Maine Power Cooperative,Maine,Washington,Vanceboro,162,174,113.62,120110.8,2022,10
Versant Power,Maine,Aroostook,Dyer Brook,135,232,149.24,97200.0,2022,11
Versant Power,Maine,Aroostook,Oakfield,320,603,1090.5,238080.0,2017,10
Versant Power,Maine,Aroostook,Westmanland,8,208,826.67,5193.0,2017,10
Central Maine Power,Maine,Knox,St George,2408,2560,3432.11,1734172.92,2023,4
Central Maine Power,Maine,Lincoln,Whitefield,1233,3990,69597.31,887759.96,2017,11
Central Maine Power,Maine,Sagadahoc,Woolwich,1714,3897,17842.32,1275384.98,2020,5
Versant Power,Maine,Penobscot,Lowell,239,307,438.69,177816.0,2019,8
Central Maine Power,Maine,Somerset,Taunton & Raynham Academy Grant,586,627,1601.41,422491.63,2020,4
Central Maine Power,Maine,Lincoln,Dresden,994,1333,8976.26,718885.67,2023,5
Central Maine Power,Maine,Piscataquis,Harfords Point,144,145,193.4,107136.0,2022,3
Versant Power,Maine,Aroostook,Silver Ridge,47,1457,34968.0,34968.0,2017,12
Versant Power,Maine,Unknown,T1 R9 Wels,30,94,0.0,16282.31,2020,4
Versant Power,Maine,Hancock,Fletchers Landing Twp,20,461,10978.37,14400.0,2018,4
Central Maine Power,Maine,Waldo,Camden,2,3,7.25,1344.0,2022,2
Central Maine Power,Maine,Lincoln,Somerville,342,1245,17643.58,246240.0,2020,4
Versant Power,Maine,Penobscot,Bangor,15656,19937,226886.93,11290983.53,2020,4
Central Maine Power,Maine,York,Newfield,1245,3596,10222.05,896533.3,2018,11
Versant Power,Maine,Hancock,Frenchboro,72,286,2768.59,53568.0,2018,3
Central Maine Power,Maine,Cumberland,North Yarmouth,1660,3373,65364.98,1235032.64,2017,10
Versant Power,Maine,Unknown,T4 Indian Purchase Twp,240,456,4013.58,178560.0,2018,3
Versant Power,Maine,Penobscot,Soldiertown Twp T2 R7 Wels,11,20,73.48,8184.0,2021,10
Central Maine Power,Maine,Piscataquis,Lily Bay,114,390,5121.33,84816.0,2020,12
Central Maine Power,Maine,Franklin,Carthage,342,346,352.88,254751.28,2021,10
Versant Power,Maine,Washington,Whiting,282,297,881.19,203388.33,2017,11
Central Maine Power,Maine,Somerset,Tomhegan,180,361,323.08,133920.0,2018,7
Central Maine Power,Maine,Franklin,Dixfield,23,46,53.8,17112.0,2021,12
Central Maine Power,Maine,Lincoln,Westport,617,1561,13441.24,444641.16,2018,11
Versant Power,Maine,Hancock,Aurora,101,206,566.45,73256.81,2022,11
Versant Power,Maine,Washington,Beals,397,458,3889.9,296059.31,2019,10
Central Maine Power,Maine,Franklin,Strong,916,2155,18075.85,659634.11,2019,11
Central Maine Power,Maine,Somerset,Brassua,1,2,3.17,744.0,2020,5
Central Maine Power,Maine,York,Hollis,2352,6649,85584.03,1749918.86,2022,12
Central Maine Power,Maine,Knox,Cushing,1006,1031,8339.74,724390.67,2018,11
Central Maine Power,Maine,Piscataquis,Kineo,35,140,243.23,25200.0,2019,11
Central Maine Power,Maine,York,Windham,1,3,7.05,605.57,2021,1
Versant Power,Maine,Hancock,Franklin,424,1079,499.49,216447.33,2017,8
Central Maine Power,Maine,Piscataquis,Elliottsville,94,213,483.65,70264.52,2020,3
Central Maine Power,Maine,Waldo,Knox,414,793,857.53,298535.18,2018,4
Versant Power,Maine,Penobscot,Cedar Lake Twp,70,140,1595.93,52080.0,2022,12
Central Maine Power,Maine,Cumberland,Durham,2,3,2.0,1488.0,2021,10
Central Maine Power,Maine,Knox,Appleton,717,1582,23511.82,533323.67,2017,10
Versant Power,Maine,Aroostook,New Canada,140,304,1441.64,100800.0,2019,11
Versant Power,Maine,Hancock,Penobscot,43,138,188.33,29160.33,2017,9
Versant Power,Maine,Aroostook,Stockholm,165,335,695.47,123513.13,2020,12
Central Maine Power,Maine,Somerset,Norridgewock,1714,2678,37869.49,1275952.99,2017,10
Versant Power,Maine,Washington,Lubec,1306,1996,2061.67,972242.69,2022,1
Eastern Maine Power Cooperative,Maine,Aroostook,Town Of Hammond,419,520,260.58,297552.96,2022,11
Central Maine Power,Maine,Franklin,Strong,753,906,159.76,547590.47,2023,7
Versant Power,Maine,Hancock,Bucksport,157,408,1887.74,116808.0,2022,12
Versant Power,Maine,Aroostook,Castle Hill,227,566,1906.06,169080.8,2022,12
Versant Power,Maine,Hancock,Stonington,1181,1199,2186.56,878664.0,2018,12
Central Maine Power,Maine,Lincoln,FRIENDSHIP,1,2,1.57,722.87,2023,3
Versant Power,Maine,Penobscot,Argyle Twp,143,443,3543.14,103609.82,2018,11
Versant Power,Maine,Aroostook,Cross Lake Twp,309,613,1843.93,230510.49,2020,10
Central Maine Power,Maine,Oxford,Gilead,175,205,1610.19,130576.33,2018,10
Central Maine Power,Maine,Cumberland,Sebago,1747,4781,86741.79,1299975.96,2020,12
Central Maine Power,Maine,Sagadahoc,Phippsburg,2008,2009,7375.77,1349848.48,2019,2
Versant Power,Maine,Unknown,Jacksonville,17993,41937,90975.76,3257600.48,2016,12
Versant Power,Maine,Hancock,Stonington,1181,2191,1125.59,850320.0,2019,6
Central Maine Power,Maine,Franklin,New Vineyard,520,716,6857.33,387236.64,2022,12
Central Maine Power,Maine,Franklin,Stetsontown,72,145,246.92,51840.0,2022,4
Versant Power,Maine,Penobscot,Chester,85,304,372.37,63240.0,2018,7
Central Maine Power,Maine,Oxford,Upton,181,292,1003.12,130982.52,2018,11
Central Maine Power,Maine,Somerset,TAUNTON   RAYNHAM ACADEMY GRANT,601,1225,1729.85,447841.98,2021,12
Versant Power,Maine,Hancock,Seal Harbor,273,370,0.0,205141.81,2019,12
Versant Power,Maine,Piscataquis,T4 R9 Nwp,3,15,233.46,1504.47,2020,4
Versant Power,Maine,Hancock,Orland,49,84,111.6,36456.0,2020,10
Versant Power,Maine,Aroostook,Masardis,190,281,169.13,142002.67,2020,5
Versant Power,Maine,Penobscot,Dexter,42,82,179.2,31248.0,2019,7
Versant Power,Maine,Unknown,T28 Md,8,16,114.67,5760.0,2019,11
Central Maine Power,Maine,Somerset,Canaan,1226,1234,1025.82,912195.44,2022,5
Central Maine Power,Maine,Oxford,Otisfield,1429,7110,104090.07,1063582.35,2022,12
Central Maine Power,Maine,Lincoln,Hibberts Gore,1,2,1.0,720.0,2019,6
Central Maine Power,Maine,Piscataquis,Blanchard Plantation,112,139,383.18,84022.49,2020,7
Versant Power,Maine,Hancock,Trenton,904,1366,22989.65,650879.99,2017,11
Eastern Maine Power Cooperative,Maine,Aroostook,Silver Ridge,9,22,0.0,6811.4,2022,9
Central Maine Power,Maine,Oxford,Lincoln Plantation,89,181,209.77,66216.0,2019,12
Central Maine Power,Maine,Piscataquis,Guilford,940,1105,16112.76,699976.27,2020,12
Central Maine Power,Maine,Hancock,Verona,330,662,180.42,230280.66,2020,2
Versant Power,Maine,Aroostook,Sherman,458,1373,7299.95,340751.99,2020,12
Versant Power,Maine,Hancock,Waltham,45,612,7202.16,32691.16,2017,10
Versant Power,Maine,Penobscot,Dixmont,54,256,4065.75,6276.0,2017,10
Versant Power,Maine,Unknown,Pretty Marsh,102,604,3453.43,73440.0,2019,11
Versant Power,Maine,Penobscot,Charleston,610,665,1436.7,454269.65,2020,8
Versant Power,Maine,Unknown,Castle Hill,5071,9451,37746.04,3700058.38,2016,12
Eastern Maine Power Cooperative,Maine,Aroostook,Sherman,170,262,1307.97,126816.93,2022,10
Central Maine Power,Maine,Somerset,Bigelow,1,2,2.67,744.0,2020,10
Central Maine Power,Maine,Franklin,Chain Of Ponds,3,12,40.46,2232.0,2020,10
Central Maine Power,Maine,Somerset,Harmony,586,673,335.2,436589.13,2019,3
Versant Power,Maine,Hancock,Eastbrook,502,883,5694.62,361440.0,2019,11
Versant Power,Maine,Aroostook,Madawaska,365,3194,5600.72,248444.82,2017,8
Eastern Maine Power Cooperative,Maine,Washington,Pembroke,22,35,7.6,16851.3,2023,3
Central Maine Power,Maine,Piscataquis,Lily Bay,113,130,201.23,81360.0,2019,4
Central Maine Power,Maine,Somerset,Athens,602,1926,30192.3,447909.79,2020,12
Versant Power,Maine,Aroostook,T11 R4 Wels,127,129,0.42,74863.6,2023,5
Central Maine Power,Maine,Oxford,Hiram,1025,1147,1740.81,762662.97,2020,7
Central Maine Power,Maine,Lincoln,Wiscasset,2286,4450,56798.4,1700829.95,2017,10
Versant Power,Maine,Aroostook,Island Falls,3,4,8.67,823.5,2017,8
Versant Power,Maine,Unknown,T30 Md Bpp,1,16,366.5,720.0,2017,11
Central Maine Power,Maine,Franklin,Carrabassett Valley,2580,2594,236.64,1906450.02,2023,8
Central Maine Power,Maine,Somerset,Mercer,457,1983,5844.94,340213.0,2018,10
Central Maine Power,Maine,Piscataquis,Beaver Cove Plantation,267,295,2526.67,199113.08,2020,12
Eastern Maine Power Cooperative,Maine,Washington,Pembroke,86,120,22.59,24838.95,2020,2
Central Maine Power,Maine,Kennebec,Vienna,455,722,864.74,338693.51,2019,7
Central Maine Power,Maine,Lincoln,Nobleboro,1362,6577,114441.11,980639.93,2017,11
Central Maine Power,Maine,Somerset,Sapling,14,28,41.16,10416.0,2018,7
Central Maine Power,Maine,Kennebec,Leeds,1,2,6.99,262.99,2020,12
Central Maine Power,Maine,Kennebec,Manchester,1506,2837,35814.52,1084344.3,2017,11
Central Maine Power,Maine,Franklin,Carthage,344,588,1758.36,247680.0,2020,9
Central Maine Power,Maine,Franklin,Perkins,18,19,129.14,13392.0,2021,3
Central Maine Power,Maine,Somerset,Norridgewock,1779,1985,1974.32,1195798.82,2023,2
Versant Power,Maine,Unknown,T10 Sd,64,186,1863.23,47616.0,2018,3
Versant Power,Maine,Unknown,T9 Sd,16,35,481.83,11904.0,2017,10
Versant Power,Maine,Hancock,Southwest Harbor,1881,3736,4354.73,1399762.94,2020,8
Versant Power,Maine,Penobscot,Millinocket,6,19,23.67,4734.67,2017,8
Versant Power,Maine,Piscataquis,Bowerbank,191,1062,12289.02,102131.07,2017,10
Versant Power,Maine,Washington,Beals,402,442,0.39,295338.68,2023,7
Versant Power,Maine,Hancock,Salsbury Cove,393,397,6.17,282960.0,2018,9
Versant Power,Maine,Washington,Addison,878,1719,9160.63,493192.66,2023,9
Versant Power,Maine,Washington,Machiasport,377,378,104.73,271440.0,2018,6
Versant Power,Maine,Unknown,Ornville Twp,144,146,194.46,107488.77,2018,8
Versant Power,Maine,Hancock,Ellsworth,2528,6276,50617.43,1820783.4,2019,11
Eastern Maine Power Cooperative,Maine,Washington,Calais,2965,2967,2458.14,2205959.99,2022,8
Versant Power,Maine,Unknown,Costigan,1,2,0.0,931.33,2017,9
Central Maine Power,Maine,Franklin,Davis,37,65,240.66,27528.0,2021,12
Central Maine Power,Maine,Oxford,Sweden,396,814,11222.2,295249.7,2020,8
Central Maine Power,Maine,Waldo,Thorndike,412,542,645.61,306789.34,2020,7
Versant Power,Maine,Penobscot,Herseytown Twp,19,26,21.83,14485.14,2021,7
Central Maine Power,Maine,Waldo,Frankfort,668,1323,16305.76,497414.84,2022,12
Versant Power,Maine,Aroostook,Nashville,36,37,37.16,27436.98,2018,8
Central Maine Power,Maine,Sagadahoc,Richmond,1668,3545,64817.75,1200959.96,2017,11
Central Maine Power,Maine,Somerset,Embden,978,1003,494.37,727714.0,2019,12
Central Maine Power,Maine,Somerset,Pleasant Ridge Plantation,66,236,1340.75,49104.0,2018,1
Central Maine Power,Maine,Somerset,Lexington,155,390,1226.82,115320.0,2018,8
Central Maine Power,Maine,Androscoggin,Poland,3279,5577,68151.24,2360879.85,2020,4
Versant Power,Maine,Hancock,Eastbrook,503,550,571.04,374298.36,2021,3
Versant Power,Maine,Hancock,Deer Isle,1903,6531,46117.18,1370111.7,2020,4
Versant Power,Maine,Penobscot,Clifton,546,916,4267.92,406917.67,2021,3
Versant Power,Maine,Hancock,Gouldsboro,462,907,5946.3,341183.33,2017,10
Versant Power,Maine,Washington,Centerville Twp,19,38,28.69,10582.56,2023,9
Central Maine Power,Maine,Franklin,Temple,341,392,3657.45,253704.0,2021,3
Central Maine Power,Maine,Piscataquis,Greenville,1935,1963,1967.63,1440023.98,2022,5
Central Maine Power,Maine,Oxford,Brownfield,1039,1090,19408.67,748080.0,2017,11
Versant Power,Maine,Aroostook,Bridgewater,378,876,4464.16,272160.0,2018,11
Central Maine Power,Maine,Piscataquis,Frenchtown,113,114,190.0,81645.45,2021,9
Versant Power,Maine,Washington,Lubec,1283,1301,2147.21,924105.62,2020,4
Central Maine Power,Maine,Franklin,Avon,292,399,599.04,210877.03,2022,11
Versant Power,Maine,Hancock,Eastbrook,504,529,528.04,363492.15,2021,6
Versant Power,Maine,Aroostook,Winterville Plt,241,489,690.68,179617.88,2020,10
Central Maine Power,Maine,Somerset,Rockwood Strip T1r1,11,44,25.97,8184.0,2018,5
Versant Power,Maine,Aroostook,Caribou,2260,2302,2035.76,1681439.98,2018,7
Central Maine Power,Maine,Kennebec,Randolph,966,1012,1348.19,719408.32,2019,8
Eastern Maine Power Cooperative,Maine,Washington,Princeton,265,322,799.06,197160.0,2022,12
Central Maine Power,Maine,Franklin,Strong,721,1471,24397.68,519626.97,2020,4
Versant Power,Maine,Aroostook,Mapleton,13,19,76.33,10003.33,2017,9
Versant Power,Maine,Aroostook,Connor Twp,235,728,9810.24,175292.17,2022,12
Central Maine Power,Maine,Oxford,Mason,51,54,294.02,36720.0,2020,4
Central Maine Power,Maine,Waldo,Stockton Springs,1103,1335,1481.17,821067.65,2017,12
Versant Power,Maine,Hancock,Sullivan,940,958,2568.95,699604.38,2022,1
Central Maine Power,Maine,Oxford,Denmark,1221,1880,26777.66,909165.65,2017,10
Central Maine Power,Maine,Oxford,Mexico,1512,1740,1613.39,866677.96,2023,9
Central Maine Power,Maine,Waldo,Appleton,4,8,7.34,2880.0,2022,6
Versant Power,Maine,Piscataquis,Williamsburg Twp,51,210,882.03,37420.16,2019,11
Eastern Maine Power Cooperative,Maine,Washington,Grand Lake Stream,1270,1320,583.73,441590.02,2020,1
Versant Power,Maine,Penobscot,West Enfield,32,340,2704.78,23567.83,2017,10
Versant Power,Maine,Washington,Perry,411,828,720.63,295920.0,2022,4
Central Maine Power,Maine,Piscataquis,Cove Point,7,182,4316.73,5208.0,2018,3
Central Maine Power,Maine,York,Kittery,6368,8355,68191.85,4738714.48,2019,10
Central Maine Power,Maine,Somerset,Rockwood Strip T2r1,46,47,145.64,34224.0,2020,7
Versant Power,Maine,Hancock,Blue Hill,34,81,135.83,25668.0,2017,8
Central Maine Power,Maine,Waldo,Lincolnville,1791,5800,76532.26,1290177.18,2020,4
Central Maine Power,Maine,Somerset,Athens,586,1051,18621.81,421920.0,2017,11
Central Maine Power,Maine,York,Parsonsfield,1245,2285,39574.82,926286.99,2017,10
Central Maine Power,Maine,Knox,South Thomaston,1102,1731,20946.35,820353.46,2019,10
Central Maine Power,Maine,Oxford,Sweden,394,2791,45868.26,293499.8,2022,12
Central Maine Power,Maine,Franklin,Madrid,211,318,329.1,152082.86,2022,11
Eastern Maine Power Cooperative,Maine,Washington,Brookton,15,27,15.02,10800.0,2020,6
Eastern Maine Power Cooperative,Maine,Aroostook,Dyer Brook,124,1035,5865.57,95304.77,2021,10
Versant Power,Maine,Piscataquis,Dover-foxcroft,16,25,53.1,12169.82,2020,5
Central Maine Power,Maine,Somerset,Caratunk Plantation,172,250,895.82,123840.0,2018,11
Central Maine Power,Maine,Kennebec,Clinton,1755,3260,11622.56,1306250.44,2022,12
Versant Power,Maine,Unknown,Grand Falls Twp,17,85,1144.87,12240.0,2019,11
Central Maine Power,Maine,Somerset,Rockwood Strip T2r1,44,176,103.89,32736.0,2018,5
Central Maine Power,Maine,Androscoggin,Leeds,1127,1354,2049.01,838476.02,2018,1
Eastern Maine Power Cooperative,Maine,Aroostook,Linneus,2,7,14.0,1655.28,2020,2
Versant Power,Maine,Unknown,"T2, R4, 6,7,8",5039,5087,12829.67,3707274.44,2016,12
Versant Power,Maine,Washington,Columbia,284,771,4223.54,212037.15,2022,12
Versant Power,Maine,Penobscot,Howland,682,855,4333.85,491040.0,2019,11
Central Maine Power,Maine,Kennebec,Vienna,448,709,1047.35,333813.98,2018,7
Versant Power,Maine,Piscataquis,Brownville,869,1374,884.87,646560.0,2022,7
Central Maine Power,Maine,Penobscot,Levant,1355,2072,21021.14,975784.13,2019,11
Central Maine Power,Maine,Sagadahoc,West Bath,1344,2160,21554.18,967703.09,2020,4
Versant Power,Maine,Aroostook,Sherman,452,777,2380.96,325440.0,2018,11
Central Maine Power,Maine,Sagadahoc,Bowdoin,1469,2128,4093.24,1093308.95,2021,10
Versant Power,Maine,Aroostook,Cross Lake Twp,309,380,515.51,229913.02,2022,1
Versant Power,Maine,Unknown,T1 R9 Wels,337,412,926.55,250728.0,2019,7
Versant Power,Maine,Unknown,Great Cranberry Island,192,5376,126827.25,142848.0,2017,12
Central Maine Power,Maine,Piscataquis,Bowerbank,30,31,57.35,22320.0,2019,12
Versant Power,Maine,Penobscot,Maxfield,60,61,61.22,40320.0,2019,2
Central Maine Power,Maine,Waldo,Thorndike,422,485,325.69,304206.52,2022,9
Central Maine Power,Maine,Somerset,Rockwood Strip T1r1,11,44,58.59,7920.0,2020,11
Central Maine Power,Maine,Cumberland,New Gloucester,2834,3737,24343.79,2108881.94,2018,8
Versant Power,Maine,Aroostook,Sinclair Twp,360,642,842.6,267397.8,2023,5
Central Maine Power,Maine,Piscataquis,Beaver Cove Plantation,264,297,326.02,196416.0,2019,1
Versant Power,Maine,Penobscot,Alton,416,463,628.86,309504.0,2019,7
Eastern Maine Power Cooperative,Maine,Aroostook,Weston,714,741,374.28,531471.68,2022,10
Versant Power,Maine,Aroostook,Dyer Brook,53,588,12246.0,27326.0,2017,10
Central Maine Power,Maine,Kennebec,Fayette,928,2625,48562.67,668159.97,2020,4
Versant Power,Maine,Penobscot,T3 Indian Purchase Twp,146,436,3860.67,108971.99,2020,12
Central Maine Power,Maine,Somerset,Taunton & Raynham Academy Grant,584,1179,1255.25,434667.82,2018,7
Central Maine Power,Maine,Franklin,Salem,184,187,846.0,132480.0,2017,9
Versant Power,Maine,Aroostook,Allagash,278,1096,1598.9,200512.63,2020,6
Central Maine Power,Maine,Oxford,POLAND,3,6,9.49,2232.0,2022,10
Central Maine Power,Maine,Penobscot,Newburgh,62,116,106.42,46128.0,2019,12
Versant Power,Maine,Piscataquis,Barnard Twp,40,52,39.97,28800.0,2022,4
Eastern Maine Power Cooperative,Maine,Aroostook,Mattawamkeag,0,3,20.0,83.68,2020,3
Eastern Maine Power Cooperative,Maine,Washington,Robbinston,131,995,2581.07,80237.71,2020,2
Versant Power,Maine,Penobscot,Corinth,1390,1430,9022.36,1034217.14,2018,12
Central Maine Power,Maine,Penobscot,Kenduskeag,148,149,101.17,110112.0,2023,3
Versant Power,Maine,Unknown,T 3 R 9 Nwp,1,26,619.84,720.0,2017,11
Versant Power,Maine,Unknown,Ta R7 Wels,2711,5400,5403.14,1975536.52,2017,3
Central Maine Power,Maine,Sagadahoc,Bowdoin,1420,5232,65099.64,1022399.97,2017,11
Central Maine Power,Maine,Kennebec,China,2719,4453,18328.0,2023629.16,2022,12
Central Maine Power,Maine,Franklin,Anson,1,2,0.0,572.31,2023,9
Versant Power,Maine,Penobscot,Winn,236,342,609.45,158592.0,2019,2
Central Maine Power,Maine,Waldo,Monroe,559,760,12533.94,416088.34,2020,12
Versant Power,Maine,Aroostook,Crystal,106,283,547.17,54669.33,2017,10
Eastern Maine Power Cooperative,Maine,Aroostook,Cary,698,700,1.0,468586.01,2023,2
Versant Power,Maine,Hancock,Bernard,203,208,232.27,151032.0,2017,12
Versant Power,Maine,Washington,Northfield,212,425,521.92,152985.32,2020,9
Central Maine Power,Maine,Oxford,Wilton,4,6,8.68,2976.0,2021,7
Eastern Maine Power Cooperative,Maine,Washington,Perry,1,6,69.85,465.49,2020,1
Versant Power,Maine,Hancock,Lamoine,1081,1421,13245.48,778319.98,2018,11
Versant Power,Maine,Hancock,Little Deer Isle,90,268,1127.43,66960.0,2019,10
Central Maine Power,Maine,York,North Berwick,2341,4830,89431.77,1741727.31,2017,10
Versant Power,Maine,Piscataquis,Long A Twp,58,186,885.72,38976.0,2022,2
Versant Power,Maine,Hancock,T22 Md Bpp,16,32,18.65,11904.0,2020,7
Central Maine Power,Maine,Franklin,Madrid,197,432,6418.09,147270.66,2019,10
Central Maine Power,Maine,York,Cornish,889,1054,2198.96,640203.31,2019,11
Versant Power,Maine,Aroostook,Oxbow North Twp,73,146,1528.08,54312.0,2020,12
Versant Power,Maine,Hancock,Sorrento,342,831,11060.59,246874.48,2019,11
Versant Power,Maine,Hancock,Waltham,230,231,532.56,171120.0,2022,3
Central Maine Power,Maine,Somerset,Highland Plantation,44,1012,23386.0,31680.0,2017,11
Versant Power,Maine,Unknown,T7 Sd,10,15,85.0,7200.0,2018,11
Eastern Maine Power Cooperative,Maine,Aroostook,Unknown,1185,7356,12530.04,841334.87,2018,6
Central Maine Power,Maine,Piscataquis,Lily Bay,113,342,1122.72,84494.49,2022,10
Central Maine Power,Maine,Oxford,Magalloway Plantation,73,161,959.87,54852.31,2018,5
Central Maine Power,Maine,Kennebec,Fayette,933,980,5922.33,694329.84,2020,10
Central Maine Power,Maine,Penobscot,Glenburn,212,214,221.69,157728.0,2023,3
Central Maine Power,Maine,Hancock,Bucksport,2699,3079,23634.99,2008225.41,2020,12
Versant Power,Maine,Washington,Lubec,1314,2364,17699.9,978330.89,2022,12
Central Maine Power,Maine,Hancock,Penobscot,859,1229,7393.34,639715.95,2021,12
Central Maine Power,Maine,Somerset,Moose River,207,246,726.89,149041.0,2017,11
Central Maine Power,Maine,Somerset,Highland Plantation,51,229,2897.36,37944.0,2022,12
Central Maine Power,Maine,Cumberland,Chebeague Island,586,601,2647.81,422007.34,2018,6
Eastern Maine Power Cooperative,Maine,Aroostook,Unknown,2,5,6.33,236.79,2018,2
Central Maine Power,Maine,Somerset,New Portland,677,757,9529.58,455306.31,2022,2
Central Maine Power,Maine,Knox,Union,1466,4693,66324.87,1055835.1,2020,4
Central Maine Power,Maine,Knox,Friendship,969,975,286.86,721028.13,2022,3
Eastern Maine Power Cooperative,Maine,Aroostook,Unknown,2860,5360,7723.15,2127839.77,2019,7
Versant Power,Maine,Aroostook,Frenchville,637,1208,909.88,445323.97,2023,7
Versant Power,Maine,Aroostook,Silver Ridge Twp,43,84,278.38,28786.96,2023,2
Central Maine Power,Maine,Lincoln,Boothbay,2804,6082,58004.43,2086865.56,2018,3
Versant Power,Maine,Aroostook,Mars Hill,818,1317,3733.74,588959.99,2018,11
Central Maine Power,Maine,Oxford,Andover,684,2226,14269.89,509253.96,2022,12
Central Maine Power,Maine,Somerset,The Forks Plantation,208,623,5385.69,149987.34,2018,11
Versant Power,Maine,Washington,Addison,729,988,902.81,524880.0,2018,6
Versant Power,Maine,Penobscot,Veazie,944,2833,25209.24,679808.94,2020,4
Versant Power,Maine,Penobscot,Enfield,47,1136,13206.19,32779.65,2017,10
Central Maine Power,Maine,Franklin,Salem,184,199,1514.33,136896.0,2017,10
Versant Power,Maine,Washington,Cutler,450,795,1126.19,334800.0,2023,3
Central Maine Power,Maine,York,South Berwick,3328,4486,66292.22,2476675.19,2018,3
Central Maine Power,Maine,Lincoln,Whitefield,1283,2103,2778.47,924061.85,2019,6
Versant Power,Maine,Hancock,Amherst,165,334,6152.48,118800.0,2017,11
Central Maine Power,Maine,Somerset,TAUNTON   RAYNHAM ACADEMY GRANT,604,646,1961.54,435561.69,2022,4
Eastern Maine Power Cooperative,Maine,Washington,Forest City Township,55,140,394.01,40065.74,2022,9
Versant Power,Maine,Aroostook,Td R2 Wels,13,28,76.97,9963.48,2022,7
Versant Power,Maine,Penobscot,Argyle Twp,148,288,288.21,110112.0,2022,1
Versant Power,Maine,Hancock,Deer Isle,1832,1857,7359.19,1319039.98,2019,9
Central Maine Power,Maine,Somerset,Rockwood Strip T2r1,43,86,262.19,31266.83,2018,9
Central Maine Power,Maine,Lincoln,Alna,409,798,11051.14,304296.0,2019,10
Central Maine Power,Maine,Androscoggin,Livermore Falls,1699,2620,2320.61,1264182.62,2019,12
Versant Power,Maine,Washington,Centerville,18,51,103.33,12960.0,2018,11
Versant Power,Maine,Aroostook,Easton,396,1319,4327.88,290996.67,2017,10
Central Maine Power,Maine,Androscoggin,OXFORD,4,6,9.0,2976.0,2022,8
Central Maine Power,Maine,Cumberland,Gorham,7427,9526,89861.33,5525670.32,2019,10
Versant Power,Maine,Piscataquis,Milo,1455,1593,3611.54,1083122.88,2021,5
Versant Power,Maine,Penobscot,Costigan,13,22,49.84,9672.0,2018,7
Versant Power,Maine,Washington,Woodland,340,2914,69936.0,252960.0,2017,12
Central Maine Power,Maine,Oxford,Mexico,1506,1555,4426.25,1120748.35,2019,1
Versant Power,Maine,Aroostook,Allagash,277,549,685.84,199440.0,2019,9
Central Maine Power,Maine,Franklin,Chain Of Ponds,3,6,45.49,2160.0,2020,4
Central Maine Power,Maine,Franklin,Perkins,18,54,312.98,12960.0,2018,11
Central Maine Power,Maine,York,Parsonsfield,1344,1562,2634.01,967706.99,2022,6
Central Maine Power,Maine,Somerset,The Forks Plantation,204,205,465.11,152212.01,2023,8
Versant Power,Maine,Piscataquis,Williamsburg Twp,58,111,686.27,43890.3,2022,12
Central Maine Power,Maine,Somerset,Brassua,1,3,4.0,720.0,2020,11
Central Maine Power,Maine,Androscoggin,Leeds,1145,2067,2017.17,852552.65,2019,5
Central Maine Power,Maine,Sagadahoc,Bath,4953,6339,117507.49,3685048.32,2017,10
Central Maine Power,Maine,Sagadahoc,WISCASSET,1,2,0.0,716.29,2023,6
Central Maine Power,Maine,Franklin,Eustis,846,1708,2524.26,629673.31,2017,12
Versant Power,Maine,Unknown,T1 R9,13,16,25.18,9672.0,2018,3
Central Maine Power,Maine,Franklin,Rangeley,1932,3998,2857.25,1437407.98,2017,12
Central Maine Power,Maine,Somerset,Mercer,478,943,634.71,356123.92,2021,12
Versant Power,Maine,Washington,Steuben,865,1888,9934.1,623118.59,2018,11
Versant Power,Maine,Aroostook,Limestone,634,765,4255.63,472171.59,2018,12
Versant Power,Maine,Penobscot,Lagrange,397,728,482.33,285840.0,2019,6
Central Maine Power,Maine,Piscataquis,Sebec,18,26,17.66,12960.0,2020,11
Central Maine Power,Maine,Knox,Union,1511,1848,17475.33,1124393.06,2023,3
Versant Power,Maine,Washington,Milbridge,1078,2551,25011.25,776636.15,2020,4
Central Maine Power,Maine,Oxford,Waterford,1461,1937,1564.58,1087072.47,2018,8
Central Maine Power,Maine,Piscataquis,Little Squaw,148,499,377.95,110112.0,2018,5
Versant Power,Maine,Penobscot,Eddington,1254,1744,6711.53,933165.69,2021,3
Central Maine Power,Maine,Cumberland,New Gloucester,2780,6300,97557.82,2055071.41,2017,10
Versant Power,Maine,Penobscot,Brewer,318,10010,163761.31,218879.28,2017,10
Central Maine Power,Maine,Franklin,Stetsontown,74,2000,46054.0,55178.83,2017,12
Central Maine Power,Maine,York,Wells,9986,14853,217270.65,7429420.39,2017,10
Central Maine Power,Maine,Franklin,Davis,34,137,1780.16,24480.0,2019,11
Versant Power,Maine,Aroostook,New Sweden,343,372,1148.66,255257.0,2017,10
Versant Power,Maine,Hancock,Sorrento,344,356,369.46,248371.17,2021,6
Central Maine Power,Maine,Sagadahoc,Arrowsic,306,639,2803.04,220749.05,2020,11
Versant Power,Maine,Washington,Devereaux Twp,29,60,249.83,21268.98,2022,9
Versant Power,Maine,Piscataquis,Grand Falls Twp,16,32,32.11,11872.03,2023,1
Versant Power,Maine,Piscataquis,Lake View Plt,380,2493,35254.76,277002.43,2020,4
Central Maine Power,Maine,Cumberland,Frye Island,576,1737,28964.48,428675.26,2022,12
Central Maine Power,Maine,Somerset,Embden,1031,1245,3789.08,767330.89,2022,10
Central Maine Power,Maine,Piscataquis,Garland,1,2,2.28,744.0,2022,12
Versant Power,Maine,Unknown,Hancock Point,33,74,1090.33,23760.0,2019,11
Central Maine Power,Maine,Cumberland,Windham,9842,12849,92116.31,7322547.06,2022,12
Versant Power,Maine,Piscataquis,Atkinson,65,376,6116.0,7174.33,2017,10
Versant Power,Maine,Hancock,Hancock,1036,2280,21515.23,770927.86,2019,1
Central Maine Power,Maine,Cumberland,Harrison,2060,4375,59923.77,1533024.46,2020,12
Central Maine Power,Maine,Waldo,Brooks,634,682,1067.97,457145.88,2022,9
Central Maine Power,Maine,Somerset,Dennistown Plantation,24,48,48.24,17280.0,2020,11
Central Maine Power,Maine,Waldo,Belmont,521,556,800.66,375328.34,2020,6
Versant Power,Maine,Hancock,East Blue Hill,14,36,64.53,11062.32,2020,3
Versant Power,Maine,Piscataquis,T1 R9 Wels,351,931,1443.95,261144.0,2021,8
Central Maine Power,Maine,Franklin,Coplin Plantation,213,384,505.72,158720.33,2017,12
Versant Power,Maine,Washington,Devereaux Twp,26,91,593.33,13499.41,2020,4
Versant Power,Maine,Penobscot,Exeter,510,1047,1630.05,379440.0,2019,7
Central Maine Power,Maine,Lincoln,Bristol,2955,4393,10664.69,2198735.89,2020,10
Versant Power,Maine,Aroostook,Westmanland,118,120,317.15,85007.7,2020,11
Versant Power,Maine,Hancock,Otis,814,1611,7543.66,594147.87,2023,7
Versant Power,Maine,Aroostook,T1 R8 Wels,32,62,0.0,22940.18,2023,6
Central Maine Power,Maine,Oxford,Upton,182,408,4393.32,131645.68,2019,11
Central Maine Power,Maine,Knox,Rockport,2695,3089,38947.07,1545979.64,2023,9
Versant Power,Maine,Aroostook,Littleton,386,8001,184645.7,277920.0,2017,11
Versant Power,Maine,Aroostook,Sherman,452,614,218.3,336288.0,2018,10
Versant Power,Maine,Hancock,Amherst,167,478,639.42,124248.0,2022,8
Eastern Maine Power Cooperative,Maine,Aroostook,Orient,128,437,141.05,92787.71,2022,3
Central Maine Power,Maine,Piscataquis,Monson,603,1500,8946.4,448631.97,2021,3
Eastern Maine Power Cooperative,Maine,Washington,Crawford,557,1502,1627.99,388020.96,2020,2
Eastern Maine Power Cooperative,Maine,Aroostook,Haynesville,166,169,121.17,119520.0,2022,4
Central Maine Power,Maine,Androscoggin,Bowdoin,14,25,288.93,10416.0,2022,12
Central Maine Power,Maine,Franklin,Kingfield,826,1549,3138.59,615122.99,2018,8
Central Maine Power,Maine,Lincoln,Jefferson,1904,5376,64252.75,1417190.52,2022,12
Versant Power,Maine,Aroostook,Connor,49,54,447.0,3843.5,2017,9
Central Maine Power,Maine,Oxford,Mason,51,52,198.8,37944.0,2022,7
Eastern Maine Power Cooperative,Maine,Aroostook,Bancroft,1878,1973,3669.27,1385958.77,2022,12
Versant Power,Maine,Washington,Machiasport,647,1294,912.98,466443.16,2020,6
Versant Power,Maine,Penobscot,Maxfield,46,119,1902.0,34614.5,2017,10
Versant Power,Maine,Aroostook,Oxbow North Twp,71,142,239.27,53551.38,2021,7
Versant Power,Maine,Hancock,Surry,1185,2128,12909.42,853199.97,2018,11
Versant Power,Maine,Hancock,Swans Island,525,531,819.84,390976.69,2022,5
Central Maine Power,Maine,Cumberland,Harpswell,4739,14523,81683.18,3526310.07,2023,3
Versant Power,Maine,Aroostook,Caribou,2260,2412,1774.43,1681439.99,2019,8
Central Maine Power,Maine,Sagadahoc,West Bath,1309,2766,45026.66,974167.49,2017,10
Central Maine Power,Maine,Somerset,Rockwood Strip T2r1,5,12,40.01,4124.85,2021,3
Versant Power,Maine,Washington,Centerville Twp,19,57,705.96,14136.0,2022,12
Central Maine Power,Maine,Franklin,Weld,605,607,2622.47,406987.66,2018,2
Versant Power,Maine,Aroostook,Allagash,277,802,899.08,192792.0,2020,2
Central Maine Power,Maine,Penobscot,Dixmont,517,666,2561.86,385237.82,2020,8
Eastern Maine Power Cooperative,Maine,Washington,Brookton Township,5,17,139.71,1813.14,2022,12
Versant Power,Maine,Washington,Pembroke,538,924,907.7,387727.51,2022,6
Central Maine Power,Maine,Franklin,Washington Twp,19,58,857.81,14136.0,2020,12
Central Maine Power,Maine,Knox,Friendship,977,2134,3954.58,704001.78,2022,11
Central Maine Power,Maine,Waldo,Islesboro,1088,1168,1559.63,807619.84,2019,3
Central Maine Power,Maine,Franklin,Kingfield,837,1297,20977.53,603380.48,2020,4
Versant Power,Maine,Hancock,Penobscot,45,156,1726.17,33805.5,2017,10
Central Maine Power,Maine,York,Buxton,4016,4949,7541.16,2988647.29,2021,5
Central Maine Power,Maine,Piscataquis,Abbot,565,2277,40960.57,407306.83,2020,4
Versant Power,Maine,Aroostook,Dyer Brook,54,73,1071.4,36288.0,2018,2
Versant Power,Maine,Penobscot,Lee,593,969,5786.38,426959.99,2018,11
Versant Power,Maine,Hancock,Osborn,40,80,80.07,28800.0,2018,6
Versant Power,Maine,Washington,Cutler,450,452,465.68,324000.0,2023,4
Central Maine Power,Maine,Oxford,Sumner,584,600,1786.31,434496.0,2020,10
Versant Power,Maine,Hancock,Harborside,191,253,1183.92,137520.0,2018,11
Versant Power,Maine,Penobscot,Milford,1614,1677,3540.86,1162437.47,2022,4
Eastern Maine Power Cooperative,Maine,Washington,Meddybemps,13,18,0.0,10139.84,2022,5
Central Maine Power,Maine,Oxford,Albany,354,355,497.01,255586.68,2018,4
Versant Power,Maine,Aroostook,Washburn,854,1611,2022.02,635437.47,2021,7
Central Maine Power,Maine,Somerset,East Moxie,6,132,2769.02,4464.0,2017,12
Central Maine Power,Maine,Somerset,Rockwood Strip T2r1,3,6,10.01,2232.0,2022,10
Central Maine Power,Maine,Somerset,Norridgewock,1712,3424,52097.33,1232639.96,2017,11
Versant Power,Maine,Penobscot,Lagrange,392,414,1113.63,291984.96,2021,3
Central Maine Power,Maine,Oxford,Stow,219,530,11209.66,157680.0,2017,11
Versant Power,Maine,Penobscot,Corinna,18,37,104.68,13392.0,2021,7
Versant Power,Maine,Unknown,Ta R7 Wels,15,392,9408.0,10080.0,2018,2
Central Maine Power,Maine,Oxford,Brownfield,1158,2014,7602.2,661391.78,2023,9
Versant Power,Maine,Unknown,T9 Sd,16,408,9424.83,11520.0,2017,11
Central Maine Power,Maine,Somerset,Mercer,456,700,2370.97,328338.34,2018,11
Central Maine Power,Maine,Androscoggin,Livermore,1297,3986,71461.78,934065.28,2020,4
Versant Power,Maine,Penobscot,Garland,495,1707,16791.96,356598.62,2019,11
Central Maine Power,Maine,Somerset,Lexington,155,304,320.34,115333.17,2017,12
Central Maine Power,Maine,Cumberland,Pownal,798,1622,3604.52,593711.98,2020,7
Central Maine Power,Maine,York,Newfield,1326,2435,3429.09,955120.15,2022,9
Central Maine Power,Maine,Cumberland,Frye Island,572,709,459.14,411900.45,2022,6
Central Maine Power,Maine,York,Waterboro,3948,7214,23386.69,2843301.97,2018,11
Central Maine Power,Maine,Knox,South Thomaston,1134,1988,481.35,836524.09,2023,7
Versant Power,Maine,Piscataquis,Bowerbank,347,377,276.18,249840.0,2022,4
Central Maine Power,Maine,Oxford,Porter,912,3172,39101.81,656639.99,2017,11
Eastern Maine Power Cooperative,Maine,Washington,Unknown,2893,4619,5579.43,2082959.81,2018,6
Central Maine Power,Maine,Androscoggin,Leeds,1219,1244,3230.04,906936.0,2023,3
Central Maine Power,Maine,Sagadahoc,Bowdoinham,1637,1811,3481.39,1178692.35,2021,6
Versant Power,Maine,Washington,Cherryfield,8,25,44.34,5889.51,2017,8
Versant Power,Maine,Penobscot,Dexter,42,337,6072.56,30240.0,2020,4
Central Maine Power,Maine,Somerset,Sapling,13,63,893.62,9672.0,2020,12
Versant Power,Maine,Aroostook,Wallagrass,374,754,1072.29,278558.2,2020,10
Versant Power,Maine,Piscataquis,Williamsburg Twp,58,97,91.52,41760.0,2022,4
Central Maine Power,Maine,Waldo,Morrill,470,537,1413.52,349680.0,2020,1
Versant Power,Maine,Aroostook,Saint John Plt,164,324,243.8,122016.0,2020,10
Versant Power,Maine,Aroostook,Smyrna Mills,92,184,291.92,66240.0,2018,6
Central Maine Power,Maine,York,Dayton,917,1815,30446.5,682963.32,2017,10
Central Maine Power,Maine,Somerset,Bigelow,1,2,1.66,744.0,2022,7
Versant Power,Maine,Hancock,Bucksport,27,380,4637.33,20379.16,2017,10
Versant Power,Maine,Washington,East Machias,435,545,2501.55,324037.63,2018,12
Central Maine Power,Maine,Franklin,Sandy River Plantation,405,1556,12090.6,301320.0,2022,12
Central Maine Power,Maine,Waldo,Belmont,521,532,187.16,388168.15,2020,7
Central Maine Power,Maine,Somerset,Anson,699,1090,14277.84,503280.0,2017,11
Versant Power,Maine,Unknown,Barnard Twp,1,40,10.0,497.0,2017,9
Central Maine Power,Maine,Somerset,Caratunk Plantation,169,170,281.84,121698.17,2017,11
Central Maine Power,Maine,Oxford,Lincoln Plantation,85,161,164.77,61913.35,2022,11
Central Maine Power,Maine,York,Shapleigh,2390,7101,74571.83,1778507.54,2020,8
Versant Power,Maine,Washington,Steuben,198,271,984.42,148079.93,2017,12
Versant Power,Maine,Piscataquis,Ebeemee Twp,180,181,60.33,130279.49,2019,4
Versant Power,Maine,Hancock,Castine,1,3,14.35,744.0,2020,12
Central Maine Power,Maine,Oxford,Mexico,1511,2053,9737.92,1088026.28,2019,11
Central Maine Power,Maine,Knox,Camden,3803,6545,59329.81,1936766.37,2023,9
Versant Power,Maine,Washington,Machiasport,652,1334,13183.95,485087.98,2022,12
Versant Power,Maine,Aroostook,Perham,121,242,884.01,90056.5,2017,10
Versant Power,Maine,Unknown,Starboard,13,32,35.14,9620.15,2020,2
Central Maine Power,Maine,Piscataquis,Frenchtown,115,230,401.8,85560.0,2022,8
Central Maine Power,Maine,Oxford,Hiram,1047,3535,44841.93,779469.55,2020,12
Central Maine Power,Maine,Somerset,Long Pond,87,97,141.48,65396.2,2021,1
Versant Power,Maine,Unknown,Beddington,368,402,801.24,92560.19,2016,11
Versant Power,Maine,Unknown,Cedar Lake Twp,67,158,2994.67,48240.0,2017,11
Versant Power,Maine,Unknown,Orneville Twp,4582,38943,301935.06,3293137.04,2016,12
Versant Power,Maine,Piscataquis,Barnard Twp,40,68,313.62,21810.61,2023,9
Central Maine Power,Maine,Somerset,Brighton Plantation,51,213,1343.75,37023.35,2018,11
Versant Power,Maine,Piscataquis,Grand Falls Twp,16,29,34.34,12043.35,2022,4
Versant Power,Maine,Penobscot,Lee,582,1770,9404.93,433226.99,2017,10
Central Maine Power,Maine,Waldo,Searsport,1853,2287,6134.02,1334427.75,2021,6
Versant Power,Maine,Aroostook,Allagash,274,312,1274.68,203856.0,2018,1
Versant Power,Maine,Aroostook,Perham,123,124,103.77,88560.0,2018,6
Central Maine Power,Maine,Oxford,Magalloway Plantation,73,213,2293.01,54312.0,2018,10
Central Maine Power,Maine,Cumberland,Sebago,1760,2510,7610.64,1309356.8,2022,5
Versant Power,Maine,Hancock,Sedgwick,773,2379,6816.68,575111.99,2018,10
Versant Power,Maine,Penobscot,T4 Indian Purchase Twp,257,260,0.7,183857.66,2023,6
Versant Power,Maine,Hancock,Eastbrook,514,543,2932.16,342570.29,2023,5
Versant Power,Maine,Penobscot,Howland,675,739,1569.98,380781.61,2023,9
Versant Power,Maine,Hancock,Aurora,111,130,572.64,82584.0,2018,10
Central Maine Power,Maine,Waldo,Palermo,1008,1146,1281.22,750663.36,2019,7
Central Maine Power,Maine,Penobscot,Dixmont,500,1451,17422.5,372002.33,2017,10
Central Maine Power,Maine,Oxford,Grafton,2,4,35.01,1488.0,2020,8
Versant Power,Maine,Washington,Beddington,240,257,611.65,178560.0,2018,10
Versant Power,Maine,Hancock,Mount Desert,81,114,270.73,58852.6,2017,9
Central Maine Power,Maine,Androscoggin,Livermore,1305,3211,50321.03,970944.05,2020,12
Central Maine Power,Maine,Somerset,Starks,294,297,421.16,212360.99,2021,6
Versant Power,Maine,Unknown,Woodland,75,135,438.33,53991.67,2017,9
Central Maine Power,Maine,Somerset,Lexington,156,309,624.32,116630.66,2019,8
Eastern Maine Power Cooperative,Maine,Washington,Crawford,11,16,14.67,5260.57,2020,1
Versant Power,Maine,Washington,Harrington,684,688,161.98,506823.75,2023,7
Versant Power,Maine,Unknown,Starboard,15,30,164.96,10800.0,2019,9
Versant Power,Maine,Hancock,Cranberry Isles,420,599,4974.24,312480.0,2021,10
Versant Power,Maine,Aroostook,T11 R4 Wels,126,127,63.32,93796.63,2021,7
Versant Power,Maine,Hancock,Stonington,1181,1935,7376.47,878664.0,2019,1
Versant Power,Maine,Hancock,Brooksville,812,962,857.55,604128.0,2018,10
Central Maine Power,Maine,Waldo,Morrill,468,618,7597.74,348702.5,2019,10
Versant Power,Maine,Penobscot,Mattamiscontis Twp,38,52,264.24,28272.0,2021,3
Central Maine Power,Maine,Somerset,Lexington,166,190,2724.88,111552.0,2022,2
Central Maine Power,Maine,Franklin,Avon,292,934,8576.89,217305.15,2021,3
Central Maine Power,Maine,Lincoln,Bremen,684,1623,13080.93,508980.36,2023,3
Central Maine Power,Maine,Kennebec,Mt Vernon,1335,2266,11203.82,993239.95,2020,10
Central Maine Power,Maine,Penobscot,Exeter,29,56,969.0,21576.0,2017,10
Central Maine Power,Maine,Piscataquis,Big Squaw,70,75,98.26,52401.51,2022,10
Central Maine Power,Maine,Oxford,Magalloway Plantation,73,365,3742.04,54312.0,2019,10
Versant Power,Maine,Aroostook,Silver Ridge Twp,43,84,62.94,31992.0,2022,5
Versant Power,Maine,Aroostook,Portage Lake,528,1058,714.34,393135.97,2020,5
Central Maine Power,Maine,Somerset,Concord,127,224,2624.83,94542.0,2017,10
Central Maine Power,Maine,Lincoln,Dresden,954,1302,2350.75,710419.0,2021,8
Central Maine Power,Maine,Waldo,Islesboro,1002,1198,920.73,746055.31,2022,1
Versant Power,Maine,Piscataquis,Barnard Twp,39,40,22.43,29144.96,2023,1
Versant Power,Maine,Unknown,T17 R5,301,479,241.78,223944.0,2018,7
Central Maine Power,Maine,Piscataquis,Wellington,181,482,6792.17,135403.33,2017,10
Versant Power,Maine,Penobscot,Old Town,4124,5058,14441.99,2969821.73,2020,11
Versant Power,Maine,Unknown,Oxbow Plantation,71,168,4032.0,47712.0,2018,2
Central Maine Power,Maine,Kennebec,Manchester,1551,1653,13164.69,1154296.92,2022,12
Versant Power,Maine,Aroostook,Crystal,107,121,433.91,80255.5,2021,3
Central Maine Power,Maine,Franklin,Sandy River Plantation,386,394,1035.81,287191.44,2021,5
Central Maine Power,Maine,Waldo,Liberty,850,853,10133.54,632475.39,2023,3
Versant Power,Maine,Unknown,Lamoine,4709,28571,152433.39,3350746.99,2016,12
Versant Power,Maine,Piscataquis,Milo,1450,2925,20236.88,1079272.37,2020,12
Central Maine Power,Maine,Sagadahoc,Arrowsic,306,383,2285.39,220320.0,2020,4
Versant Power,Maine,Unknown,Mt Desert,235,258,1888.0,169200.0,2018,11
Eastern Maine Power Cooperative,Maine,Washington,Talmadge,28,49,95.38,15367.19,2023,9
Versant Power,Maine,Hancock,Aurora,105,142,1922.06,78451.69,2020,12
Versant Power,Maine,Penobscot,Dedham,1340,1549,759.18,965396.7,2021,9
Central Maine Power,Maine,Sagadahoc,Bowdoinham,1646,2946,6923.66,1225347.22,2022,7
Versant Power,Maine,Washington,Columbia,21,51,588.64,15807.96,2018,3
Central Maine Power,Maine,Penobscot,Newburgh,67,116,399.7,36189.52,2023,9
Versant Power,Maine,Hancock,Trenton,1249,1447,432.3,898255.98,2019,6
Versant Power,Maine,Penobscot,Stillwater,178,195,1195.67,128160.0,2017,11
Versant Power,Maine,Aroostook,Mars Hill,756,2197,7303.02,561607.5,2017,10
Versant Power,Maine,Hancock,Franklin,1124,2178,22678.39,809418.28,2020,4
Versant Power,Maine,Hancock,Ellsworth,669,6093,61959.29,488230.24,2017,10
Central Maine Power,Maine,Piscataquis,Abbot,589,1550,11282.55,438491.01,2021,3
Central Maine Power,Maine,Oxford,Magalloway Plantation,72,216,527.98,53568.0,2018,1
Versant Power,Maine,Hancock,Aurora,111,112,213.69,82584.0,2019,12
Versant Power,Maine,Unknown,Clifton,4619,44625,325913.64,3344326.83,2016,12
Versant Power,Maine,Penobscot,Garland,492,895,2358.04,330624.0,2018,2
Versant Power,Maine,Hancock,Stonington,1185,1187,4547.34,853200.0,2019,9
Versant Power,Maine,Penobscot,Corinna,18,36,126.45,12960.0,2022,6
Versant Power,Maine,Penobscot,Soldiertown Twp T2 R7 Wels,10,51,255.22,8066.31,2020,12
Versant Power,Maine,Aroostook,Allagash,257,275,415.34,20459.67,2017,9
Central Maine Power,Maine,Somerset,Long Pond,95,98,160.26,70680.0,2020,7
Versant Power,Maine,Unknown,Pretty Marsh,101,141,2585.34,72720.0,2017,11
Versant Power,Maine,Hancock,Frenchboro,71,134,156.22,53059.03,2020,8
Central Maine Power,Maine,Penobscot,Stetson,690,980,1861.35,513531.01,2018,5
Versant Power,Maine,Penobscot,Kenduskeag,581,936,3084.13,432264.0,2018,8
Versant Power,Maine,Unknown,Larrabee,4,96,2284.68,2976.0,2017,12
Central Maine Power,Maine,Androscoggin,Livermore,1294,1332,1213.3,963466.13,2020,5
Central Maine Power,Maine,Piscataquis,Harfords Point,146,147,220.83,97704.01,2023,2
Central Maine Power,Maine,Penobscot,Levant,1486,1574,2353.53,999129.94,2023,2
Central Maine Power,Maine,Lincoln,Jefferson,1841,3254,4763.05,1369812.95,2020,7
Versant Power,Maine,Aroostook,Allagash,273,536,446.59,183959.68,2021,2
Central Maine Power,Maine,Piscataquis,Shirley,224,694,4005.34,167365.65,2021,3
Versant Power,Maine,Washington,Roque Bluffs,5,16,42.5,3446.33,2017,10
Central Maine Power,Maine,Franklin,Rangeley Plantation,562,669,2129.26,418611.68,2020,3
Central Maine Power,Maine,Somerset,Cambridge,275,954,19752.23,198004.49,2020,4
Central Maine Power,Maine,Kennebec,Vienna,460,515,669.07,342863.31,2021,12
Central Maine Power,Maine,Piscataquis,Big Squaw,70,72,147.53,52080.0,2020,7
Central Maine Power,Maine,Somerset,Canaan,1217,4440,61758.55,905634.11,2020,12
Central Maine Power,Maine,York,PORTLAND,1,2,29.48,744.0,2022,12
Central Maine Power,Maine,Franklin,New Vineyard,509,1449,14718.27,366480.0,2017,11
Versant Power,Maine,Washington,Northfield,213,300,395.01,158534.53,2020,12
Central Maine Power,Maine,Cumberland,Frye Island,562,679,2517.03,405042.99,2020,9
Central Maine Power,Maine,Lincoln,Hibberts Gore,1,2,14.51,744.0,2020,12
Versant Power,Maine,Unknown,Devereaux Twp,25,81,561.96,18648.99,2018,11
Central Maine Power,Maine,Kennebec,Mt Vernon,1390,5196,56823.33,1034145.83,2022,12
Central Maine Power,Maine,Waldo,Prospect,373,580,9311.83,278246.67,2017,10
Versant Power,Maine,Unknown,T 3 R 9 Nwp,1,2,9.17,744.0,2018,10
Central Maine Power,Maine,Knox,Washington,936,1017,3009.19,696740.33,2019,8
Central Maine Power,Maine,Androscoggin,Greene,2201,4597,53315.76,1585302.53,2020,4
Central Maine Power,Maine,Franklin,Madrid,208,626,1239.49,150136.69,2021,4
Central Maine Power,Maine,Somerset,Palmyra,1066,2258,34243.0,793106.32,2017,10
Central Maine Power,Maine,Franklin,Weld,633,634,1216.46,471359.05,2023,3
Versant Power,Maine,Aroostook,Easton,666,957,394.51,480981.69,2018,9
Central Maine Power,Maine,Penobscot,Kenduskeag,147,148,552.6,109636.54,2023,8
Central Maine Power,Maine,Somerset,Taunton & Raynham Academy Grant,586,1234,2442.09,436324.18,2019,8
Central Maine Power,Maine,Cumberland,Pownal,829,1175,1329.93,617239.38,2021,10
Central Maine Power,Maine,Lincoln,Newcastle,1276,1653,7579.32,949489.48,2019,5
Versant Power,Maine,Hancock,Great Pond,55,110,115.03,36960.0,2018,2
Versant Power,Maine,Penobscot,Newburgh,762,2145,34392.33,548640.0,2017,11
Versant Power,Maine,Washington,Cherryfield,674,698,846.26,485936.31,2018,4
Versant Power,Maine,Piscataquis,Lake View Plt,189,231,591.36,136080.0,2019,4
Central Maine Power,Maine,York,Arundel,1772,2433,30239.72,1275839.97,2017,11
Central Maine Power,Maine,Piscataquis,Frenchtown,115,116,135.3,82970.48,2022,9
Central Maine Power,Maine,Oxford,Otisfield,1341,2446,20120.52,965519.96,2017,11
Central Maine Power,Maine,Somerset,Starks,314,521,2667.26,171746.34,2023,9
Central Maine Power,Maine,Cumberland,Chebeague Island,559,924,2819.0,403196.83,2017,11
Central Maine Power,Maine,Piscataquis,Beaver Cove Plantation,264,831,4490.17,197118.15,2021,3
Central Maine Power,Maine,Somerset,Concord,126,163,2270.51,90720.0,2018,11
Eastern Maine Power Cooperative,Maine,Washington,Waite,82,189,520.63,61672.38,2022,12
Versant Power,Maine,Penobscot,Passadumkeag,231,489,1300.35,155232.0,2022,2
Versant Power,Maine,Aroostook,Fort Fairfield,1977,3707,8744.62,1471191.24,2020,12
Central Maine Power,Maine,Somerset,Jackman,817,912,1186.0,607848.0,2022,5
Versant Power,Maine,Hancock,Great Pond,57,112,196.33,38304.0,2019,2
Central Maine Power,Maine,Knox,Thomaston,1694,2006,10415.75,1260335.97,2023,3
Central Maine Power,Maine,Oxford,Albany,355,359,1475.99,264120.0,2019,1
Versant Power,Maine,Unknown,Littleton,661,886,1805.46,466856.67,2017,6
Versant Power,Maine,Hancock,Sullivan,468,1371,4871.78,348192.0,2018,10
Central Maine Power,Maine,Franklin,Industry,570,1532,7281.43,424469.97,2021,3
Central Maine Power,Maine,Oxford,Albany,355,414,690.0,255600.0,2017,9
Versant Power,Maine,Unknown,T28 Md,1884,24824,176996.13,1226634.49,2016,12
Versant Power,Maine,Penobscot,Orrington,1967,4136,5091.9,1463448.0,2019,7
Central Maine Power,Maine,Kennebec,Randolph,978,1953,1628.54,728152.35,2020,7
Central Maine Power,Maine,Cumberland,Frye Island,560,2240,37618.15,416757.02,2020,12
Versant Power,Maine,Penobscot,Exeter,510,543,1676.3,379440.0,2019,5
Versant Power,Maine,Washington,Northfield,209,213,919.1,155496.0,2018,10
Central Maine Power,Maine,Lincoln,Dresden,945,1014,4745.68,703546.68,2019,8
Versant Power,Maine,Aroostook,Fort Kent,2426,3085,3962.48,1805382.64,2020,10
Central Maine Power,Maine,Franklin,Alder Stream,12,13,23.8,9573.99,2020,8
Central Maine Power,Maine,Franklin,Avon,309,639,879.54,230539.51,2018,7
Central Maine Power,Maine,York,Buxton,4070,6518,88896.87,3028422.35,2022,12
Versant Power,Maine,Aroostook,Nashville,1,37,10.05,796.46,2019,11
Versant Power,Maine,Hancock,Birch Harbor,1,2,0.0,1047.6,2020,4
Versant Power,Maine,Unknown,Pretty Marsh,3191,17839,38572.13,2394562.24,2016,12
Central Maine Power,Maine,Penobscot,Newport,2141,2698,6951.56,1593653.77,2020,8
Central Maine Power,Maine,Piscataquis,Wellington,178,344,362.43,132934.67,2017,12
Versant Power,Maine,Penobscot,Greenfield Twp,161,478,1972.16,115920.0,2022,4
Versant Power,Maine,Unknown,"T16, R4, 5,6,8,9",1600,1601,2150.28,779529.13,2017,1
Central Maine Power,Maine,Sagadahoc,Arrowsic,289,867,11533.16,215016.0,2017,10
Versant Power,Maine,Hancock,Bucksport,161,453,7485.84,115920.0,2017,11
Versant Power,Maine,Hancock,Brooksville,812,1277,19497.29,584639.96,2017,11
Central Maine Power,Maine,Franklin,New Sharon,820,2270,37761.24,590633.66,2020,4
Versant Power,Maine,Hancock,Osborn,40,120,387.37,29760.0,2023,1
Central Maine Power,Maine,Franklin,Davis,37,57,301.29,27140.65,2023,5
Versant Power,Maine,Hancock,Sullivan,456,550,7326.15,328320.0,2017,11
Versant Power,Maine,Aroostook,T1 R8 Wels,28,68,645.48,20832.0,2020,12
Versant Power,Maine,Unknown,E Plantation,53,110,96.75,1376.74,2016,11
Versant Power,Maine,Aroostook,Caribou,4461,5025,13160.74,3319243.97,2020,12
Central Maine Power,Maine,York,Shapleigh,2334,2720,17103.79,1681132.26,2018,11
Central Maine Power,Maine,Franklin,Coplin Plantation,216,248,2513.31,155520.0,2018,11
Central Maine Power,Maine,Waldo,Belmont,519,649,6881.15,374170.48,2019,11
Versant Power,Maine,Unknown,Saint John,162,3521,84054.97,120528.0,2018,1
Versant Power,Maine,Aroostook,Wade,142,275,110.35,102240.0,2019,4
Central Maine Power,Maine,Waldo,Knox,420,556,5871.32,313069.97,2020,12
Central Maine Power,Maine,Kennebec,Benton,1386,1719,29416.58,997938.63,2020,4
Versant Power,Maine,Penobscot,Molunkus Twp,33,68,415.77,24365.03,2022,12
Central Maine Power,Maine,Franklin,Perkins,21,43,72.85,15120.0,2022,11
Versant Power,Maine,Penobscot,Milford,1554,2965,49680.06,1119599.32,2017,11
Central Maine Power,Maine,Somerset,Anson,709,994,10258.81,510995.46,2019,11
Versant Power,Maine,Washington,Beddington,240,263,347.37,172800.0,2017,11
Central Maine Power,Maine,Somerset,Moose River,208,609,5206.17,154752.0,2017,10
Central Maine Power,Maine,Somerset,Rockwood Strip T2r1,3,6,30.23,2016.0,2022,2
Versant Power,Maine,Aroostook,Washburn,634,949,1340.36,475056.0,2017,10
Central Maine Power,Maine,Somerset,West Forks Plantation,115,246,1709.38,82817.19,2018,11
Versant Power,Maine,Aroostook,Winterville Plt,244,492,821.45,176172.18,2022,11
Central Maine Power,Maine,Penobscot,Exeter,26,65,1309.04,19978.68,2018,3
Versant Power,Maine,Penobscot,Bradley,31,1273,20428.76,21385.13,2017,10
Versant Power,Maine,Hancock,Bass Harbor,217,474,870.23,149572.51,2020,2
Central Maine Power,Maine,Franklin,Rangeley Plantation,562,847,12923.85,404639.99,2020,4
Central Maine Power,Maine,Somerset,Mercer,479,967,1327.03,356809.49,2022,10
Eastern Maine Power Cooperative,Maine,Penobscot,Mattawamkeag,340,2213,5587.07,253260.98,2022,12
Versant Power,Maine,Washington,Steuben,72,274,1181.37,53952.67,2017,10
Versant Power,Maine,Aroostook,Portage,528,530,546.99,392832.0,2018,8
Versant Power,Maine,Penobscot,Corinth,1390,2947,8699.51,1000799.98,2018,11
Central Maine Power,Maine,Piscataquis,Harfords Point,144,284,3564.33,107136.0,2017,10
Versant Power,Maine,Hancock,Sullivan,456,461,181.42,339264.0,2018,1
Eastern Maine Power Cooperative,Maine,Aroostook,Weston,51,67,85.54,34798.6,2022,2
Versant Power,Maine,Hancock,Aurora,107,512,8330.3,77040.0,2017,11
Versant Power,Maine,Hancock,Brooklin,903,1130,1596.45,672341.62,2022,10
Central Maine Power,Maine,Penobscot,Exeter,28,112,2688.0,18816.0,2018,2
Versant Power,Maine,Penobscot,Charleston,614,1172,12075.83,442079.99,2019,11
Central Maine Power,Maine,Lincoln,Edgecomb,985,2232,6254.46,733370.23,2022,8
Central Maine Power,Maine,Piscataquis,Frenchtown,100,104,124.64,72647.31,2018,4
Central Maine Power,Maine,Piscataquis,Greenville,1818,1859,2543.77,1353043.33,2019,8
Eastern Maine Power Cooperative,Maine,Washington,Calais,830,3967,28902.3,591345.09,2022,4
Eastern Maine Power Cooperative,Maine,Washington,Baring,431,750,129.76,310266.49,2023,3
Central Maine Power,Maine,Somerset,Long Pond,94,188,382.09,69936.0,2018,7
Versant Power,Maine,Washington,Pembroke,518,621,605.45,385392.0,2019,12
Versant Power,Maine,Penobscot,Dedham,1336,1529,687.77,962552.97,2022,9
Central Maine Power,Maine,York,Scarborough,13,17,29.64,6696.83,2021,1
Central Maine Power,Maine,Oxford,Buckfield,1055,1662,20863.6,759600.0,2017,11
Versant Power,Maine,Penobscot,Hudson,848,884,7594.02,1254705.02,2023,8
Central Maine Power,Maine,Oxford,Peru,1033,2385,1624.43,743827.18,2019,11
Versant Power,Maine,Unknown,Caswell,3290,6273,9012.81,2390984.15,2016,12
Central Maine Power,Maine,Oxford,POLAND,3,14,131.8,2230.0,2022,12
Versant Power,Maine,Penobscot,Bangor,436,1787,1281.63,324781.2,2017,8
Versant Power,Maine,Unknown,Pretty Marsh,101,189,274.65,72720.0,2019,6
Versant Power,Maine,Hancock,Deer Isle,1835,5625,46218.77,1365809.17,2019,10
Versant Power,Maine,Aroostook,Allagash,282,567,1420.85,203040.0,2022,11
Versant Power,Maine,Washington,Beals,405,407,613.31,272265.15,2021,2
Central Maine Power,Maine,Franklin,New Sharon,840,898,1049.34,604975.97,2021,4
Versant Power,Maine,Washington,Eastport,1253,1735,15101.69,698686.84,2023,9
Versant Power,Maine,Penobscot,Dedham,1341,1851,14053.55,997841.85,2022,12
Versant Power,Maine,Penobscot,Clifton,627,1477,1367.36,451440.0,2019,4
Central Maine Power,Maine,Somerset,Sapling,15,30,47.5,11160.0,2020,5
Central Maine Power,Maine,Lincoln,South Bristol,1182,1563,13437.68,676374.71,2023,9
Central Maine Power,Maine,Androscoggin,Leeds,1132,1578,2687.25,815521.31,2018,6
Versant Power,Maine,Aroostook,Masardis,194,336,504.22,144974.74,2021,7
Versant Power,Maine,Aroostook,Ludlow,17,36,24.5,12493.98,2020,4
Central Maine Power,Maine,Piscataquis,Wellington,178,579,5806.66,132802.17,2018,10
Central Maine Power,Maine,Franklin,Madrid,209,1075,12992.06,155496.0,2021,3
Central Maine Power,Maine,Androscoggin,Poland,3363,12020,152176.53,2502680.56,2022,12
Central Maine Power,Maine,Penobscot,Corinth,19,115,2351.79,14182.49,2020,4
Versant Power,Maine,Hancock,East Blue Hill,33,79,1239.33,24745.67,2017,10
Eastern Maine Power Cooperative,Maine,Aroostook,Hersey,640,861,221.59,425933.3,2023,2
Central Maine Power,Maine,Franklin,Rangeley,1936,2961,39965.86,1441108.69,2017,10
Versant Power,Maine,Hancock,Fletchers Landing Twp,20,44,77.33,13641.29,2019,2
Central Maine Power,Maine,Somerset,Solon,696,2014,27270.04,501120.0,2017,11
Central Maine Power,Maine,Knox,Washington,954,1010,1671.25,687378.4,2021,6
Central Maine Power,Maine,Kennebec,Benton,1367,2024,1562.32,984449.27,2018,6
Versant Power,Maine,Washington,Edmunds Twp,143,153,334.78,102960.0,2019,11
Central Maine Power,Maine,Penobscot,Etna,666,872,5889.46,495906.43,2022,12
Central Maine Power,Maine,Kennebec,Fayette,928,1648,2911.2,691042.98,2020,3
Versant Power,Maine,Washington,Beals,402,474,4172.69,225153.17,2023,9
Versant Power,Maine,Washington,Marshfield,222,294,3927.92,161299.13,2018,11
Central Maine Power,Maine,Lincoln,Boothbay,2802,5212,10464.06,2085012.92,2017,12
Central Maine Power,Maine,Kennebec,Farmingdale,1597,3154,41330.34,1188900.32,2017,10
Versant Power,Maine,Hancock,Great Pond,66,138,515.5,37522.21,2023,9
Central Maine Power,Maine,Franklin,Fayette,1,2,5.5,744.0,2022,7
Versant Power,Maine,Penobscot,Eddington,1346,2290,27970.21,968245.34,2018,11
Eastern Maine Power Cooperative,Maine,Washington,Wesley,75,80,19.68,52200.0,2020,2
Versant Power,Maine,Penobscot,Edinburg,67,122,537.56,45590.31,2019,2
Central Maine Power,Maine,Somerset,Brassua,1,2,2.33,744.0,2022,10
Versant Power,Maine,Aroostook,Benedicta,189,382,674.04,136552.33,2018,11
Central Maine Power,Maine,Androscoggin,Livermore,1325,1736,3491.73,986590.17,2021,7
Eastern Maine Power Cooperative,Maine,Aroostook,Houlton,3,9,107.34,2475.67,2022,12
Versant Power,Maine,Penobscot,Orrington,2013,2818,6439.8,1497948.56,2020,12
Central Maine Power,Maine,Somerset,Harmony,580,1084,1048.02,431520.0,2017,12
Central Maine Power,Maine,Oxford,Lower Cupsuptic,7,15,106.98,5538.01,2019,10
Versant Power,Maine,Unknown,Saint John,5057,5859,11458.58,3697416.64,2016,12
Versant Power,Maine,Washington,Woodland,340,434,620.74,244800.0,2018,4
Versant Power,Maine,Penobscot,Millinocket,2698,3131,26251.75,2007783.91,2020,12
Central Maine Power,Maine,Somerset,Sapling,13,37,126.07,9360.0,2020,9
Central Maine Power,Maine,York,North Berwick,2351,3133,29931.12,1692719.97,2017,11
Versant Power,Maine,Aroostook,Stockholm,163,164,341.13,117892.02,2020,4
Versant Power,Maine,Hancock,Bass Harbor,477,1198,15588.65,355085.34,2019,10
Central Maine Power,Maine,Knox,Camden,3743,4094,55558.08,2784843.45,2017,10
Versant Power,Maine,Washington,Whiting,433,860,9552.52,322152.0,2022,12
Central Maine Power,Maine,Kennebec,Pittston,1475,1551,2119.11,1062611.28,2021,11
Versant Power,Maine,Unknown,"T2, R4, 6,7,8",57,114,166.83,41040.0,2019,4
Central Maine Power,Maine,Franklin,Madrid,201,878,11120.39,144720.0,2020,4
Central Maine Power,Maine,Piscataquis,Beaver Cove Plantation,266,323,507.64,198034.31,2020,7
Central Maine Power,Maine,Lincoln,Nobleboro,1376,1480,10292.45,991103.06,2018,11
Versant Power,Maine,Penobscot,East Millinocket,6,16,16.83,4864.67,2017,9
Versant Power,Maine,Penobscot,Seboeis Plt,52,177,1779.17,37440.0,2017,11
Versant Power,Maine,Hancock,Surry,11,38,56.67,8049.0,2017,8
Versant Power,Maine,Washington,Whiting,433,656,5314.46,242741.25,2023,9
Central Maine Power,Maine,Lincoln,Nobleboro,1362,2805,43291.95,1013327.98,2017,10
Versant Power,Maine,Piscataquis,Brownville,557,939,3675.65,401528.33,2017,11
Eastern Maine Power Cooperative,Maine,Washington,Unknown,3788,11140,17851.06,2735987.33,2019,6
Versant Power,Maine,Penobscot,Corinth,1433,2142,29754.13,1066323.75,2022,12
Eastern Maine Power Cooperative,Maine,Washington,Lambert Lake,5,8,49.51,2204.12,2020,1
Central Maine Power,Maine,Franklin,Temple,319,976,4515.39,237336.0,2018,5
Central Maine Power,Maine,York,Lebanon,3277,8211,24683.24,2438808.43,2021,5
Central Maine Power,Maine,Cumberland,Cape Elizabeth,4526,5796,53009.52,3367842.87,2022,12
Versant Power,Maine,Hancock,Brooklin,900,2320,12709.02,669957.99,2020,12
Central Maine Power,Maine,Oxford,Brownfield,1151,1915,1270.79,773976.41,2023,2
Versant Power,Maine,Hancock,Trenton,232,2116,28268.83,132516.65,2017,10
Versant Power,Maine,Penobscot,Olamon,4,17,216.17,3039.5,2017,10
Central Maine Power,Maine,Oxford,Roxbury,457,631,1584.55,340008.0,2021,1
Versant Power,Maine,Washington,Trescott Twp,215,468,3611.19,120283.76,2023,9
Central Maine Power,Maine,Piscataquis,Blanchard Plantation,112,377,3942.36,83328.0,2021,3
Versant Power,Maine,Penobscot,Burlington,253,427,1526.45,182160.0,2017,11
Central Maine Power,Maine,Piscataquis,Cove Point,7,21,439.32,5208.0,2020,12
Eastern Maine Power Cooperative,Maine,Aroostook,Monarda,17,34,0.0,1797.02,2023,6
Central Maine Power,Maine,Oxford,Adamstown,63,126,422.08,45360.0,2021,4
Versant Power,Maine,Washington,Edmunds Twp,172,325,4771.45,97475.11,2023,9
Versant Power,Maine,Unknown,"Squa Pan T11, R4,7,8",127,251,912.91,91440.0,2018,11
Central Maine Power,Maine,Lincoln,Edgecomb,995,2096,5170.2,721015.54,2023,5
Central Maine Power,Maine,Franklin,Phillips,709,2179,4238.88,511033.84,2021,4
Versant Power,Maine,Penobscot,Argyle Twp,147,154,192.57,109368.0,2023,3
Versant Power,Maine,Penobscot,Newburgh,762,1580,5524.25,566927.99,2019,10
Central Maine Power,Maine,Kennebec,Gardiner,3224,3514,52904.36,2321279.88,2017,11
Versant Power,Maine,Hancock,Franklin,1125,1417,8934.04,809999.96,2019,11
Central Maine Power,Maine,York,Hiram,2,9,93.16,1488.0,2022,12
Central Maine Power,Maine,Lincoln,Boothbay Harbor,2583,4938,67879.04,1922511.74,2019,10
Central Maine Power,Maine,Franklin,Weld,609,939,2492.94,438881.48,2019,6
Versant Power,Maine,Hancock,Bernard,91,207,380.34,63233.91,2020,2
Eastern Maine Power Cooperative,Maine,Penobscot,Patten,36,68,48.32,20359.65,2023,9
Eastern Maine Power Cooperative,Maine,Aroostook,Bancroft,1878,3535,1208.68,1397232.0,2022,1
Versant Power,Maine,Washington,Edmunds Twp,170,336,269.54,122400.0,2020,6
Central Maine Power,Maine,Oxford,Lovell,1395,1412,1943.68,1032856.21,2023,5
Central Maine Power,Maine,Somerset,Rockwood Strip T2r1,42,189,549.89,30874.99,2019,4
Central Maine Power,Maine,Franklin,Chain Of Ponds,3,6,3.98,2232.0,2020,3
Versant Power,Maine,Hancock,Tremont,1513,2931,2489.67,1126051.29,2021,7
Central Maine Power,Maine,Oxford,Jay,3,5,6.83,2232.0,2021,8
Central Maine Power,Maine,Waldo,Liberty,827,834,1325.91,615278.81,2019,7
Central Maine Power,Maine,Piscataquis,Lily Bay,113,452,1393.63,81360.0,2018,11
Central Maine Power,Maine,Oxford,Lovell,1399,1453,1471.99,1015563.63,2023,7
Versant Power,Maine,Penobscot,Clifton,545,903,546.49,405480.0,2021,1
Versant Power,Maine,Hancock,Stonington,1180,5231,18717.9,878413.3,2018,10
Central Maine Power,Maine,Somerset,New Portland,659,1499,26802.18,474480.0,2020,4
Central Maine Power,Maine,Oxford,Mason,50,100,304.65,37200.0,2018,1
Central Maine Power,Maine,Somerset,Mercer,456,475,2442.52,339854.48,2018,5
Versant Power,Maine,Washington,Columbia Falls,372,540,298.8,270504.93,2023,7
Central Maine Power,Maine,Waldo,Swanville,960,2285,32138.62,714536.12,2022,12
Central Maine Power,Maine,York,Cornish,949,3370,40812.25,706416.64,2022,12
Central Maine Power,Maine,Androscoggin,Turner,3085,7750,86370.97,2295559.08,2022,12
Versant Power,Maine,Hancock,Bar Harbor,9,69,102.17,7177.5,2017,8
Central Maine Power,Maine,Penobscot,Hermon,2831,3077,3277.68,2038768.12,2021,6
Versant Power,Maine,Penobscot,Medway,728,780,408.92,524160.0,2019,6
Central Maine Power,Maine,Lincoln,South Bristol,1169,2877,39589.98,869796.36,2020,12
Versant Power,Maine,Aroostook,T15 R6 Wels,12,13,15.16,9217.81,2022,1
Versant Power,Maine,Hancock,Hancock,12,37,47.63,9246.8,2017,8
Central Maine Power,Maine,Kennebec,Vienna,455,918,4641.69,328307.02,2020,9
Central Maine Power,Maine,Franklin,Davis,33,56,42.09,22176.0,2018,2
Versant Power,Maine,Washington,Machias,16,23,32.0,9816.0,2017,8
Central Maine Power,Maine,Waldo,Burnham,768,823,729.47,572021.32,2020,7
Versant Power,Maine,Hancock,Orland,48,82,123.62,34560.0,2021,6
Central Maine Power,Maine,Franklin,Salem,184,186,837.51,132480.0,2017,11
Central Maine Power,Maine,Piscataquis,Elliottsville,95,285,5070.51,70802.1,2020,12
Central Maine Power,Maine,Somerset,Moscow,404,416,948.41,297903.35,2023,8
Central Maine Power,Maine,Penobscot,Plymouth,704,2149,38733.56,507382.0,2020,4
Central Maine Power,Maine,Piscataquis,Beaver Cove Plantation,264,583,1087.47,190726.02,2020,4
Versant Power,Maine,Washington,Dennysville,190,343,367.89,136800.0,2022,6
Versant Power,Maine,Unknown,Lakeview Plt,452,616,5967.46,336288.0,2019,10
Versant Power,Maine,Washington,Addison,526,1151,664.79,387879.07,2018,1
Versant Power,Maine,Aroostook,Stockholm,170,356,374.75,122400.0,2022,9
Central Maine Power,Maine,Waldo,Stockton Springs,1149,1151,383.67,855138.64,2022,3
Central Maine Power,Maine,Knox,Cushing,992,1919,16370.4,738351.0,2017,10
Versant Power,Maine,Hancock,Great Pond,57,124,1165.76,41040.0,2018,11
Central Maine Power,Maine,Somerset,Sapling,14,36,61.84,10416.0,2018,8
Eastern Maine Power Cooperative,Maine,Washington,Meddybemps,112,273,1309.27,61441.22,2023,9
Eastern Maine Power Cooperative,Maine,Washington,Baileyville,141,498,392.49,98980.19,2020,2
Versant Power,Maine,Aroostook,Wade,144,284,353.31,107136.0,2021,7
Central Maine Power,Maine,Somerset,Pleasant Ridge Plantation,67,1980,47520.0,48240.0,2017,11
Versant Power,Maine,Aroostook,Allagash,273,582,975.8,203112.0,2021,3
Versant Power,Maine,Unknown,T4 Indian Purchase Twp,240,690,1625.42,178560.0,2018,5
Versant Power,Maine,Aroostook,E Twp,60,156,2300.39,44640.0,2022,12
Central Maine Power,Maine,Franklin,Rangeley Plantation,565,1388,1357.33,420723.55,2018,7
Central Maine Power,Maine,Piscataquis,Frenchtown,113,114,113.87,84455.98,2022,5
Versant Power,Maine,Unknown,"T15, R5, 6,8,9",10,11,5.5,7641.83,2018,7
Versant Power,Maine,Aroostook,Madawaska Lake Twp,256,763,1781.97,190588.64,2022,7
Versant Power,Maine,Hancock,Orland,44,45,74.22,32736.0,2019,12
Central Maine Power,Maine,Franklin,Stetsontown,73,164,179.43,52902.49,2020,6
Versant Power,Maine,Hancock,Stonington,1181,2756,9877.99,879295.59,2020,12
Central Maine Power,Maine,Somerset,Starks,312,346,277.2,232128.0,2023,1
Versant Power,Maine,Piscataquis,Barnard Twp,40,79,60.69,29653.95,2023,5
Versant Power,Maine,Aroostook,T15 R6 Wels,13,26,23.88,9672.0,2022,5
Central Maine Power,Maine,Franklin,Freeman,238,521,1535.37,177072.0,2020,3
Central Maine Power,Maine,Sagadahoc,Georgetown,1204,1279,1422.02,867022.49,2020,4
Central Maine Power,Maine,Oxford,Adamstown,65,263,163.83,48398.73,2023,5
Versant Power,Maine,Penobscot,Brewer,5169,5772,22082.69,3845715.46,2020,12
Central Maine Power,Maine,Franklin,Eustis,858,1031,15665.48,617932.32,2018,11
Versant Power,Maine,Hancock,Winter Harbor,610,3303,25900.45,453840.0,2022,12
Versant Power,Maine,Aroostook,Van Buren,3,9,175.5,175.5,2017,8
Versant Power,Maine,Penobscot,Soldiertown Twp T2 R7 Wels,12,18,4.27,8619.07,2023,6
Versant Power,Maine,Aroostook,Westfield,11,82,135.17,8743.0,2017,9
Central Maine Power,Maine,Oxford,Mason,51,56,652.23,38564.65,2020,12
Versant Power,Maine,Washington,Bucks Harbor,49,86,807.66,36370.68,2018,3
Versant Power,Maine,Penobscot,Corinth,106,2966,41587.14,77247.98,2017,10
Versant Power,Maine,Aroostook,Eagle Lake,755,1549,2297.98,562386.86,2020,10
Central Maine Power,Maine,Franklin,Rangeley Plantation,592,2513,14658.78,440797.13,2022,12
Central Maine Power,Maine,Oxford,Milton,78,149,1545.5,58032.0,2020,12
Central Maine Power,Maine,Lincoln,Southport,1186,1740,17360.31,632420.42,2023,9
Versant Power,Maine,Penobscot,Medway,728,894,50.15,489216.0,2019,2
Versant Power,Maine,Aroostook,Saint Francis,299,349,843.33,222521.0,2017,10
Central Maine Power,Maine,Waldo,Swanville,882,2729,36698.45,635039.99,2017,11
Versant Power,Maine,Hancock,Stonington,1180,3445,7886.96,878612.02,2021,10
Central Maine Power,Maine,Waldo,Morrill,468,523,3120.74,348904.23,2020,12
Eastern Maine Power Cooperative,Maine,Aroostook,Danforth,13,32,0.0,5147.91,2023,9
Eastern Maine Power Cooperative,Maine,Aroostook,Unknown,1064,2013,5076.62,791113.12,2018,5
Versant Power,Maine,Aroostook,Nashville,34,748,17181.33,17181.33,2017,10
Central Maine Power,Maine,Oxford,Milton,74,623,13569.33,53280.0,2017,11
Eastern Maine Power Cooperative,Maine,Aroostook,Linneus,7,8,0.34,5040.0,2020,6
Central Maine Power,Maine,Piscataquis,Little Squaw,138,139,217.76,102807.69,2022,1
Central Maine Power,Maine,Sagadahoc,Georgetown,1212,1900,2861.07,901996.22,2021,3
Versant Power,Maine,Aroostook,Wade,146,193,1728.84,108702.78,2022,12
Versant Power,Maine,Washington,Northfield,210,215,1083.17,156580.16,2019,10
Versant Power,Maine,Penobscot,Woodville,114,120,26.46,84816.0,2018,7
Versant Power,Maine,Hancock,Tremont,1511,1545,2816.76,1124682.67,2021,3
Central Maine Power,Maine,Piscataquis,Big Squaw,66,218,570.84,47520.0,2018,11
Versant Power,Maine,Unknown,T7 Sd,10,310,7440.0,7440.0,2017,12
Versant Power,Maine,Piscataquis,Milo,139,223,85.83,85556.67,2017,8
Versant Power,Maine,Washington,Eastport,135,1254,7702.84,94824.15,2017,11
Versant Power,Maine,Penobscot,Winn,236,1829,43072.16,175584.0,2017,12
Central Maine Power,Maine,Oxford,Stoneham,354,808,6251.54,263549.52,2021,3
Central Maine Power,Maine,Franklin,Stetsontown,72,73,143.83,54038.2,2021,10
Central Maine Power,Maine,Kennebec,Randolph,980,1003,2306.11,729641.26,2021,8
Eastern Maine Power Cooperative,Maine,Aroostook,Reed,194,392,355.21,111349.5,2023,9
Versant Power,Maine,Hancock,Deer Isle,364,578,1766.16,262395.0,2017,9
Eastern Maine Power Cooperative,Maine,Washington,Brookton,5,6,3.0,2381.63,2020,1
Central Maine Power,Maine,Piscataquis,Little Squaw,173,174,272.11,129351.33,2019,8
Versant Power,Maine,Hancock,West Tremont,222,299,1840.79,165168.0,2018,3
Versant Power,Maine,Aroostook,Portage Lake,533,1069,5995.11,397231.05,2020,12
Central Maine Power,Maine,Oxford,Magalloway Plantation,74,222,574.97,55056.0,2020,10
Versant Power,Maine,Washington,Jonesport,226,295,594.55,169154.42,2017,12
Versant Power,Maine,Aroostook,New Limerick,14,434,10416.0,10416.0,2017,12
Central Maine Power,Maine,Franklin,Stetsontown,72,145,470.89,51840.0,2021,4
Central Maine Power,Maine,Cumberland,Frye Island,563,704,2246.86,419286.57,2020,10
Central Maine Power,Maine,Franklin,Coburn Gore,48,71,126.35,36301.98,2021,12
Central Maine Power,Maine,Waldo,Belmont,512,1342,17957.31,368640.0,2017,11
Versant Power,Maine,Unknown,Long A Twp,53,116,577.86,38160.0,2019,4
Central Maine Power,Maine,Somerset,Mercer,477,496,0.18,352009.3,2023,7
Central Maine Power,Maine,Piscataquis,Little Squaw,138,139,206.41,103094.49,2022,10
Central Maine Power,Maine,Lincoln,Southport,1177,2689,34110.25,875893.56,2022,12
Central Maine Power,Maine,Kennebec,Mt Vernon,1386,1661,3552.62,781660.68,2023,9
Central Maine Power,Maine,Franklin,Carthage,331,626,669.37,238873.0,2019,6
Central Maine Power,Maine,York,Waterboro,4069,8743,83629.92,3027586.62,2020,8
Central Maine Power,Maine,Oxford,Canton,519,841,2240.03,361826.17,2020,2
Central Maine Power,Maine,York,Waterboro,4194,14565,204308.59,3120441.33,2022,12
Central Maine Power,Maine,Kennebec,Vassalboro,2491,4529,61434.29,1793594.04,2020,4
Versant Power,Maine,Aroostook,Woodland,345,637,4879.39,248399.99,2018,11
Versant Power,Maine,Aroostook,New Canada,138,219,307.9,102879.99,2018,10
Central Maine Power,Maine,Piscataquis,Harfords Point,139,273,1967.65,100295.34,2020,4
Central Maine Power,Maine,Androscoggin,New Gloucester,5,8,10.01,3600.0,2021,6
Central Maine Power,Maine,Oxford,Porter,932,1330,2829.31,693984.65,2023,1
Versant Power,Maine,Piscataquis,Barnard Twp,39,78,233.71,29418.36,2022,8
Versant Power,Maine,Hancock,Tremont,1521,4665,70919.66,1132348.06,2022,12
Central Maine Power,Maine,Knox,St George,2408,4735,61372.62,1792098.47,2023,3
Central Maine Power,Maine,Knox,Appleton,727,1018,1112.33,541301.49,2018,1
Central Maine Power,Maine,Oxford,Peru,1043,2873,17019.7,776374.85,2022,12
Versant Power,Maine,Hancock,Surry,1185,2026,39691.29,853199.94,2017,11
Versant Power,Maine,Unknown,Newburgh,3,4,7.67,2249.17,2017,9
Versant Power,Maine,Penobscot,Stacyville,148,299,241.96,106743.85,2022,11
Versant Power,Maine,Aroostook,Oxbow North Twp,71,75,33.11,51139.27,2020,9
Central Maine Power,Maine,Somerset,Brassua,1,8,21.5,720.0,2018,11
Versant Power,Maine,Aroostook,Nashville,37,46,222.81,26640.0,2018,11
Eastern Maine Power Cooperative,Maine,Penobscot,Mount Chase,13,19,80.16,1928.53,2020,1
Central Maine Power,Maine,Penobscot,Stetson,709,1249,2953.73,527998.15,2020,5
Versant Power,Maine,Aroostook,Sherman,450,1000,2120.99,334800.0,2017,10
Versant Power,Maine,Hancock,Sargentville,117,468,1562.95,87048.0,2018,10
Central Maine Power,Maine,York,Lebanon,3182,3967,4810.72,2367727.24,2019,5
Central Maine Power,Maine,Sagadahoc,Georgetown,1200,1225,10908.25,892799.99,2018,3
Central Maine Power,Maine,Waldo,Thorndike,416,830,1112.21,309595.34,2018,7
Central Maine Power,Maine,Piscataquis,Blanchard Plantation,114,196,173.93,85159.48,2022,12
Central Maine Power,Maine,Piscataquis,Elliottsville,96,97,32.36,69210.32,2019,6
Central Maine Power,Maine,Kennebec,Fayette,922,925,1304.7,685968.0,2019,3
Versant Power,Maine,Aroostook,T17 R3 Wels,138,139,5.48,102502.53,2023,5
Versant Power,Maine,Unknown,Indian Island,1300,18004,10294.82,888258.04,2016,12
Versant Power,Maine,Hancock,Bucksport,161,378,753.49,119784.0,2019,7
Versant Power,Maine,Penobscot,Carmel,41,44,120.72,29520.0,2021,9
Versant Power,Maine,Unknown,T1 R9 Wels,205,688,8421.67,152656.0,2017,10
Versant Power,Maine,Aroostook,Sherman,464,738,3182.35,311405.59,2023,2
Versant Power,Maine,Piscataquis,Levant,25,47,606.62,18600.0,2020,12
Versant Power,Maine,Penobscot,T3 Indian Purchase Twp,145,345,1147.39,104400.0,2020,9
Eastern Maine Power Cooperative,Maine,Washington,Calais,91,172,41.41,67553.47,2021,12
Versant Power,Maine,Aroostook,Monticello,339,489,1199.7,244080.0,2018,11
Central Maine Power,Maine,Piscataquis,Elliottsville,95,477,3253.6,69057.84,2019,11
Central Maine Power,Maine,Somerset,Bingham,632,1172,1569.99,470774.49,2020,10
Central Maine Power,Maine,York,Newfield,1234,2520,39330.17,888479.97,2017,11
Versant Power,Maine,Unknown,Great Pond,0,1,0.0,290.0,2017,9
Versant Power,Maine,Aroostook,Oxbow North Twp,71,144,88.48,52925.32,2020,5
Central Maine Power,Maine,Piscataquis,Beaver Cove Plantation,268,471,793.16,199492.97,2022,10
Central Maine Power,Maine,Lincoln,Alna,404,454,556.98,271631.6,2019,2
Versant Power,Maine,Piscataquis,Medford,154,248,5952.0,114576.0,2017,12
Versant Power,Maine,Hancock,Brooksville,1018,1194,433.85,757960.16,2022,10
Central Maine Power,Maine,Somerset,Harmony,586,969,6361.73,436339.66,2018,10
Versant Power,Maine,Penobscot,Hudson,840,3438,7561.12,1251338.7,2022,8
Central Maine Power,Maine,Oxford,Albany,354,857,12536.83,264115.33,2017,10
Central Maine Power,Maine,York,Lyman,2419,8142,83980.29,1800098.03,2022,12
Central Maine Power,Maine,Franklin,Kingfield,851,1533,4783.06,613062.98,2021,4
Versant Power,Maine,Hancock,Seal Harbor,103,744,13105.0,76333.66,2017,10
Versant Power,Maine,Penobscot,Lincoln,211,3081,33818.28,151374.3,2017,10
Versant Power,Maine,Penobscot,Orono,3541,9276,83145.04,2550340.43,2020,4
Versant Power,Maine,Unknown,T4 Indian Purchase Twp,240,479,2128.98,172800.0,2019,4
Versant Power,Maine,Piscataquis,Atkinson,182,345,1003.77,135408.0,2022,8
Versant Power,Maine,Piscataquis,Dover-foxcroft,17,48,439.64,12648.0,2020,12
Versant Power,Maine,Piscataquis,T1 R9 Wels,353,355,948.04,237216.0,2022,2
Central Maine Power,Maine,Waldo,Unity,1113,1298,1900.66,828595.34,2018,8
Versant Power,Maine,Washington,Woodland,340,1974,45339.83,244800.0,2017,11
Central Maine Power,Maine,Waldo,Winterport,1511,3007,52300.29,1124925.67,2017,10
Versant Power,Maine,Unknown,T19 Md Bpp,9,279,6696.0,6696.0,2017,12
Central Maine Power,Maine,Somerset,Fairfield,3431,4211,53638.65,2552691.98,2017,10
Central Maine Power,Maine,Kennebec,Fayette,934,1363,6618.75,672530.65,2020,9
Central Maine Power,Maine,Kennebec,Rome,1112,3876,64228.61,800892.77,2020,4
Versant Power,Maine,Unknown,Merrill,727,1566,4902.36,502013.09,2016,12
Versant Power,Maine,Penobscot,Seboeis Plt,52,57,129.48,37440.0,2018,6
Versant Power,Maine,Penobscot,Grindstone Twp,50,51,78.3,37200.0,2022,7
Versant Power,Maine,Penobscot,Newburgh,775,1034,8798.67,576911.27,2022,12
Central Maine Power,Maine,Sagadahoc,Phippsburg,2099,2186,15303.64,1561927.46,2022,10
Versant Power,Maine,Piscataquis,Dover-foxcroft,17,24,65.72,12648.0,2021,5
Central Maine Power,Maine,Somerset,Rockwood Strip T1r1,10,80,215.02,7200.0,2018,11
Versant Power,Maine,Aroostook,Mars Hill,818,910,2754.85,588959.99,2019,11
Eastern Maine Power Cooperative,Maine,Aroostook,Monticello,67,70,46.55,50482.79,2022,7
Central Maine Power,Maine,Waldo,Troy,517,1508,16553.33,384652.66,2017,10
Versant Power,Maine,Hancock,Brooklin,909,1870,6987.85,676588.14,2021,10
Central Maine Power,Maine,Piscataquis,Big Squaw,70,235,1945.34,52080.0,2020,12
Versant Power,Maine,Unknown,Ta R7 Wels,15,434,10416.0,11160.0,2018,1
Central Maine Power,Maine,Piscataquis,Sebec,17,34,152.82,12648.0,2018,10
Central Maine Power,Maine,Oxford,Lower Cupsuptic,7,14,16.34,5208.0,2019,12
Versant Power,Maine,Aroostook,Westfield,259,362,1590.27,193123.88,2020,12
Central Maine Power,Maine,Oxford,Hanover,296,343,1017.53,220845.48,2022,8
Versant Power,Maine,Aroostook,Merrill,75,105,563.98,50287.48,2023,2
Central Maine Power,Maine,Franklin,Davis,34,41,137.1,25296.0,2020,10
Central Maine Power,Maine,Franklin,Phillips,692,742,1566.27,515503.02,2019,12
Central Maine Power,Maine,York,Kennebunk,1690,4766,53401.96,1257508.12,2023,1
Versant Power,Maine,Penobscot,Greenbush,731,1626,27731.01,526570.68,2020,4
Versant Power,Maine,Aroostook,Wallagrass,372,744,511.96,277199.35,2022,10
Central Maine Power,Maine,Penobscot,Dixmont,529,1340,13050.19,393576.0,2022,12
Central Maine Power,Maine,Lincoln,Dresden,950,3256,47987.52,684578.97,2020,4
Central Maine Power,Maine,Oxford,Magalloway Plantation,76,78,131.93,56544.0,2022,8
Central Maine Power,Maine,Somerset,Tomhegan,183,509,1412.75,136152.0,2020,8
Versant Power,Maine,Penobscot,Lincoln,1421,1629,13909.48,1023119.96,2017,11
Versant Power,Maine,Aroostook,New Canada,167,345,562.59,124248.0,2020,10
Versant Power,Maine,Hancock,Deer Isle,1827,2083,4481.93,1359829.91,2018,12
Central Maine Power,Maine,Somerset,Dennistown Plantation,24,48,56.0,17856.0,2020,10
Central Maine Power,Maine,Oxford,Bridgton,33,56,351.17,23760.0,2021,9
Versant Power,Maine,Hancock,Eastbrook,500,987,4425.65,372000.0,2019,1
Central Maine Power,Maine,Cumberland,Westbrook,9808,13099,164361.54,7297691.65,2019,10
Eastern Maine Power Cooperative,Maine,Washington,Topsfield,24,29,96.44,18432.46,2021,12
Central Maine Power,Maine,York,Acton,2459,2711,5281.07,1829839.78,2021,8
Versant Power,Maine,Aroostook,Fort Kent,2393,2405,5464.16,1780391.99,2017,10
Versant Power,Maine,Penobscot,Bangor,10632,15077,247157.89,7655038.6,2017,11
Central Maine Power,Maine,Oxford,Byron,105,106,61.36,78724.5,2019,5
Eastern Maine Power Cooperative,Maine,Aroostook,Orient,437,974,4184.29,325128.0,2022,12
Versant Power,Maine,Aroostook,Fort Fairfield,22,75,55.83,15827.5,2017,8
Eastern Maine Power Cooperative,Maine,Washington,Unknown,3372,8221,21567.37,2428703.81,2018,11
Central Maine Power,Maine,Sagadahoc,Woolwich,1712,4513,63352.54,1233295.55,2020,4
Central Maine Power,Maine,Lincoln,Somerville,334,1892,29726.75,240665.48,2017,11
Versant Power,Maine,Aroostook,Westmanland,117,137,887.31,87048.0,2018,8
Versant Power,Maine,Hancock,Amherst,167,322,939.56,120345.15,2022,11
Versant Power,Maine,Aroostook,Littleton,408,460,2853.86,293786.05,2020,4
Eastern Maine Power Cooperative,Maine,Washington,Calais,2967,3919,1154.69,2136599.26,2022,9
Central Maine Power,Maine,Piscataquis,Harfords Point,143,496,1568.57,102960.0,2018,11
Versant Power,Maine,Hancock,Amherst,167,333,602.68,112224.0,2019,2
Central Maine Power,Maine,Kennebec,Monmouth,2352,4178,56128.5,1693828.8,2020,4
Central Maine Power,Maine,Androscoggin,Durham,1872,2221,2794.7,1348259.13,2022,11
Central Maine Power,Maine,Cumberland,Standish,5265,5959,78988.15,3917480.75,2020,12
Central Maine Power,Maine,Waldo,Thorndike,423,858,9656.72,315112.85,2022,12
Central Maine Power,Maine,Penobscot,Glenburn,193,734,7024.11,144331.33,2017,10
Central Maine Power,Maine,Penobscot,Garland,63,159,2440.56,46872.0,2020,12
Versant Power,Maine,Piscataquis,Grand Falls Twp,16,32,0.0,11474.76,2023,6
Versant Power,Maine,Hancock,Ellsworth,5845,9177,89193.13,4348724.02,2022,12
Versant Power,Maine,Washington,Perry,407,408,609.44,302808.0,2021,10
Central Maine Power,Maine,Lincoln,FRIENDSHIP,1,2,12.33,744.0,2022,10
Versant Power,Maine,Hancock,Islesford,188,900,20375.33,135360.0,2017,11
Central Maine Power,Maine,Waldo,Waldo,427,435,693.39,307440.0,2022,9
Central Maine Power,Maine,Oxford,Lower Cupsuptic,8,16,24.02,5760.0,2019,4
Central Maine Power,Maine,Franklin,Phillips,691,1314,9704.31,481178.65,2020,2
Central Maine Power,Maine,Androscoggin,Poland,3201,5260,70865.02,2304719.93,2017,11
Versant Power,Maine,Hancock,Hancock County Island,1,2,27.21,555.75,2023,9
Versant Power,Maine,Hancock,Lamoine,1217,1405,2557.88,905912.75,2023,1
Versant Power,Maine,Penobscot,T3 Indian Purchase Twp,149,319,373.62,110856.0,2021,8
Versant Power,Maine,Penobscot,Glenburn,2048,5617,82287.43,1475114.48,2020,4
Versant Power,Maine,Penobscot,Burlington,257,340,828.78,185354.09,2022,4
Versant Power,Maine,Unknown,T4 Indian Purchase Twp,240,524,1712.84,172800.0,2018,9
Central Maine Power,Maine,Somerset,Long Pond,94,188,159.38,69936.0,2018,1
Versant Power,Maine,Unknown,T4 Indian Purchase Twp,418,1130,2077.87,103102.56,2016,11
Versant Power,Maine,Penobscot,Hampden,11,33,34.14,8150.83,2017,8
Central Maine Power,Maine,Oxford,Byron,108,240,2323.26,77760.0,2020,4
Versant Power,Maine,Unknown,Lakeview Plantation,3195,9427,3103.62,2246563.0,2017,6
Versant Power,Maine,Penobscot,Dexter,43,86,1799.64,31992.0,2022,12
Versant Power,Maine,Aroostook,Van Buren,3,93,2232.0,2232.0,2018,1
Versant Power,Maine,Penobscot,Orrington,87,146,134.94,39695.83,2017,8
Central Maine Power,Maine,Somerset,Madison,1222,2109,15910.52,655840.0,2023,9
Versant Power,Maine,Aroostook,Portage Lake,537,554,241.93,399996.59,2021,7
Versant Power,Maine,Penobscot,Grindstone Twp,50,197,918.64,25074.51,2020,4
Versant Power,Maine,Piscataquis,Bowerbank,339,1035,16259.73,244080.0,2017,11
Versant Power,Maine,Aroostook,T9 R3 Wels,21,42,115.46,15624.0,2022,7
Versant Power,Maine,Hancock,Otis,830,958,8868.8,597599.98,2019,11
Versant Power,Maine,Aroostook,Saint John Plt,165,329,0.0,122313.26,2023,5
Central Maine Power,Maine,Hancock,Bucksport,2684,4044,7253.38,1933105.81,2020,9
Central Maine Power,Maine,Cumberland,Freeport,4915,5076,87301.23,3656960.88,2020,8
Versant Power,Maine,Aroostook,Ashland,863,1404,13752.66,642081.07,2022,12
Versant Power,Maine,Aroostook,Caribou,70,423,436.23,49132.0,2017,8
Eastern Maine Power Cooperative,Maine,Aroostook,Hodgdon,34,47,131.59,25337.24,2021,12
Central Maine Power,Maine,Oxford,Hartford,737,2157,37041.66,531120.12,2020,4
Central Maine Power,Maine,Oxford,Byron,103,191,484.65,76632.0,2018,10
Central Maine Power,Maine,Somerset,Rockwood Strip T2r1,46,92,176.45,34224.0,2019,8
Central Maine Power,Maine,Franklin,Salem,183,1261,9336.3,131760.0,2018,11
Central Maine Power,Maine,Somerset,Moose River,206,458,4380.08,148974.85,2018,11
Versant Power,Maine,Hancock,Stonington,1182,1523,301.71,879702.31,2022,10
Versant Power,Maine,Aroostook,Bridgewater,10,56,338.69,7644.0,2017,9
Versant Power,Maine,Aroostook,Van Buren,3,15,333.53,2232.0,2018,5
Central Maine Power,Maine,Lincoln,Westport,611,1434,23390.84,455163.33,2017,10
Central Maine Power,Maine,Somerset,Dennistown Plantation,22,88,131.52,15927.35,2019,9
Central Maine Power,Maine,Somerset,Jackman,777,1556,857.22,578623.66,2020,5
Versant Power,Maine,Unknown,T28 Md,8,16,230.67,5952.0,2019,10
Versant Power,Maine,Unknown,Atkinson,24824,25385,73629.76,17873278.77,2017,6
Central Maine Power,Maine,York,Sanford,10845,11448,31809.91,8069346.58,2019,7
Versant Power,Maine,Unknown,Great Pond,4877,40808,171438.0,3353595.39,2016,12
Versant Power,Maine,Hancock,Little Deer Isle,89,127,1585.2,64726.49,2018,11
Versant Power,Maine,Penobscot,Exeter,520,1515,19408.63,387311.31,2022,12
Central Maine Power,Maine,Cumberland,New Gloucester,2997,3464,3342.97,2230101.08,2022,8
Central Maine Power,Maine,Kennebec,Bowdoin,2,10,145.99,1488.0,2022,12
Central Maine Power,Maine,Sagadahoc,West Bath,1336,2909,38708.07,994518.13,2019,10
Central Maine Power,Maine,Somerset,Tomhegan,238,239,237.74,177072.0,2022,5
Versant Power,Maine,Penobscot,Holden,1821,2213,2892.46,1355398.89,2021,10
Central Maine Power,Maine,Somerset,Brassua,1,2,3.83,744.0,2019,1
Central Maine Power,Maine,Kennebec,Vienna,450,572,330.66,303014.19,2019,2
Central Maine Power,Maine,Somerset,TAUNTON   RAYNHAM ACADEMY GRANT,608,1238,1846.11,453032.14,2022,8
Versant Power,Maine,Penobscot,Woodville,120,171,886.07,86944.3,2019,4
Versant Power,Maine,Unknown,Woodville,5810,14415,82564.59,4173668.1,2017,6
Central Maine Power,Maine,Piscataquis,Elliottsville,96,98,10.15,71870.69,2020,10
Versant Power,Maine,Hancock,Sullivan,943,2085,21610.4,702038.36,2022,12
Versant Power,Maine,Washington,Jonesboro,373,387,1024.16,251254.21,2019,2
Eastern Maine Power Cooperative,Maine,Washington,Talmadge,15,25,57.82,11094.86,2022,12
Central Maine Power,Maine,Piscataquis,Guilford,931,2173,34317.17,670405.92,2020,4
Central Maine Power,Maine,Kennebec,Windsor,1320,3372,49997.83,950614.44,2020,4
Central Maine Power,Maine,Franklin,Temple,340,355,1330.26,245375.67,2019,9
Central Maine Power,Maine,Piscataquis,Bowerbank,29,30,29.98,19556.65,2019,2
Central Maine Power,Maine,Lincoln,South Bristol,1168,3446,4198.25,869085.64,2020,10
Versant Power,Maine,Unknown,"T15, R5, 6,8,9",11,22,14.68,7920.0,2018,9
Central Maine Power,Maine,Waldo,Monroe,559,789,963.83,402480.0,2023,4
Versant Power,Maine,Washington,Devereaux Twp,27,55,46.11,20723.98,2020,7
Central Maine Power,Maine,Somerset,Misery Gore,10,50,211.25,7200.0,2019,4
Central Maine Power,Maine,York,Buxton,3906,9412,149359.53,2812319.87,2017,11
Eastern Maine Power Cooperative,Maine,Washington,Topsfield,26,27,31.57,19618.65,2020,3
Versant Power,Maine,Unknown,Township 8,61,1891,45384.0,45384.0,2018,3
Central Maine Power,Maine,Oxford,Hiram,1085,3152,44572.0,807964.71,2022,12
Central Maine Power,Maine,Oxford,Lincoln Plantation,88,182,140.24,65472.0,2020,5
Central Maine Power,Maine,Oxford,Brownfield,1052,1675,9810.42,783243.14,2018,10
Central Maine Power,Maine,Androscoggin,Durham,1857,1917,2294.1,1382109.48,2020,7
Versant Power,Maine,Piscataquis,Brownville,534,1310,11657.16,397978.33,2017,10
Versant Power,Maine,Penobscot,Winn,234,235,673.46,168489.13,2020,9
Versant Power,Maine,Aroostook,T11 R4 Wels,128,130,261.94,95232.0,2020,8
Central Maine Power,Maine,Androscoggin,Freeport,1,2,1.33,744.0,2021,10
Central Maine Power,Maine,Somerset,Caratunk Plantation,180,352,680.47,133920.0,2021,8
Central Maine Power,Maine,Oxford,Porter,932,1171,2596.02,671261.98,2020,11
Versant Power,Maine,Hancock,Aurora,5,17,60.67,3140.33,2017,8
Versant Power,Maine,Aroostook,Grand Isle,294,808,687.5,218792.64,2022,8
Versant Power,Maine,Unknown,Lamoine,15,43,106.33,11074.67,2017,9
Central Maine Power,Maine,Oxford,Sweden,387,1494,11728.61,278862.67,2018,11
Central Maine Power,Maine,Kennebec,West Gardiner,1819,3753,61649.99,1353756.81,2017,10
Versant Power,Maine,Washington,Harrington,188,238,688.87,139541.93,2018,3
Versant Power,Maine,Penobscot,Howland,669,973,5121.52,498091.98,2020,10
Central Maine Power,Maine,Penobscot,Plymouth,713,1142,12735.65,531108.87,2020,12
Versant Power,Maine,Unknown,Dover-foxcroft,11,20,51.1,8184.0,2019,1
Versant Power,Maine,Aroostook,Woodland,415,1147,13891.04,299311.65,2019,11
Central Maine Power,Maine,Oxford,Stoneham,353,730,2635.02,263283.79,2021,5
Central Maine Power,Maine,Sagadahoc,Woolwich,1709,1772,5122.78,1271578.76,2020,3
Central Maine Power,Maine,Piscataquis,Little Squaw,139,157,170.22,103416.0,2021,12
Central Maine Power,Maine,Sagadahoc,Woolwich,1652,7055,117040.63,1189439.91,2017,11
Central Maine Power,Maine,Franklin,Weld,610,1552,19953.45,453996.7,2019,10
Versant Power,Maine,Unknown,Great Cranberry Island,192,378,4756.71,142848.0,2018,3
Central Maine Power,Maine,York,Cornish,938,1068,1422.02,697872.0,2022,5
Versant Power,Maine,Penobscot,Dedham,874,1688,35265.94,629279.98,2017,11
Central Maine Power,Maine,Penobscot,Newport,2119,2194,2966.55,1526083.31,2018,6
Versant Power,Maine,Hancock,Tremont,234,280,1486.38,174096.0,2018,3
Eastern Maine Power Cooperative,Maine,Washington,Perry,300,574,815.23,216000.0,2022,11
Versant Power,Maine,Aroostook,Oxbow North Twp,73,146,354.98,49056.0,2022,2
Central Maine Power,Maine,Kennebec,Manchester,1508,3030,46923.5,1122688.99,2017,10
Central Maine Power,Maine,York,Gorham,30,76,1297.6,22858.39,2022,12
Eastern Maine Power Cooperative,Maine,Washington,Perry,103,285,334.36,73082.27,2021,11
Central Maine Power,Maine,Oxford,Upton,182,366,376.42,136104.99,2020,8
Central Maine Power,Maine,Piscataquis,Lily Bay,113,337,4706.33,84072.0,2017,10
Versant Power,Maine,Hancock,T9 Sd Bpp,17,45,708.14,12648.0,2020,12
Central Maine Power,Maine,Piscataquis,Lily Bay,113,242,374.28,84072.0,2018,10
Central Maine Power,Maine,Somerset,Moscow,397,960,1582.12,295368.0,2020,10
Eastern Maine Power Cooperative,Maine,Washington,Charlotte,1257,1267,2.06,900297.66,2023,8
Central Maine Power,Maine,Oxford,Andover,672,796,1971.91,500629.32,2021,12
Central Maine Power,Maine,Franklin,Freeman,243,757,5888.38,180825.52,2021,3
Central Maine Power,Maine,Cumberland,Pownal,796,1691,12744.29,573626.65,2020,4
Versant Power,Maine,Piscataquis,Barnard Twp,39,156,314.26,28080.0,2019,11
Central Maine Power,Maine,Knox,Appleton,762,941,1422.64,567256.95,2021,10
Central Maine Power,Maine,Somerset,Long Pond,94,179,642.15,69936.0,2018,5
Central Maine Power,Maine,Kennebec,Albion,1091,1183,760.09,812014.01,2019,12
Central Maine Power,Maine,Franklin,Stetsontown,72,362,849.71,53568.0,2021,12
Versant Power,Maine,Aroostook,Benedicta,188,475,1248.5,139872.0,2017,10
Versant Power,Maine,Piscataquis,Long A Twp,58,119,1181.55,43152.0,2022,12
Versant Power,Maine,Unknown,T7 Sd,10,20,91.69,7440.0,2018,3
Central Maine Power,Maine,Cumberland,Gray,5017,7454,11250.17,3733275.88,2023,3
Eastern Maine Power Cooperative,Maine,Washington,Grand Lake Stream,514,770,1281.62,368591.65,2021,11
Central Maine Power,Maine,Waldo,Islesboro,996,1568,16689.15,741765.93,2020,12
Versant Power,Maine,Washington,Roque Bluffs,293,552,1804.84,218154.6,2021,12
Versant Power,Maine,Penobscot,Passadumkeag,230,286,2434.02,129201.69,2023,9
Versant Power,Maine,Unknown,T22 Md,28,30,50.61,20832.0,2018,12
Versant Power,Maine,Penobscot,Seboeis Plt,57,168,505.9,42408.0,2020,7
Eastern Maine Power Cooperative,Maine,Washington,Pembroke,41,90,489.27,23364.04,2023,9
Central Maine Power,Maine,Sagadahoc,Bowdoinham,1644,2425,5929.35,1223209.55,2021,10
Central Maine Power,Maine,Oxford,Lower Cupsuptic,7,14,74.67,4872.0,2020,2
Central Maine Power,Maine,Penobscot,Dixmont,503,720,1814.66,374232.0,2018,7
Central Maine Power,Maine,Oxford,Waterford,1448,1673,8147.74,1042559.98,2017,11
Central Maine Power,Maine,Somerset,Moose River,207,516,1587.83,154286.67,2018,10
Central Maine Power,Maine,Somerset,Highland Plantation,44,85,1576.83,33477.67,2017,10
Central Maine Power,Maine,Waldo,Palermo,1035,1100,8699.44,745265.26,2020,9
Central Maine Power,Maine,Somerset,Mercer,463,640,3171.5,333987.16,2020,9
Central Maine Power,Maine,Oxford,Buckfield,1119,3131,44890.55,832860.9,2022,12
Central Maine Power,Maine,York,Lebanon,3264,4484,7372.96,2193417.74,2021,2
Central Maine Power,Maine,Piscataquis,Big Squaw,69,70,93.43,51467.49,2020,1
Central Maine Power,Maine,Franklin,Rangeley Plantation,571,576,445.69,425474.62,2022,1
Central Maine Power,Maine,Kennebec,Winthrop,3762,9252,136283.82,2799429.55,2017,10
Central Maine Power,Maine,Cumberland,Gorham,7137,12702,159918.96,5314179.08,2017,10
Central Maine Power,Maine,Piscataquis,Big Squaw,70,140,221.69,52080.0,2020,5
Central Maine Power,Maine,Androscoggin,Minot,1264,2433,4894.91,910414.86,2021,9
Central Maine Power,Maine,Somerset,Sapling,24,63,100.4,17856.0,2022,10
Central Maine Power,Maine,Waldo,Islesboro,1004,1022,2782.82,674941.48,2022,2
Central Maine Power,Maine,Oxford,Magalloway Plantation,74,296,0.0,53750.13,2023,5
Versant Power,Maine,Penobscot,Bradford,642,717,403.82,477648.0,2023,3
Central Maine Power,Maine,Lincoln,Edgecomb,937,1150,1515.47,697445.49,2018,1
Central Maine Power,Maine,Lincoln,Boothbay,2815,5555,46648.91,2027418.27,2018,9
Versant Power,Maine,Washington,Pembroke,539,550,1031.12,401457.18,2022,10
Versant Power,Maine,Unknown,"T17, R3, 12",3913,12140,35263.17,2859044.17,2016,12
Eastern Maine Power Cooperative,Maine,Aroostook,Crystal,1026,1043,930.56,739003.58,2022,9
Versant Power,Maine,Penobscot,Stacyville,148,202,54.96,110112.0,2018,8
Versant Power,Maine,Washington,Roque Bluffs,294,1171,7240.12,218932.8,2022,12
Eastern Maine Power Cooperative,Maine,Washington,Cathance Township,183,214,546.01,35681.93,2023,9
Central Maine Power,Maine,York,Limerick,1863,4977,46810.3,1386614.72,2020,8
Versant Power,Maine,Hancock,Brooksville,1020,4087,54904.88,758974.08,2022,12
Central Maine Power,Maine,Somerset,Caratunk Plantation,172,247,1011.38,123840.0,2018,6
Central Maine Power,Maine,Franklin,Rangeley Plantation,591,1073,1673.96,425630.96,2022,11
Central Maine Power,Maine,Somerset,TAUNTON   RAYNHAM ACADEMY GRANT,601,654,1021.85,432810.86,2021,11
Central Maine Power,Maine,Knox,Warren,2208,2581,33923.09,1642902.69,2017,10
Central Maine Power,Maine,Sagadahoc,Georgetown,1202,2558,12916.16,894662.97,2020,3
Central Maine Power,Maine,Somerset,East Moxie,6,18,196.03,4320.0,2018,11
Central Maine Power,Maine,Waldo,Palermo,1038,2523,24707.42,772816.09,2020,12
Versant Power,Maine,Aroostook,New Sweden,345,764,4588.16,248427.45,2018,11
Versant Power,Maine,Unknown,Larrabee,15,34,39.63,10902.83,2020,2
Central Maine Power,Maine,Kennebec,Sidney,2358,4902,73696.91,1697974.7,2020,4
Central Maine Power,Maine,Somerset,Jackman,781,915,1430.31,581519.28,2020,12
Central Maine Power,Maine,Somerset,Attean,1,2,17.82,720.0,2019,11
Versant Power,Maine,Unknown,Somes Sound,63,64,0.0,47249.66,2018,8
Versant Power,Maine,Penobscot,T4 Indian Purchase Twp,256,739,3725.05,172032.0,2022,2
Central Maine Power,Maine,Franklin,Alder Stream,12,24,181.96,8640.0,2020,4
Versant Power,Maine,Piscataquis,Ebeemee Twp,182,192,456.85,135593.36,2020,10
Eastern Maine Power Cooperative,Maine,Washington,Danforth,3486,10478,75325.06,2597633.22,2023,5
Central Maine Power,Maine,Somerset,Cornville,670,1201,8916.62,498652.83,2018,10
Central Maine Power,Maine,Franklin,Avon,311,331,1245.44,231384.0,2018,5
Central Maine Power,Maine,Cumberland,Harpswell,4671,5309,33961.8,3363096.16,2020,11
Central Maine Power,Maine,Franklin,Stetsontown,72,149,372.53,53568.0,2021,3
Central Maine Power,Maine,Somerset,Madison,1158,1307,807.25,834183.15,2018,6
Central Maine Power,Maine,Sagadahoc,Woolwich,1725,3328,40469.08,1283907.88,2020,12
Versant Power,Maine,Hancock,Stonington,2,8,23.0,1834.67,2017,8
Central Maine Power,Maine,Cumberland,New Gloucester,2931,7342,11217.85,2110319.92,2020,11
Central Maine Power,Maine,Piscataquis,Elliottsville,94,282,409.34,69936.0,2020,5
Central Maine Power,Maine,Somerset,Madison,1154,3381,40749.34,830879.98,2017,11
Central Maine Power,Maine,Somerset,Dennistown Plantation,22,24,3.33,16368.0,2019,10
Versant Power,Maine,Washington,Perry,457,691,888.39,340008.0,2018,12
Versant Power,Maine,Piscataquis,Orneville Twp,266,285,213.09,191520.0,2019,6
Central Maine Power,Maine,Piscataquis,Willimantic,284,340,4918.73,211493.14,2022,12
Versant Power,Maine,Washington,Jonesboro,319,385,371.59,242340.34,2018,1
Versant Power,Maine,Hancock,Otis,815,2269,19467.61,458164.61,2023,9
Versant Power,Maine,Aroostook,T9 R5 Wels,2,4,10.01,1488.0,2021,12
Eastern Maine Power Cooperative,Maine,Aroostook,Macwahoc,6,8,39.86,5061.8,2021,12
Central Maine Power,Maine,Oxford,Lower Cupsuptic,12,24,194.24,8640.0,2023,4
Central Maine Power,Maine,Piscataquis,Shirley,217,422,5737.83,161448.0,2017,10
Versant Power,Maine,Washington,Trescott Twp,218,233,886.52,156960.0,2020,11
Versant Power,Maine,Aroostook,New Sweden,326,828,1336.91,242544.0,2022,7
Eastern Maine Power Cooperative,Maine,Aroostook,Amity,169,594,524.87,119877.83,2022,9
Versant Power,Maine,Hancock,Mariaville,405,786,1477.4,272160.0,2019,2
Central Maine Power,Maine,Kennebec,Fayette,917,1256,2593.36,682314.47,2018,7
Central Maine Power,Maine,Lincoln,Newcastle,1274,2134,16574.15,948045.31,2019,10
Versant Power,Maine,Hancock,Swans Island,507,1249,16292.71,377267.94,2019,10
Central Maine Power,Maine,Kennebec,China,2668,3141,32765.23,1985108.07,2020,10
Central Maine Power,Maine,Somerset,Dennistown Plantation,24,26,56.41,17944.96,2020,12
Central Maine Power,Maine,Somerset,Jackman,781,1070,288.66,581189.56,2018,7
Central Maine Power,Maine,Somerset,Long Pond,94,96,423.83,70189.84,2020,1
Versant Power,Maine,Penobscot,Burlington,260,593,2970.48,142617.1,2023,9
Versant Power,Maine,Aroostook,Smyrna,88,89,59.28,59238.98,2021,2
Central Maine Power,Maine,Oxford,Andover,684,727,790.74,492990.09,2023,4
Central Maine Power,Maine,Androscoggin,Livermore,1289,1304,5105.48,928758.63,2020,9
Central Maine Power,Maine,Kennebec,Rome,1126,1428,6416.91,837871.26,2020,8
Versant Power,Maine,Hancock,Waltham,203,408,507.3,146160.0,2018,6
Versant Power,Maine,Aroostook,T16 R6 Wels,1,2,2.15,744.0,2021,7
Versant Power,Maine,Unknown,Grand Falls Plt,16,155,3720.0,11904.0,2018,1
Versant Power,Maine,Hancock,Mariaville,443,768,2281.35,318960.0,2022,11
Central Maine Power,Maine,Piscataquis,Bowerbank,32,33,0.0,18581.8,2023,9
Versant Power,Maine,Unknown,T17 R5,5084,9451,35415.16,3697353.0,2016,12
Central Maine Power,Maine,Androscoggin,Sabattus,2361,4123,52295.58,1757539.61,2017,10
Central Maine Power,Maine,Lincoln,Edgecomb,953,1141,15699.27,686493.77,2019,11
Central Maine Power,Maine,Piscataquis,Bowerbank,29,58,560.68,21948.34,2018,10
Central Maine Power,Maine,Penobscot,Newburgh,63,114,1660.83,47322.33,2017,12
Versant Power,Maine,Hancock,T10 Sd Bpp,65,132,1480.67,32596.87,2020,4
Central Maine Power,Maine,Somerset,Highland Plantation,50,150,2338.4,36000.0,2020,4
Central Maine Power,Maine,Oxford,Milton,73,171,1565.14,54312.0,2019,1
Central Maine Power,Maine,Kennebec,Vienna,444,673,2573.03,330857.66,2018,1
Central Maine Power,Maine,Waldo,Belmont,512,1020,13083.67,381669.67,2017,10
Central Maine Power,Maine,Lincoln,Somerville,355,376,701.16,264120.0,2022,8
Versant Power,Maine,Piscataquis,Bowerbank,343,715,671.51,255850.0,2020,7
Central Maine Power,Maine,Oxford,Sumner,567,733,4482.89,422438.37,2018,5
Central Maine Power,Maine,Penobscot,Glenburn,195,251,613.43,140400.0,2018,9
Versant Power,Maine,Penobscot,Bradford,622,744,2514.34,463288.62,2020,10
Central Maine Power,Maine,Oxford,Hartford,707,719,8746.5,526502.66,2017,10
Versant Power,Maine,Aroostook,T16 R5 Wels,31,66,1.03,22946.18,2023,7
Versant Power,Maine,Unknown,T1 R9 Wels,302,1012,6464.97,217388.0,2017,11
Central Maine Power,Maine,Waldo,Montville,604,3091,54701.62,435126.97,2020,4
Central Maine Power,Maine,Androscoggin,Fryeburg,1,2,2.5,218.15,2020,12
Versant Power,Maine,Washington,Whiting,403,545,2633.37,289857.56,2020,4
Central Maine Power,Maine,York,Newfield,1311,1373,1836.38,944065.69,2022,4
Versant Power,Maine,Aroostook,Westmanland,121,122,103.95,81611.45,2023,2
Versant Power,Maine,Unknown,Grand Falls Plt,16,155,3720.0,11904.0,2017,12
Versant Power,Maine,Washington,Steuben,70,74,109.5,50427.5,2017,9
Eastern Maine Power Cooperative,Maine,Aroostook,Reed,178,192,127.31,130596.61,2021,12
Eastern Maine Power Cooperative,Maine,Washington,Danforth,3484,3521,2928.73,2592380.94,2022,8
Versant Power,Maine,Hancock,Sorrento,349,368,2462.72,259656.0,2023,1
Versant Power,Maine,Piscataquis,Barnard Twp,38,76,686.62,27360.0,2018,11
Versant Power,Maine,Penobscot,Winn,232,294,202.34,173291.66,2020,5
Central Maine Power,Maine,Lincoln,Hibberts Gore,1,2,3.83,744.0,2018,5
Versant Power,Maine,Penobscot,Lincoln,1861,2066,7592.37,1384583.96,2019,10
Central Maine Power,Maine,Piscataquis,Bowerbank,29,899,21576.0,21576.0,2018,1
Versant Power,Maine,Unknown,Hancock Point,3372,23480,107233.27,1163422.22,2016,12
Central Maine Power,Maine,Kennebec,WALES,3,5,29.32,2232.0,2022,10
Versant Power,Maine,Aroostook,Ludlow,16,352,8101.33,8101.33,2017,10
Versant Power,Maine,Aroostook,Connor Twp,231,284,652.64,172385.33,2020,12
Central Maine Power,Maine,Somerset,Detroit,494,596,2739.36,368068.6,2022,12
Central Maine Power,Maine,Waldo,Albion,4,12,83.99,2971.99,2022,12
Versant Power,Maine,Unknown,Oxbow Plantation,71,186,4464.0,52824.0,2017,12
Central Maine Power,Maine,Franklin,Industry,574,892,12135.72,413778.16,2018,11
Versant Power,Maine,Washington,Northfield,211,212,2087.77,152629.99,2019,11
Central Maine Power,Maine,Penobscot,Stetson,708,1530,20574.55,527390.47,2020,12
Central Maine Power,Maine,York,Newfield,1233,2765,50897.82,917354.33,2017,10
Central Maine Power,Maine,Oxford,Magalloway Plantation,72,325,1997.32,51848.0,2017,11
Versant Power,Maine,Penobscot,Lagrange,32,43,123.16,21898.67,2017,8
Versant Power,Maine,Hancock,Sedgwick,773,1309,15276.66,575111.97,2019,10
Central Maine Power,Maine,Penobscot,Exeter,29,30,54.22,20880.0,2021,9
Central Maine Power,Maine,Piscataquis,Cove Point,7,14,22.17,5208.0,2020,5
Central Maine Power,Maine,Piscataquis,Kineo,35,70,93.22,26040.0,2022,8
Versant Power,Maine,Unknown,Grand Falls Twp,14,34,226.95,10526.0,2017,10
Central Maine Power,Maine,Penobscot,Carmel,1381,1446,4346.88,994617.81,2018,6
Central Maine Power,Maine,Franklin,Freeman,244,1131,13504.23,181886.01,2020,12
Versant Power,Maine,Penobscot,East Millinocket,921,969,1468.8,685630.82,2021,3
Versant Power,Maine,Hancock,Eastbrook,505,814,4847.89,376290.66,2020,12
Central Maine Power,Maine,Lincoln,Somerville,353,723,6619.51,262921.04,2020,12
Central Maine Power,Maine,Kennebec,China,2729,2800,4350.56,2030461.68,2023,3
Versant Power,Maine,Aroostook,T17 R3 Wels,138,274,434.79,99360.0,2022,9
Versant Power,Maine,Hancock,Mariaville,441,1255,4437.42,296676.94,2022,2
Central Maine Power,Maine,York,Acton,2526,2905,1795.06,1807290.07,2023,6
Central Maine Power,Maine,Cumberland,Harpswell,4747,4940,51930.28,3397369.36,2023,5
Central Maine Power,Maine,Penobscot,Exeter,28,124,2976.0,20832.0,2018,1
Central Maine Power,Maine,Somerset,Jackman,825,1413,5808.37,614362.61,2022,12
Central Maine Power,Maine,York,Limington,1899,3989,63676.66,1412984.98,2017,10
Versant Power,Maine,Washington,T30 Md Bpp,1,2,10.5,744.0,2021,3
Central Maine Power,Maine,Oxford,Lower Cupsuptic,8,216,4977.34,5952.0,2017,12
Central Maine Power,Maine,Oxford,Peru,1029,3261,30838.56,741171.28,2020,4
Central Maine Power,Maine,Somerset,Rockwood Strip T1r1,10,11,33.0,7267.16,2019,6
Central Maine Power,Maine,Lincoln,Bremen,685,990,7967.84,388168.17,2023,9
Central Maine Power,Maine,Penobscot,Kenduskeag,136,293,471.46,98641.81,2021,6
Versant Power,Maine,Penobscot,Woodville,128,218,329.17,85544.43,2023,2
Central Maine Power,Maine,Penobscot,Carmel,1427,2894,5481.46,1062373.38,2020,5
Central Maine Power,Maine,Somerset,Starks,314,328,996.91,233800.36,2020,10
Versant Power,Maine,Aroostook,Woodland,659,1556,8264.63,490851.96,2022,12
Central Maine Power,Maine,York,Lyman,2266,3283,7668.4,1631725.8,2018,11
Versant Power,Maine,Hancock,Great Pond,65,195,260.37,48360.0,2022,8
Central Maine Power,Maine,Waldo,Winterport,1511,6097,60242.32,1087919.97,2017,11
Central Maine Power,Maine,Lincoln,FRIENDSHIP,1,2,32.33,744.0,2022,12
Versant Power,Maine,Penobscot,Garland,492,1315,28916.66,354240.0,2017,11
Versant Power,Maine,Piscataquis,Bowerbank,339,536,3110.04,244482.65,2018,9
Central Maine Power,Maine,Franklin,Freeman,234,423,3599.22,174748.84,2018,10
Central Maine Power,Maine,Franklin,Rangeley,1898,3037,6131.76,1412543.8,2021,5
Central Maine Power,Maine,Oxford,Sumner,595,713,3216.55,336733.13,2023,9
Central Maine Power,Maine,Oxford,Magalloway Plantation,74,149,184.38,53606.38,2022,11
Versant Power,Maine,Aroostook,Oakfield,320,354,1053.38,238080.0,2018,10
Versant Power,Maine,Aroostook,Td R2 Wels,11,13,36.75,8721.43,2020,10
Central Maine Power,Maine,Lincoln,Edgecomb,994,3199,16295.15,555649.91,2023,9
Versant Power,Maine,Aroostook,Portage Lake,546,547,1548.2,406818.86,2022,7
Central Maine Power,Maine,Oxford,Adamstown,63,189,760.25,46872.0,2022,5
Versant Power,Maine,Aroostook,Stockholm,162,163,244.14,116969.16,2018,4
Central Maine Power,Maine,Oxford,Paris,3030,9906,145894.15,2254823.5,2022,12
Versant Power,Maine,Washington,Pleasant Point,349,424,1467.0,251825.66,2021,6
Central Maine Power,Maine,Oxford,Lincoln Plantation,88,264,1421.84,65472.0,2020,7
Central Maine Power,Maine,Piscataquis,Bowerbank,30,120,2222.85,22320.0,2020,12
Central Maine Power,Maine,Lincoln,South Bristol,1162,2133,3571.54,864620.15,2020,5
Central Maine Power,Maine,Waldo,Islesboro,1145,1182,2914.73,852036.0,2019,7
Central Maine Power,Maine,Kennebec,Readfield,1539,5042,73294.07,1108079.94,2017,11
Central Maine Power,Maine,Somerset,Rockwood Strip T1r1,11,22,127.42,8184.0,2023,3
Versant Power,Maine,Washington,Edmunds Twp,170,244,255.25,122400.0,2021,11
Central Maine Power,Maine,Somerset,Jackman,813,2724,9505.66,605562.82,2021,3
Versant Power,Maine,Washington,East Machias,912,1827,1518.02,657216.01,2020,6
Versant Power,Maine,Unknown,Nashville,3046,3076,6271.35,2223109.97,2016,12
Central Maine Power,Maine,Lincoln,Dresden,952,1156,13492.55,708604.16,2020,8
Central Maine Power,Maine,Somerset,Tomhegan,240,734,11112.45,178957.6,2022,12
Central Maine Power,Maine,Cumberland,Harrison,2137,9191,107267.82,1590256.7,2022,12
Central Maine Power,Maine,Penobscot,Kenduskeag,116,131,428.41,83792.82,2018,6
Central Maine Power,Maine,Kennebec,Readfield,1614,4151,48615.03,1200815.85,2022,12
Versant Power,Maine,Washington,Perry,402,804,632.25,289440.0,2020,6
Central Maine Power,Maine,Cumberland,Harpswell,4646,6481,5975.93,3345879.76,2019,6
Versant Power,Maine,Penobscot,Herseytown Twp,19,57,287.32,14136.0,2020,12
Central Maine Power,Maine,Cumberland,New Gloucester,2835,3025,6162.47,2041933.89,2018,11
Central Maine Power,Maine,Waldo,Searsport,1812,3359,4392.21,1348589.96,2019,10
Versant Power,Maine,Piscataquis,Lake View Plt,49,372,462.84,36028.17,2017,10
Central Maine Power,Maine,Oxford,Denmark,1272,1437,816.34,854856.98,2023,2
Versant Power,Maine,Unknown,"T17, R3, 12",765,1201,2247.01,550800.0,2018,11
Versant Power,Maine,Penobscot,Dexter,40,80,96.01,30286.35,2022,5
Central Maine Power,Maine,Somerset,Canaan,1209,1328,390.18,900008.75,2019,12
Central Maine Power,Maine,Sagadahoc,Phippsburg,2046,4332,5286.12,1473246.81,2020,6
Central Maine Power,Maine,Somerset,Long Pond,95,190,126.77,70680.0,2020,5
Versant Power,Maine,Unknown,Lakeview Plt,4863,35708,217572.89,3489663.75,2016,12
Versant Power,Maine,Aroostook,Washburn,844,1521,757.17,607680.0,2019,4
Versant Power,Maine,Aroostook,Hamlin,107,200,3438.25,79608.0,2022,12
Central Maine Power,Maine,Somerset,Johnson Mountain,7,13,98.34,5208.0,2017,10
Versant Power,Maine,Unknown,Deblois,1813,24824,181377.53,1234237.05,2016,12
Central Maine Power,Maine,Franklin,Lang,63,112,1132.77,46872.0,2020,7
Central Maine Power,Maine,Hancock,Orland,1561,1984,19896.12,1161910.45,2019,10
Versant Power,Maine,Aroostook,Dyer Brook,57,242,412.13,40767.43,2018,6
Versant Power,Maine,Hancock,Harborside,35,570,6892.33,27579.67,2017,10
Central Maine Power,Maine,Lincoln,Bremen,683,2339,33927.99,508151.99,2022,12
Central Maine Power,Maine,Oxford,Lower Cupsuptic,13,26,51.98,9672.0,2021,3
Central Maine Power,Maine,Oxford,Byron,103,198,461.34,77164.31,2019,1
Versant Power,Maine,Aroostook,Silver Ridge,47,1410,33840.0,33840.0,2018,4
Central Maine Power,Maine,Waldo,Palermo,1000,1247,2061.38,744552.82,2018,3
Central Maine Power,Maine,Oxford,Lincoln Plantation,85,87,144.55,63680.48,2022,10
Versant Power,Maine,Penobscot,Lowell,246,283,333.01,183024.0,2020,1
Central Maine Power,Maine,Oxford,Roxbury,455,557,2157.34,327992.16,2018,11
Versant Power,Maine,Unknown,Lakeview Plt,452,1293,4435.46,325503.83,2019,11
Central Maine Power,Maine,Oxford,Sumner,565,1154,5594.75,420360.0,2018,1
Central Maine Power,Maine,Sagadahoc,Georgetown,1228,1243,1281.95,913814.85,2022,3
Versant Power,Maine,Hancock,T22 Md Bpp,16,48,229.37,8023.84,2020,4
Central Maine Power,Maine,Somerset,Moose River,206,830,1510.24,153496.84,2017,12
Central Maine Power,Maine,Waldo,Burnham,753,910,2881.69,542680.9,2019,4
Central Maine Power,Maine,Cumberland,Raymond,3392,6095,94692.23,2497319.54,2017,10
Versant Power,Maine,Aroostook,Woodland,343,693,327.28,255835.15,2018,10
Central Maine Power,Maine,Androscoggin,Livermore Falls,1688,1749,0.18,1196265.47,2023,6
Versant Power,Maine,Hancock,Swans Island,499,1003,10236.23,359543.33,2017,9
Central Maine Power,Maine,Somerset,West Forks Plantation,115,162,2184.86,83502.99,2019,11
Versant Power,Maine,Hancock,Fletchers Landing Twp,23,72,71.94,17549.82,2020,3
Central Maine Power,Maine,Sagadahoc,Bowdoinham,1828,4188,29358.23,1363787.66,2020,12
Central Maine Power,Maine,Piscataquis,Bowerbank,29,59,67.89,21966.66,2018,5
Central Maine Power,Maine,Lincoln,Jefferson,1850,2773,38829.21,1376717.99,2020,12
Central Maine Power,Maine,Cumberland,Freeport,4701,10047,144731.86,3497560.17,2017,10
Versant Power,Maine,Penobscot,Newburgh,762,2621,17380.86,548639.99,2019,11
Central Maine Power,Maine,Somerset,Brassua,1,3,6.16,744.0,2018,10
Eastern Maine Power Cooperative,Maine,Washington,Talmadge,10,15,15.04,7286.5,2022,9
Versant Power,Maine,Hancock,Aurora,101,271,488.84,75359.53,2021,7
Versant Power,Maine,Washington,Machiasport,143,472,1161.34,107148.22,2017,10
Versant Power,Maine,Unknown,Otis,3,4,2.82,494.18,2016,11
Central Maine Power,Maine,Somerset,Long Pond,88,266,154.15,65673.16,2022,10
Versant Power,Maine,Washington,Milbridge,310,471,3445.61,230513.53,2018,3
Central Maine Power,Maine,Piscataquis,Bowerbank,30,210,2646.47,21606.51,2019,11
Versant Power,Maine,Aroostook,Monticello,348,368,332.5,198525.47,2022,12
Central Maine Power,Maine,Cumberland,Casco,2986,5304,101194.96,2221586.29,2017,10
Central Maine Power,Maine,Lincoln,Edgecomb,983,2209,3113.2,731396.74,2022,7
Versant Power,Maine,Unknown,Township 8,61,1586,37780.61,43920.0,2018,4
Versant Power,Maine,Washington,Eastport,1251,2486,2599.53,901294.04,2021,11
Central Maine Power,Maine,Sagadahoc,Bowdoinham,1825,2303,2065.79,1358007.49,2018,1
Central Maine Power,Maine,Somerset,Parlin Pond,26,52,60.66,19344.0,2020,10
Central Maine Power,Maine,Oxford,Wilton,5,10,30.14,3720.0,2022,12
Central Maine Power,Maine,York,Lyman,2217,3977,71699.82,1649172.64,2017,10
Versant Power,Maine,Unknown,Argyle Twp,22938,29619,289350.39,984700.05,2016,12
Central Maine Power,Maine,Oxford,Brownfield,1075,1267,12340.61,800338.3,2020,8
Eastern Maine Power Cooperative,Maine,Washington,Brookton,7,39,119.33,5464.91,2020,2
Versant Power,Maine,Aroostook,T9 R5 Wels,2,4,2.33,1488.0,2020,5
Central Maine Power,Maine,Somerset,Brassua,1,4,2.36,744.0,2018,5
Central Maine Power,Maine,Somerset,Pleasant Ridge Plantation,66,176,1060.73,49104.0,2022,10
Versant Power,Maine,Unknown,Devereaux Twp,26,52,346.82,18720.0,2019,11
Versant Power,Maine,Aroostook,Perham,122,1548,36136.36,90768.0,2017,12
Central Maine Power,Maine,Piscataquis,Shirley,215,300,638.69,155089.32,2020,4
Central Maine Power,Maine,Somerset,Lexington,159,187,127.85,118296.0,2020,10
Versant Power,Maine,Penobscot,Hudson,816,1454,3751.24,1175040.0,2018,6
Versant Power,Maine,Penobscot,Lee,602,1287,1163.42,433914.0,2022,4
Central Maine Power,Maine,Oxford,West Paris,981,1287,4435.64,659757.24,2022,2
Versant Power,Maine,Hancock,Franklin,1141,4600,45846.84,849572.92,2022,12
Versant Power,Maine,Penobscot,Passadumkeag,95,360,3701.96,68430.81,2019,11
Versant Power,Maine,Penobscot,Newburgh,741,3122,49534.0,533705.41,2020,4
Central Maine Power,Maine,Somerset,New Portland,648,1395,4214.95,482325.16,2018,8
Versant Power,Maine,Hancock,Brooklin,912,1582,3415.09,678527.99,2021,12
Versant Power,Maine,Unknown,T22 Md,28,868,20832.0,20832.0,2018,1
Central Maine Power,Maine,Oxford,Lincoln Plantation,85,263,1059.9,63240.0,2022,5
Central Maine Power,Maine,Piscataquis,Lily Bay,113,253,308.7,81575.34,2020,4
Central Maine Power,Maine,Oxford,Adamstown,63,316,778.04,46872.0,2021,12
Versant Power,Maine,Aroostook,Bridgewater,274,777,2643.87,201854.33,2017,10
Versant Power,Maine,Washington,Addison,21,173,833.57,15652.5,2017,10
Central Maine Power,Maine,Cumberland,Pownal,715,1710,28007.66,532701.67,2017,10
Central Maine Power,Maine,Piscataquis,Beaver Cove Plantation,264,265,175.34,196780.48,2019,3
Central Maine Power,Maine,York,York,10771,11125,150693.12,8014023.59,2022,12
Central Maine Power,Maine,Kennebec,Pittston,1417,3853,52968.16,1054252.65,2017,10
Central Maine Power,Maine,Lincoln,Bremen,661,2821,41632.85,475920.0,2017,11
Versant Power,Maine,Unknown,T 3 R 9 Nwp,0,1,0.0,137.51,2020,4
Versant Power,Maine,Unknown,"T1, R6, 7,8",5539,13304,30158.69,4000585.69,2017,6
Central Maine Power,Maine,Piscataquis,Big Squaw,62,219,2429.66,44640.0,2017,11
Central Maine Power,Maine,Franklin,Eustis,845,891,2649.38,608400.0,2017,11
Central Maine Power,Maine,Waldo,Swanville,877,2498,33688.66,652396.49,2017,10
Central Maine Power,Maine,Oxford,Milton,78,102,232.55,56171.96,2022,9
Versant Power,Maine,Aroostook,Connor,59,224,498.34,43848.5,2017,10
Central Maine Power,Maine,Somerset,Rockwood Strip T2r1,43,44,14.83,32119.66,2018,3
Versant Power,Maine,Piscataquis,Bowerbank,339,612,2805.01,252216.0,2018,3
Central Maine Power,Maine,Franklin,Avon,308,401,3227.39,214368.0,2020,2
Versant Power,Maine,Aroostook,Wallagrass,372,740,589.28,277288.38,2022,5
Central Maine Power,Maine,Franklin,Carthage,332,970,7559.79,239040.0,2018,11
Central Maine Power,Maine,Piscataquis,Sebec,17,27,216.8,12996.99,2019,10
Versant Power,Maine,Hancock,Cranberry Isles,419,538,3145.99,311736.0,2021,3
Central Maine Power,Maine,Kennebec,Randolph,978,1137,17575.69,727632.0,2020,12
